시군구,조각,유형,번호,이름,거리(m),반경안,집계기간,일수,일평균 승차,일평균 하차,일평균 승하차,평일 일평균 승하차,시간대 해상도,평일 최대시간대,평일 최대시간대 승하차,결합키,출처,비고
동구,계족로330번길,버스정류장,DJB8001996,성남네거리,109.1,N,2026-07-01~07-31,31,567.5,577.6,1145.2,1263.9,일(시간대 없음),,,정류장번호 숫자부 8001996,tportal.daejeon.go.kr 정류장승하차이용정보 API (2026-09-18 조회),
동구,계족로330번길,도시철도역사,104,대전,1227.2,N,2026-07-01~07-31,31,11948.8,11345.4,23294.2,23214.7,1시간,18-19시,2027.6,역번호 104→1104,공공데이터포털 15060591 (2026-07-31 갱신),
동구,계족로336번길,버스정류장,DJB8001996,성남네거리,126.5,N,2026-07-01~07-31,31,567.5,577.6,1145.2,1263.9,일(시간대 없음),,,정류장번호 숫자부 8001996,tportal.daejeon.go.kr 정류장승하차이용정보 API (2026-09-18 조회),
동구,계족로336번길,도시철도역사,104,대전,1269.6,N,2026-07-01~07-31,31,11948.8,11345.4,23294.2,23214.7,1시간,18-19시,2027.6,역번호 104→1104,공공데이터포털 15060591 (2026-07-31 갱신),
동구,동대전로110번길,버스정류장,DJB8002344,우송고등학교,117.9,N,2026-07-01~07-31,31,315.1,333.4,648.5,715.5,일(시간대 없음),,,정류장번호 숫자부 8002344,tportal.daejeon.go.kr 정류장승하차이용정보 API (2026-09-18 조회),
동구,동대전로110번길,도시철도역사,103,대동,334.9,N,2026-07-01~07-31,31,3804.5,3360.8,7165.4,7996.7,1시간,08-09시,1000.9,역번호 103→1103,공공데이터포털 15060591 (2026-07-31 갱신),
동구,역전시장길7,버스정류장,DJB8003054,대전역/역전시장,88.2,Y,2026-07-01~07-31,31,348.9,582.9,931.8,957.4,일(시간대 없음),,,정류장번호 숫자부 8003054,tportal.daejeon.go.kr 정류장승하차이용정보 API (2026-09-18 조회),
동구,역전시장길7,도시철도역사,104,대전,97.5,Y,2026-07-01~07-31,31,11948.8,11345.4,23294.2,23214.7,1시간,18-19시,2027.6,역번호 104→1104,공공데이터포털 15060591 (2026-07-31 갱신),
동구,역전시장길75,버스정류장,DJB8002358,중앙시장,65.2,Y,2026-07-01~07-31,31,293.8,758.0,1051.8,1112.7,일(시간대 없음),,,정류장번호 숫자부 8002358,tportal.daejeon.go.kr 정류장승하차이용정보 API (2026-09-18 조회),
동구,역전시장길75,버스정류장,DJB8002634,중앙시장,79.0,Y,2026-07-01~07-31,31,1008.0,447.8,1455.8,1525.4,일(시간대 없음),,,정류장번호 숫자부 8002634,tportal.daejeon.go.kr 정류장승하차이용정보 API (2026-09-18 조회),
동구,역전시장길75,도시철도역사,104,대전,340.4,N,2026-07-01~07-31,31,11948.8,11345.4,23294.2,23214.7,1시간,18-19시,2027.6,역번호 104→1104,공공데이터포털 15060591 (2026-07-31 갱신),
중구,목척3길,버스정류장,DJB8002633,중앙로역8번출구,97.2,Y,2026-07-01~07-31,31,340.9,132.2,473.1,498.8,일(시간대 없음),,,정류장번호 숫자부 8002633,tportal.daejeon.go.kr 정류장승하차이용정보 API (2026-09-18 조회),
중구,목척3길,도시철도역사,105,중앙로,233.9,N,2026-07-01~07-31,31,7667.1,8313.2,15980.3,15762.8,1시간,18-19시,1745.1,역번호 105→1105,공공데이터포털 15060591 (2026-07-31 갱신),
중구,목척5길,버스정류장,DJB8002632,중앙로역7번출구,167.6,N,2026-07-01~07-31,31,126.3,404.2,530.5,555.6,일(시간대 없음),,,정류장번호 숫자부 8002632,tportal.daejeon.go.kr 정류장승하차이용정보 API (2026-09-18 조회),
중구,목척5길,도시철도역사,105,중앙로,353.8,N,2026-07-01~07-31,31,7667.1,8313.2,15980.3,15762.8,1시간,18-19시,1745.1,역번호 105→1105,공공데이터포털 15060591 (2026-07-31 갱신),
동구,진수길,버스정류장,DJB8002039,중앙동주민센터,38.0,Y,2026-07-01~07-31,31,111.5,110.2,221.7,242.0,일(시간대 없음),,,정류장번호 숫자부 8002039,tportal.daejeon.go.kr 정류장승하차이용정보 API (2026-09-18 조회),
동구,진수길,버스정류장,DJB8002040,중앙동주민센터,97.6,Y,2026-07-01~07-31,31,69.9,57.6,127.5,131.2,일(시간대 없음),,,정류장번호 숫자부 8002040,tportal.daejeon.go.kr 정류장승하차이용정보 API (2026-09-18 조회),
동구,진수길,도시철도역사,103,대동,673.4,N,2026-07-01~07-31,31,3804.5,3360.8,7165.4,7996.7,1시간,08-09시,1000.9,역번호 103→1103,공공데이터포털 15060591 (2026-07-31 갱신),
동구,진보길,버스정류장,DJB8002040,중앙동주민센터,72.0,Y,2026-07-01~07-31,31,69.9,57.6,127.5,131.2,일(시간대 없음),,,정류장번호 숫자부 8002040,tportal.daejeon.go.kr 정류장승하차이용정보 API (2026-09-18 조회),
동구,진보길,버스정류장,DJB8002039,중앙동주민센터,85.7,Y,2026-07-01~07-31,31,111.5,110.2,221.7,242.0,일(시간대 없음),,,정류장번호 숫자부 8002039,tportal.daejeon.go.kr 정류장승하차이용정보 API (2026-09-18 조회),
동구,진보길,도시철도역사,104,대전,757.6,N,2026-07-01~07-31,31,11948.8,11345.4,23294.2,23214.7,1시간,18-19시,2027.6,역번호 104→1104,공공데이터포털 15060591 (2026-07-31 갱신),
동구,수양길,버스정류장,DJB8003127,우송중고등학교,69.5,Y,2026-07-01~07-31,31,30.3,65.4,95.7,112.4,일(시간대 없음),,,정류장번호 숫자부 8003127,tportal.daejeon.go.kr 정류장승하차이용정보 API (2026-09-18 조회),
동구,수양길,도시철도역사,103,대동,640.3,N,2026-07-01~07-31,31,3804.5,3360.8,7165.4,7996.7,1시간,08-09시,1000.9,역번호 103→1103,공공데이터포털 15060591 (2026-07-31 갱신),
중구,대종로601번길,버스정류장,DJB8001990,세명요양병원,76.6,Y,2026-07-01~07-31,31,526.9,420.2,947.1,1039.8,일(시간대 없음),,,정류장번호 숫자부 8001990,tportal.daejeon.go.kr 정류장승하차이용정보 API (2026-09-18 조회),
중구,대종로601번길,버스정류장,DJB8001991,선화동천주교회,97.5,Y,2026-07-01~07-31,31,550.6,359.8,910.4,1008.3,일(시간대 없음),,,정류장번호 숫자부 8001991,tportal.daejeon.go.kr 정류장승하차이용정보 API (2026-09-18 조회),
중구,대종로601번길,도시철도역사,105,중앙로,1063.0,N,2026-07-01~07-31,31,7667.1,8313.2,15980.3,15762.8,1시간,18-19시,1745.1,역번호 105→1105,공공데이터포털 15060591 (2026-07-31 갱신),
동구,대전천북로116번길,버스정류장,DJB8001870,삼성2동,18.2,Y,2026-07-01~07-31,31,14.6,11.2,25.9,27.7,일(시간대 없음),,,정류장번호 숫자부 8001870,tportal.daejeon.go.kr 정류장승하차이용정보 API (2026-09-18 조회),
동구,대전천북로116번길,버스정류장,DJB8007220,삼성2동,24.4,Y,2026-07-01~07-31,31,5.9,33.3,39.2,41.3,일(시간대 없음),,,정류장번호 숫자부 8007220,tportal.daejeon.go.kr 정류장승하차이용정보 API (2026-09-18 조회),
동구,대전천북로116번길,도시철도역사,105,중앙로,1506.4,N,2026-07-01~07-31,31,7667.1,8313.2,15980.3,15762.8,1시간,18-19시,1745.1,역번호 105→1105,공공데이터포털 15060591 (2026-07-31 갱신),
서구,갈마중로28번길,버스정류장,DJB8001055,갈마2동주민센터/충청투데이,225.2,N,2026-07-01~07-31,31,323.4,363.8,687.2,775.2,일(시간대 없음),,,정류장번호 숫자부 8001055,tportal.daejeon.go.kr 정류장승하차이용정보 API (2026-09-18 조회),
서구,갈마중로28번길,도시철도역사,110,탄방,1050.7,N,2026-07-01~07-31,31,4516.6,4872.0,9388.6,10637.3,1시간,08-09시,1597.3,역번호 110→1110,공공데이터포털 15060591 (2026-07-31 갱신),
서구,갈마중로30번길,버스정류장,DJB8001055,갈마2동주민센터/충청투데이,250.4,N,2026-07-01~07-31,31,323.4,363.8,687.2,775.2,일(시간대 없음),,,정류장번호 숫자부 8001055,tportal.daejeon.go.kr 정류장승하차이용정보 API (2026-09-18 조회),
서구,갈마중로30번길,도시철도역사,110,탄방,1090.1,N,2026-07-01~07-31,31,4516.6,4872.0,9388.6,10637.3,1시간,08-09시,1597.3,역번호 110→1110,공공데이터포털 15060591 (2026-07-31 갱신),
서구,갈마중로46번길,버스정류장,DJB8001055,갈마2동주민센터/충청투데이,138.4,N,2026-07-01~07-31,31,323.4,363.8,687.2,775.2,일(시간대 없음),,,정류장번호 숫자부 8001055,tportal.daejeon.go.kr 정류장승하차이용정보 API (2026-09-18 조회),
서구,갈마중로46번길,도시철도역사,110,탄방,958.4,N,2026-07-01~07-31,31,4516.6,4872.0,9388.6,10637.3,1시간,08-09시,1597.3,역번호 110→1110,공공데이터포털 15060591 (2026-07-31 갱신),
서구,문정로170번길,버스정류장,DJB8001655,문정초등학교,147.2,N,2026-07-01~07-31,31,176.3,279.8,456.1,496.0,일(시간대 없음),,,정류장번호 숫자부 8001655,tportal.daejeon.go.kr 정류장승하차이용정보 API (2026-09-18 조회),
서구,문정로170번길,도시철도역사,111,시청,903.2,N,2026-07-01~07-31,31,7524.8,7809.2,15334.0,17296.9,1시간,18-19시,2190.6,역번호 111→1111,공공데이터포털 15060591 (2026-07-31 갱신),
서구,문정로112번안길,버스정류장,DJB8002869,한가람아파트,98.8,Y,2026-07-01~07-31,31,223.8,371.9,595.8,644.6,일(시간대 없음),,,정류장번호 숫자부 8002869,tportal.daejeon.go.kr 정류장승하차이용정보 API (2026-09-18 조회),
서구,문정로112번안길,도시철도역사,110,탄방,670.8,N,2026-07-01~07-31,31,4516.6,4872.0,9388.6,10637.3,1시간,08-09시,1597.3,역번호 110→1110,공공데이터포털 15060591 (2026-07-31 갱신),
서구,남선로9번길,버스정류장,DJB8002870,한가람아파트,340.5,N,2026-07-01~07-31,31,410.0,248.1,658.1,723.6,일(시간대 없음),,,정류장번호 숫자부 8002870,tportal.daejeon.go.kr 정류장승하차이용정보 API (2026-09-18 조회),
서구,남선로9번길,도시철도역사,109,용문,709.3,N,2026-07-01~07-31,31,7251.6,7335.8,14587.4,15595.9,1시간,08-09시,1794.8,역번호 109→1109,공공데이터포털 15060591 (2026-07-31 갱신),
대덕구,계족산로5번안길 22,버스정류장,DJB8001744,법동전통시장,132.4,N,2026-07-01~07-31,31,208.8,519.5,728.3,818.3,일(시간대 없음),,,정류장번호 숫자부 8001744,tportal.daejeon.go.kr 정류장승하차이용정보 API (2026-09-18 조회),
대덕구,계족산로5번안길 22,도시철도역사,104,대전,3954.1,N,2026-07-01~07-31,31,11948.8,11345.4,23294.2,23214.7,1시간,18-19시,2027.6,역번호 104→1104,공공데이터포털 15060591 (2026-07-31 갱신),
대덕구,계족로608번길 30,버스정류장,DJB8001744,법동전통시장,159.4,N,2026-07-01~07-31,31,208.8,519.5,728.3,818.3,일(시간대 없음),,,정류장번호 숫자부 8001744,tportal.daejeon.go.kr 정류장승하차이용정보 API (2026-09-18 조회),
대덕구,계족로608번길 30,도시철도역사,104,대전,3842.5,N,2026-07-01~07-31,31,11948.8,11345.4,23294.2,23214.7,1시간,18-19시,2027.6,역번호 104→1104,공공데이터포털 15060591 (2026-07-31 갱신),
대덕구,대전로1375번길 22-14,버스정류장,DJB8003011,회덕동주민센터,106.7,N,2026-07-01~07-31,31,154.2,75.8,230.0,264.5,일(시간대 없음),,,정류장번호 숫자부 8003011,tportal.daejeon.go.kr 정류장승하차이용정보 API (2026-09-18 조회),
대덕구,대전로1375번길 22-14,도시철도역사,112,정부청사,4104.2,N,2026-07-01~07-31,31,6381.3,6897.5,13278.8,15228.7,1시간,08-09시,2674.4,역번호 112→1112,공공데이터포털 15060591 (2026-07-31 갱신),
대덕구,대전로1397번길 50,버스정류장,DJB8003011,회덕동주민센터,336.6,N,2026-07-01~07-31,31,154.2,75.8,230.0,264.5,일(시간대 없음),,,정류장번호 숫자부 8003011,tportal.daejeon.go.kr 정류장승하차이용정보 API (2026-09-18 조회),
대덕구,대전로1397번길 50,도시철도역사,112,정부청사,4242.9,N,2026-07-01~07-31,31,6381.3,6897.5,13278.8,15228.7,1시간,08-09시,2674.4,역번호 112→1112,공공데이터포털 15060591 (2026-07-31 갱신),
대덕구,청자마을길 28,버스정류장,DJB8002777,태양마을,315.6,N,2026-07-01~07-31,31,28.0,14.6,42.6,48.8,일(시간대 없음),,,정류장번호 숫자부 8002777,tportal.daejeon.go.kr 정류장승하차이용정보 API (2026-09-18 조회),
대덕구,청자마을길 28,도시철도역사,112,정부청사,10180.8,N,2026-07-01~07-31,31,6381.3,6897.5,13278.8,15228.7,1시간,08-09시,2674.4,역번호 112→1112,공공데이터포털 15060591 (2026-07-31 갱신),
대덕구,태양마을길 28,버스정류장,DJB8002777,태양마을,157.4,N,2026-07-01~07-31,31,28.0,14.6,42.6,48.8,일(시간대 없음),,,정류장번호 숫자부 8002777,tportal.daejeon.go.kr 정류장승하차이용정보 API (2026-09-18 조회),
대덕구,태양마을길 28,도시철도역사,112,정부청사,10162.2,N,2026-07-01~07-31,31,6381.3,6897.5,13278.8,15228.7,1시간,08-09시,2674.4,역번호 112→1112,공공데이터포털 15060591 (2026-07-31 갱신),
대덕구,동심9길,버스정류장,DJB8001459,대화동행정복지센터,293.8,N,2026-07-01~07-31,31,37.7,103.0,140.7,163.0,일(시간대 없음),,,정류장번호 숫자부 8001459,tportal.daejeon.go.kr 정류장승하차이용정보 API (2026-09-18 조회),
대덕구,동심9길,도시철도역사,111,시청,2654.8,N,2026-07-01~07-31,31,7524.8,7809.2,15334.0,17296.9,1시간,18-19시,2190.6,역번호 111→1111,공공데이터포털 15060591 (2026-07-31 갱신),
대덕구,늘봄2길,버스정류장,DJB8002361,원명학교,347.6,N,2026-07-01~07-31,31,77.2,23.1,100.2,117.4,일(시간대 없음),,,정류장번호 숫자부 8002361,tportal.daejeon.go.kr 정류장승하차이용정보 API (2026-09-18 조회),
대덕구,늘봄2길,도시철도역사,111,시청,2882.9,N,2026-07-01~07-31,31,7524.8,7809.2,15334.0,17296.9,1시간,18-19시,2190.6,역번호 111→1111,공공데이터포털 15060591 (2026-07-31 갱신),
대덕구,동춘당로31번길,버스정류장,DJB8001958,서오아파트,179.7,N,2026-07-01~07-31,31,32.4,47.1,79.5,87.9,일(시간대 없음),,,정류장번호 숫자부 8001958,tportal.daejeon.go.kr 정류장승하차이용정보 API (2026-09-18 조회),
대덕구,동춘당로31번길,도시철도역사,104,대전,3097.1,N,2026-07-01~07-31,31,11948.8,11345.4,23294.2,23214.7,1시간,18-19시,2027.6,역번호 104→1104,공공데이터포털 15060591 (2026-07-31 갱신),
서구,도솔로175번길,버스정류장,DJB8001257,변동근린공원,54.2,Y,2026-07-01~07-31,31,33.2,120.7,153.9,181.5,일(시간대 없음),,,정류장번호 숫자부 8001257,tportal.daejeon.go.kr 정류장승하차이용정보 API (2026-09-18 조회),
서구,도솔로175번길,도시철도역사,109,용문,2223.7,N,2026-07-01~07-31,31,7251.6,7335.8,14587.4,15595.9,1시간,08-09시,1794.8,역번호 109→1109,공공데이터포털 15060591 (2026-07-31 갱신),
서구,변정1길,버스정류장,DJB8001734,변동시장,68.2,Y,2026-07-01~07-31,31,40.3,12.1,52.4,57.0,일(시간대 없음),,,정류장번호 숫자부 8001734,tportal.daejeon.go.kr 정류장승하차이용정보 API (2026-09-18 조회),
서구,변정1길,도시철도역사,109,용문,1917.6,N,2026-07-01~07-31,31,7251.6,7335.8,14587.4,15595.9,1시간,08-09시,1794.8,역번호 109→1109,공공데이터포털 15060591 (2026-07-31 갱신),
서구,변정7길,버스정류장,DJB8002966,향우네거리,133.6,N,2026-07-01~07-31,31,497.7,247.5,745.3,823.1,일(시간대 없음),,,정류장번호 숫자부 8002966,tportal.daejeon.go.kr 정류장승하차이용정보 API (2026-09-18 조회),
서구,변정7길,도시철도역사,109,용문,2112.2,N,2026-07-01~07-31,31,7251.6,7335.8,14587.4,15595.9,1시간,08-09시,1794.8,역번호 109→1109,공공데이터포털 15060591 (2026-07-31 갱신),
중구,당디로124번길,버스정류장,DJB8001953,서부종합시장,140.7,N,2026-07-01~07-31,31,32.3,90.4,122.7,134.0,일(시간대 없음),,,정류장번호 숫자부 8001953,tportal.daejeon.go.kr 정류장승하차이용정보 API (2026-09-18 조회),
중구,당디로124번길,도시철도역사,108,오룡,1859.4,N,2026-07-01~07-31,31,3903.7,3455.9,7359.6,8341.2,1시간,08-09시,1353.6,역번호 108→1108,공공데이터포털 15060591 (2026-07-31 갱신),
중구,충무로68번길,버스정류장,DJB8001746,보문오거리,48.4,Y,2026-07-01~07-31,31,115.1,254.2,369.3,398.3,일(시간대 없음),,,정류장번호 숫자부 8001746,tportal.daejeon.go.kr 정류장승하차이용정보 API (2026-09-18 조회),
중구,충무로68번길,버스정류장,DJB9001746,보문오거리,48.4,Y,2026-07-01~07-31,31,0.1,13.7,13.8,15.6,일(시간대 없음),,,정류장번호 숫자부 9001746,tportal.daejeon.go.kr 정류장승하차이용정보 API (2026-09-18 조회),
중구,충무로68번길,버스정류장,DJB8005998,보문오거리,78.0,Y,2026-07-01~07-31,,,,,,,,,,,tportal 에 정류장 DJB8005998 없음(승하차 집계 대상 아님 또는 ID 불일치)
중구,충무로68번길,도시철도역사,106,중구청,988.6,N,2026-07-01~07-31,31,2269.9,2368.0,4637.9,5321.2,1시간,08-09시,837.0,역번호 106→1106,공공데이터포털 15060591 (2026-07-31 갱신),
중구,보문산공원로530번길,버스정류장,DJB8007002,보문산진입로,113.3,N,2026-07-01~07-31,31,10.8,64.8,75.6,76.0,일(시간대 없음),,,정류장번호 숫자부 8007002,tportal.daejeon.go.kr 정류장승하차이용정보 API (2026-09-18 조회),
중구,보문산공원로530번길,도시철도역사,106,중구청,1223.0,N,2026-07-01~07-31,31,2269.9,2368.0,4637.9,5321.2,1시간,08-09시,837.0,역번호 106→1106,공공데이터포털 15060591 (2026-07-31 갱신),
중구,대둔산로414번길,버스정류장,DJB8001850,산성동새마을회관,66.3,Y,2026-07-01~07-31,31,26.4,75.2,101.5,111.6,일(시간대 없음),,,정류장번호 숫자부 8001850,tportal.daejeon.go.kr 정류장승하차이용정보 API (2026-09-18 조회),
중구,대둔산로414번길,도시철도역사,107,서대전네거리,2480.6,N,2026-07-01~07-31,31,5286.7,5541.1,10827.7,11975.3,1시간,08-09시,1451.5,역번호 107→1107,공공데이터포털 15060591 (2026-07-31 갱신),
중구,보문산로122번길,버스정류장,DJB8007032,보성네거리,55.8,Y,2026-07-01~07-31,4,0.2,0.8,1.0,1.0,일(시간대 없음),,,정류장번호 숫자부 8007032,tportal.daejeon.go.kr 정류장승하차이용정보 API (2026-09-18 조회),
중구,보문산로122번길,버스정류장,DJB8002764,탑골입구,66.3,Y,2026-07-01~07-31,31,168.2,59.6,227.8,245.3,일(시간대 없음),,,정류장번호 숫자부 8002764,tportal.daejeon.go.kr 정류장승하차이용정보 API (2026-09-18 조회),
중구,보문산로122번길,버스정류장,DJB8001750,보성초등학교,87.4,Y,2026-07-01~07-31,31,57.3,156.3,213.5,231.2,일(시간대 없음),,,정류장번호 숫자부 8001750,tportal.daejeon.go.kr 정류장승하차이용정보 API (2026-09-18 조회),
중구,보문산로122번길,도시철도역사,107,서대전네거리,2587.3,N,2026-07-01~07-31,31,5286.7,5541.1,10827.7,11975.3,1시간,08-09시,1451.5,역번호 107→1107,공공데이터포털 15060591 (2026-07-31 갱신),
중구,대둔산로386번길,버스정류장,DJB8001846,산성네거리,66.1,Y,2026-07-01~07-31,31,900.5,207.5,1108.1,1220.4,일(시간대 없음),,,정류장번호 숫자부 8001846,tportal.daejeon.go.kr 정류장승하차이용정보 API (2026-09-18 조회),
중구,대둔산로386번길,버스정류장,DJB8001847,산성네거리,72.4,Y,2026-07-01~07-31,31,293.4,767.6,1061.0,1159.4,일(시간대 없음),,,정류장번호 숫자부 8001847,tportal.daejeon.go.kr 정류장승하차이용정보 API (2026-09-18 조회),
중구,대둔산로386번길,도시철도역사,107,서대전네거리,3102.9,N,2026-07-01~07-31,31,5286.7,5541.1,10827.7,11975.3,1시간,08-09시,1451.5,역번호 107→1107,공공데이터포털 15060591 (2026-07-31 갱신),
서구,계백로1158번길,버스정류장,DJB8001008,가수원동,215.8,N,2026-07-01~07-31,31,10.6,7.7,18.3,19.7,일(시간대 없음),,,정류장번호 숫자부 8001008,tportal.daejeon.go.kr 정류장승하차이용정보 API (2026-09-18 조회),
서구,계백로1158번길,도시철도역사,109,용문,5468.8,N,2026-07-01~07-31,31,7251.6,7335.8,14587.4,15595.9,1시간,08-09시,1794.8,역번호 109→1109,공공데이터포털 15060591 (2026-07-31 갱신),
동구,역전시장길7,조각 합계(반경 100 m 안),,지점 2 · 미결합 0,,Y,2026-07-01~07-31,,,,24226.0,,혼합(역사 1시간 · 버스 일),,,,,
동구,역전시장길75,조각 합계(반경 100 m 안),,지점 2 · 미결합 0,,Y,2026-07-01~07-31,,,,2507.6,,혼합(역사 1시간 · 버스 일),,,,,
중구,목척3길,조각 합계(반경 100 m 안),,지점 1 · 미결합 0,,Y,2026-07-01~07-31,,,,473.1,,혼합(역사 1시간 · 버스 일),,,,,
동구,진수길,조각 합계(반경 100 m 안),,지점 2 · 미결합 0,,Y,2026-07-01~07-31,,,,349.2,,혼합(역사 1시간 · 버스 일),,,,,
동구,진보길,조각 합계(반경 100 m 안),,지점 2 · 미결합 0,,Y,2026-07-01~07-31,,,,349.2,,혼합(역사 1시간 · 버스 일),,,,,
동구,수양길,조각 합계(반경 100 m 안),,지점 1 · 미결합 0,,Y,2026-07-01~07-31,,,,95.7,,혼합(역사 1시간 · 버스 일),,,,,
중구,대종로601번길,조각 합계(반경 100 m 안),,지점 2 · 미결합 0,,Y,2026-07-01~07-31,,,,1857.5,,혼합(역사 1시간 · 버스 일),,,,,
동구,대전천북로116번길,조각 합계(반경 100 m 안),,지점 2 · 미결합 0,,Y,2026-07-01~07-31,,,,65.1,,혼합(역사 1시간 · 버스 일),,,,,
서구,문정로112번안길,조각 합계(반경 100 m 안),,지점 1 · 미결합 0,,Y,2026-07-01~07-31,,,,595.8,,혼합(역사 1시간 · 버스 일),,,,,
서구,도솔로175번길,조각 합계(반경 100 m 안),,지점 1 · 미결합 0,,Y,2026-07-01~07-31,,,,153.9,,혼합(역사 1시간 · 버스 일),,,,,
서구,변정1길,조각 합계(반경 100 m 안),,지점 1 · 미결합 0,,Y,2026-07-01~07-31,,,,52.4,,혼합(역사 1시간 · 버스 일),,,,,
중구,충무로68번길,조각 합계(반경 100 m 안),,지점 2 · 미결합 1,,Y,2026-07-01~07-31,,,,383.1,,혼합(역사 1시간 · 버스 일),,,,,
중구,대둔산로414번길,조각 합계(반경 100 m 안),,지점 1 · 미결합 0,,Y,2026-07-01~07-31,,,,101.5,,혼합(역사 1시간 · 버스 일),,,,,
중구,보문산로122번길,조각 합계(반경 100 m 안),,지점 3 · 미결합 0,,Y,2026-07-01~07-31,,,,442.3,,혼합(역사 1시간 · 버스 일),,,,,
중구,대둔산로386번길,조각 합계(반경 100 m 안),,지점 2 · 미결합 0,,Y,2026-07-01~07-31,,,,2169.1,,혼합(역사 1시간 · 버스 일),,,,,
