도로명,도로관리번호,폭m_road_bt,밴드판정,경형1.9,소형2.2,중형대형2.5,일반차량G2.0,슬롯_E_2.5,슬롯_EP_3.7,슬롯_EPG_5.7,arm1_arm2_폭축,arm3_폭축_판정주체
이태원로,182,9.0,폭축_통과후보,가능,가능,가능,가능,성립,성립,성립,D(판정 보류),DFlowCore.evaluate_constraints
이태원로,246,6.0,폭축_통과후보,가능,가능,가능,가능,성립,성립,성립,D(판정 보류),DFlowCore.evaluate_constraints
이태원로,397,6.0,폭축_통과후보,가능,가능,가능,가능,성립,성립,성립,D(판정 보류),DFlowCore.evaluate_constraints
이태원로,785,3.0,CONDITIONAL_C,가능,가능,가능,가능,성립,미성립,미성립,D(판정 보류),DFlowCore.evaluate_constraints
이태원로,1069,4.0,폭축_통과후보,가능,가능,가능,가능,성립,성립,미성립,D(판정 보류),DFlowCore.evaluate_constraints
이태원로,1772,2.0,BLOCKED,가능,불가,불가,가능,미성립,미성립,미성립,D(판정 보류),DFlowCore.evaluate_constraints
이태원로,1834,3.0,CONDITIONAL_C,가능,가능,가능,가능,성립,미성립,미성립,D(판정 보류),DFlowCore.evaluate_constraints
이태원로,1927,6.0,폭축_통과후보,가능,가능,가능,가능,성립,성립,성립,D(판정 보류),DFlowCore.evaluate_constraints
이태원로,1975,3.0,CONDITIONAL_C,가능,가능,가능,가능,성립,미성립,미성립,D(판정 보류),DFlowCore.evaluate_constraints
이태원로,2143,4.0,폭축_통과후보,가능,가능,가능,가능,성립,성립,미성립,D(판정 보류),DFlowCore.evaluate_constraints
이태원로,2325,3.0,CONDITIONAL_C,가능,가능,가능,가능,성립,미성립,미성립,D(판정 보류),DFlowCore.evaluate_constraints
이태원로,2521,6.0,폭축_통과후보,가능,가능,가능,가능,성립,성립,성립,D(판정 보류),DFlowCore.evaluate_constraints
이태원로,2694,4.0,폭축_통과후보,가능,가능,가능,가능,성립,성립,미성립,D(판정 보류),DFlowCore.evaluate_constraints
이태원로,2759,4.0,폭축_통과후보,가능,가능,가능,가능,성립,성립,미성립,D(판정 보류),DFlowCore.evaluate_constraints
이태원로,2874,13.0,폭축_통과후보,가능,가능,가능,가능,성립,성립,성립,D(판정 보류),DFlowCore.evaluate_constraints
이태원로,3053,5.0,폭축_통과후보,가능,가능,가능,가능,성립,성립,미성립,D(판정 보류),DFlowCore.evaluate_constraints
이태원로,3054,8.0,폭축_통과후보,가능,가능,가능,가능,성립,성립,성립,D(판정 보류),DFlowCore.evaluate_constraints
이태원로,3073,3.0,CONDITIONAL_C,가능,가능,가능,가능,성립,미성립,미성립,D(판정 보류),DFlowCore.evaluate_constraints
이태원로,3196,3.0,CONDITIONAL_C,가능,가능,가능,가능,성립,미성립,미성립,D(판정 보류),DFlowCore.evaluate_constraints
이태원로,3199,4.0,폭축_통과후보,가능,가능,가능,가능,성립,성립,미성립,D(판정 보류),DFlowCore.evaluate_constraints
이태원로14길,1247,8.0,폭축_통과후보,가능,가능,가능,가능,성립,성립,성립,D(판정 보류),DFlowCore.evaluate_constraints
이태원로14길,1550,3.0,CONDITIONAL_C,가능,가능,가능,가능,성립,미성립,미성립,D(판정 보류),DFlowCore.evaluate_constraints
이태원로15길,151,5.0,폭축_통과후보,가능,가능,가능,가능,성립,성립,미성립,D(판정 보류),DFlowCore.evaluate_constraints
이태원로15길,329,5.0,폭축_통과후보,가능,가능,가능,가능,성립,성립,미성립,D(판정 보류),DFlowCore.evaluate_constraints
이태원로15길,807,3.0,CONDITIONAL_C,가능,가능,가능,가능,성립,미성립,미성립,D(판정 보류),DFlowCore.evaluate_constraints
이태원로15길,1014,4.0,폭축_통과후보,가능,가능,가능,가능,성립,성립,미성립,D(판정 보류),DFlowCore.evaluate_constraints
이태원로15길,1115,5.0,폭축_통과후보,가능,가능,가능,가능,성립,성립,미성립,D(판정 보류),DFlowCore.evaluate_constraints
이태원로15길,1199,4.0,폭축_통과후보,가능,가능,가능,가능,성립,성립,미성립,D(판정 보류),DFlowCore.evaluate_constraints
이태원로15길,1730,6.0,폭축_통과후보,가능,가능,가능,가능,성립,성립,성립,D(판정 보류),DFlowCore.evaluate_constraints
이태원로15길,2819,4.0,폭축_통과후보,가능,가능,가능,가능,성립,성립,미성립,D(판정 보류),DFlowCore.evaluate_constraints
이태원로16길,208,2.0,BLOCKED,가능,불가,불가,가능,미성립,미성립,미성립,D(판정 보류),DFlowCore.evaluate_constraints
이태원로16길,297,3.0,CONDITIONAL_C,가능,가능,가능,가능,성립,미성립,미성립,D(판정 보류),DFlowCore.evaluate_constraints
이태원로16길,304,2.0,BLOCKED,가능,불가,불가,가능,미성립,미성립,미성립,D(판정 보류),DFlowCore.evaluate_constraints
이태원로16길,334,2.0,BLOCKED,가능,불가,불가,가능,미성립,미성립,미성립,D(판정 보류),DFlowCore.evaluate_constraints
이태원로16길,596,3.0,CONDITIONAL_C,가능,가능,가능,가능,성립,미성립,미성립,D(판정 보류),DFlowCore.evaluate_constraints
이태원로16길,1414,4.0,폭축_통과후보,가능,가능,가능,가능,성립,성립,미성립,D(판정 보류),DFlowCore.evaluate_constraints
이태원로16길,1544,3.0,CONDITIONAL_C,가능,가능,가능,가능,성립,미성립,미성립,D(판정 보류),DFlowCore.evaluate_constraints
이태원로16길,1719,3.0,CONDITIONAL_C,가능,가능,가능,가능,성립,미성립,미성립,D(판정 보류),DFlowCore.evaluate_constraints
이태원로16길,1879,3.0,CONDITIONAL_C,가능,가능,가능,가능,성립,미성립,미성립,D(판정 보류),DFlowCore.evaluate_constraints
이태원로16길,1897,3.0,CONDITIONAL_C,가능,가능,가능,가능,성립,미성립,미성립,D(판정 보류),DFlowCore.evaluate_constraints
이태원로16길,2238,3.0,CONDITIONAL_C,가능,가능,가능,가능,성립,미성립,미성립,D(판정 보류),DFlowCore.evaluate_constraints
이태원로16길,2556,3.0,CONDITIONAL_C,가능,가능,가능,가능,성립,미성립,미성립,D(판정 보류),DFlowCore.evaluate_constraints
이태원로16길,2629,2.0,BLOCKED,가능,불가,불가,가능,미성립,미성립,미성립,D(판정 보류),DFlowCore.evaluate_constraints
이태원로16길,3004,3.0,CONDITIONAL_C,가능,가능,가능,가능,성립,미성립,미성립,D(판정 보류),DFlowCore.evaluate_constraints
이태원로16길,3241,2.0,BLOCKED,가능,불가,불가,가능,미성립,미성립,미성립,D(판정 보류),DFlowCore.evaluate_constraints
이태원로16길,3242,2.0,BLOCKED,가능,불가,불가,가능,미성립,미성립,미성립,D(판정 보류),DFlowCore.evaluate_constraints
이태원로17길,18,2.0,BLOCKED,가능,불가,불가,가능,미성립,미성립,미성립,D(판정 보류),DFlowCore.evaluate_constraints
이태원로17길,89,4.0,폭축_통과후보,가능,가능,가능,가능,성립,성립,미성립,D(판정 보류),DFlowCore.evaluate_constraints
이태원로17길,142,4.0,폭축_통과후보,가능,가능,가능,가능,성립,성립,미성립,D(판정 보류),DFlowCore.evaluate_constraints
이태원로17길,1089,1.0,BLOCKED,불가,불가,불가,불가,미성립,미성립,미성립,D(판정 보류),DFlowCore.evaluate_constraints
이태원로17길,2175,3.0,CONDITIONAL_C,가능,가능,가능,가능,성립,미성립,미성립,D(판정 보류),DFlowCore.evaluate_constraints
이태원로17길,2349,4.0,폭축_통과후보,가능,가능,가능,가능,성립,성립,미성립,D(판정 보류),DFlowCore.evaluate_constraints
이태원로17길,2467,3.0,CONDITIONAL_C,가능,가능,가능,가능,성립,미성립,미성립,D(판정 보류),DFlowCore.evaluate_constraints
이태원로19길,10,5.0,폭축_통과후보,가능,가능,가능,가능,성립,성립,미성립,D(판정 보류),DFlowCore.evaluate_constraints
이태원로19길,601,2.0,BLOCKED,가능,불가,불가,가능,미성립,미성립,미성립,D(판정 보류),DFlowCore.evaluate_constraints
이태원로19길,888,2.0,BLOCKED,가능,불가,불가,가능,미성립,미성립,미성립,D(판정 보류),DFlowCore.evaluate_constraints
이태원로19길,1016,3.0,CONDITIONAL_C,가능,가능,가능,가능,성립,미성립,미성립,D(판정 보류),DFlowCore.evaluate_constraints
이태원로19길,2425,4.0,폭축_통과후보,가능,가능,가능,가능,성립,성립,미성립,D(판정 보류),DFlowCore.evaluate_constraints
이태원로19길,2678,4.0,폭축_통과후보,가능,가능,가능,가능,성립,성립,미성립,D(판정 보류),DFlowCore.evaluate_constraints
이태원로19길,3209,2.0,BLOCKED,가능,불가,불가,가능,미성립,미성립,미성립,D(판정 보류),DFlowCore.evaluate_constraints
이태원로19길,3243,2.0,BLOCKED,가능,불가,불가,가능,미성립,미성립,미성립,D(판정 보류),DFlowCore.evaluate_constraints
이태원로19길,3245,3.0,CONDITIONAL_C,가능,가능,가능,가능,성립,미성립,미성립,D(판정 보류),DFlowCore.evaluate_constraints
이태원로20가길,469,2.0,BLOCKED,가능,불가,불가,가능,미성립,미성립,미성립,D(판정 보류),DFlowCore.evaluate_constraints
이태원로20가길,470,2.0,BLOCKED,가능,불가,불가,가능,미성립,미성립,미성립,D(판정 보류),DFlowCore.evaluate_constraints
이태원로20가길,1229,3.0,CONDITIONAL_C,가능,가능,가능,가능,성립,미성립,미성립,D(판정 보류),DFlowCore.evaluate_constraints
이태원로20가길,2146,4.0,폭축_통과후보,가능,가능,가능,가능,성립,성립,미성립,D(판정 보류),DFlowCore.evaluate_constraints
이태원로20가길,2817,4.0,폭축_통과후보,가능,가능,가능,가능,성립,성립,미성립,D(판정 보류),DFlowCore.evaluate_constraints
이태원로20길,840,2.0,BLOCKED,가능,불가,불가,가능,미성립,미성립,미성립,D(판정 보류),DFlowCore.evaluate_constraints
이태원로20길,1666,5.0,폭축_통과후보,가능,가능,가능,가능,성립,성립,미성립,D(판정 보류),DFlowCore.evaluate_constraints
이태원로20길,2949,4.0,폭축_통과후보,가능,가능,가능,가능,성립,성립,미성립,D(판정 보류),DFlowCore.evaluate_constraints
이태원로23길,1759,3.0,CONDITIONAL_C,가능,가능,가능,가능,성립,미성립,미성립,D(판정 보류),DFlowCore.evaluate_constraints
이태원로23길,2480,4.0,폭축_통과후보,가능,가능,가능,가능,성립,성립,미성립,D(판정 보류),DFlowCore.evaluate_constraints
이태원로23길,2961,5.0,폭축_통과후보,가능,가능,가능,가능,성립,성립,미성립,D(판정 보류),DFlowCore.evaluate_constraints
이태원로23길,2983,3.0,CONDITIONAL_C,가능,가능,가능,가능,성립,미성립,미성립,D(판정 보류),DFlowCore.evaluate_constraints
이태원로26길,331,2.0,BLOCKED,가능,불가,불가,가능,미성립,미성립,미성립,D(판정 보류),DFlowCore.evaluate_constraints
이태원로26길,345,2.0,BLOCKED,가능,불가,불가,가능,미성립,미성립,미성립,D(판정 보류),DFlowCore.evaluate_constraints
이태원로26길,1145,5.0,폭축_통과후보,가능,가능,가능,가능,성립,성립,미성립,D(판정 보류),DFlowCore.evaluate_constraints
이태원로26길,1291,2.0,BLOCKED,가능,불가,불가,가능,미성립,미성립,미성립,D(판정 보류),DFlowCore.evaluate_constraints
이태원로26길,1908,5.0,폭축_통과후보,가능,가능,가능,가능,성립,성립,미성립,D(판정 보류),DFlowCore.evaluate_constraints
이태원로26길,2029,2.0,BLOCKED,가능,불가,불가,가능,미성립,미성립,미성립,D(판정 보류),DFlowCore.evaluate_constraints
이태원로26길,2578,2.0,BLOCKED,가능,불가,불가,가능,미성립,미성립,미성립,D(판정 보류),DFlowCore.evaluate_constraints
이태원로27가길,1797,9.0,폭축_통과후보,가능,가능,가능,가능,성립,성립,성립,D(판정 보류),DFlowCore.evaluate_constraints
이태원로27가길,3244,2.0,BLOCKED,가능,불가,불가,가능,미성립,미성립,미성립,D(판정 보류),DFlowCore.evaluate_constraints
이태원로27길,492,3.0,CONDITIONAL_C,가능,가능,가능,가능,성립,미성립,미성립,D(판정 보류),DFlowCore.evaluate_constraints
이태원로27길,1431,6.0,폭축_통과후보,가능,가능,가능,가능,성립,성립,성립,D(판정 보류),DFlowCore.evaluate_constraints
이태원로27길,1893,6.0,폭축_통과후보,가능,가능,가능,가능,성립,성립,성립,D(판정 보류),DFlowCore.evaluate_constraints
이태원로27길,2010,7.0,폭축_통과후보,가능,가능,가능,가능,성립,성립,성립,D(판정 보류),DFlowCore.evaluate_constraints
이태원로27길,2267,7.0,폭축_통과후보,가능,가능,가능,가능,성립,성립,성립,D(판정 보류),DFlowCore.evaluate_constraints
이태원로27길,2956,13.0,폭축_통과후보,가능,가능,가능,가능,성립,성립,성립,D(판정 보류),DFlowCore.evaluate_constraints
이태원로27길,2958,7.0,폭축_통과후보,가능,가능,가능,가능,성립,성립,성립,D(판정 보류),DFlowCore.evaluate_constraints
이태원로27길,3301,3.0,CONDITIONAL_C,가능,가능,가능,가능,성립,미성립,미성립,D(판정 보류),DFlowCore.evaluate_constraints
이태원로27나길,2957,7.0,폭축_통과후보,가능,가능,가능,가능,성립,성립,성립,D(판정 보류),DFlowCore.evaluate_constraints
이태원로27다길,659,8.0,폭축_통과후보,가능,가능,가능,가능,성립,성립,성립,D(판정 보류),DFlowCore.evaluate_constraints
이태원로27라길,339,8.0,폭축_통과후보,가능,가능,가능,가능,성립,성립,성립,D(판정 보류),DFlowCore.evaluate_constraints
이태원로27라길,1969,5.0,폭축_통과후보,가능,가능,가능,가능,성립,성립,미성립,D(판정 보류),DFlowCore.evaluate_constraints
이태원로27라길,2955,8.0,폭축_통과후보,가능,가능,가능,가능,성립,성립,성립,D(판정 보류),DFlowCore.evaluate_constraints
이태원로2길,2473,4.0,폭축_통과후보,가능,가능,가능,가능,성립,성립,미성립,D(판정 보류),DFlowCore.evaluate_constraints
이태원로36길,558,4.0,폭축_통과후보,가능,가능,가능,가능,성립,성립,미성립,D(판정 보류),DFlowCore.evaluate_constraints
이태원로36길,1105,4.0,폭축_통과후보,가능,가능,가능,가능,성립,성립,미성립,D(판정 보류),DFlowCore.evaluate_constraints
이태원로36길,1410,2.0,BLOCKED,가능,불가,불가,가능,미성립,미성립,미성립,D(판정 보류),DFlowCore.evaluate_constraints
이태원로36길,1610,4.0,폭축_통과후보,가능,가능,가능,가능,성립,성립,미성립,D(판정 보류),DFlowCore.evaluate_constraints
이태원로36길,1795,5.0,폭축_통과후보,가능,가능,가능,가능,성립,성립,미성립,D(판정 보류),DFlowCore.evaluate_constraints
이태원로36길,2317,5.0,폭축_통과후보,가능,가능,가능,가능,성립,성립,미성립,D(판정 보류),DFlowCore.evaluate_constraints
이태원로36길,2370,4.0,폭축_통과후보,가능,가능,가능,가능,성립,성립,미성립,D(판정 보류),DFlowCore.evaluate_constraints
이태원로36길,2547,3.0,CONDITIONAL_C,가능,가능,가능,가능,성립,미성립,미성립,D(판정 보류),DFlowCore.evaluate_constraints
이태원로42길,232,4.0,폭축_통과후보,가능,가능,가능,가능,성립,성립,미성립,D(판정 보류),DFlowCore.evaluate_constraints
이태원로42길,548,11.0,폭축_통과후보,가능,가능,가능,가능,성립,성립,성립,D(판정 보류),DFlowCore.evaluate_constraints
이태원로42길,808,4.0,폭축_통과후보,가능,가능,가능,가능,성립,성립,미성립,D(판정 보류),DFlowCore.evaluate_constraints
이태원로42길,1538,10.0,폭축_통과후보,가능,가능,가능,가능,성립,성립,성립,D(판정 보류),DFlowCore.evaluate_constraints
이태원로42길,1926,3.0,CONDITIONAL_C,가능,가능,가능,가능,성립,미성립,미성립,D(판정 보류),DFlowCore.evaluate_constraints
이태원로42길,2655,3.0,CONDITIONAL_C,가능,가능,가능,가능,성립,미성립,미성립,D(판정 보류),DFlowCore.evaluate_constraints
이태원로45길,764,8.0,폭축_통과후보,가능,가능,가능,가능,성립,성립,성립,D(판정 보류),DFlowCore.evaluate_constraints
이태원로45길,1340,5.0,폭축_통과후보,가능,가능,가능,가능,성립,성립,미성립,D(판정 보류),DFlowCore.evaluate_constraints
이태원로45길,1406,2.0,BLOCKED,가능,불가,불가,가능,미성립,미성립,미성립,D(판정 보류),DFlowCore.evaluate_constraints
이태원로45길,2960,5.0,폭축_통과후보,가능,가능,가능,가능,성립,성립,미성립,D(판정 보류),DFlowCore.evaluate_constraints
이태원로49길,381,3.0,CONDITIONAL_C,가능,가능,가능,가능,성립,미성립,미성립,D(판정 보류),DFlowCore.evaluate_constraints
이태원로49길,1142,5.0,폭축_통과후보,가능,가능,가능,가능,성립,성립,미성립,D(판정 보류),DFlowCore.evaluate_constraints
이태원로49길,2685,3.0,CONDITIONAL_C,가능,가능,가능,가능,성립,미성립,미성립,D(판정 보류),DFlowCore.evaluate_constraints
이태원로49길,2980,5.0,폭축_통과후보,가능,가능,가능,가능,성립,성립,미성립,D(판정 보류),DFlowCore.evaluate_constraints
이태원로49길,2981,4.0,폭축_통과후보,가능,가능,가능,가능,성립,성립,미성립,D(판정 보류),DFlowCore.evaluate_constraints
이태원로49길,2982,5.0,폭축_통과후보,가능,가능,가능,가능,성립,성립,미성립,D(판정 보류),DFlowCore.evaluate_constraints
이태원로4가길,555,3.0,CONDITIONAL_C,가능,가능,가능,가능,성립,미성립,미성립,D(판정 보류),DFlowCore.evaluate_constraints
이태원로4가길,1118,2.0,BLOCKED,가능,불가,불가,가능,미성립,미성립,미성립,D(판정 보류),DFlowCore.evaluate_constraints
이태원로4가길,1380,2.0,BLOCKED,가능,불가,불가,가능,미성립,미성립,미성립,D(판정 보류),DFlowCore.evaluate_constraints
이태원로4가길,1537,5.0,폭축_통과후보,가능,가능,가능,가능,성립,성립,미성립,D(판정 보류),DFlowCore.evaluate_constraints
이태원로4가길,1613,2.0,BLOCKED,가능,불가,불가,가능,미성립,미성립,미성립,D(판정 보류),DFlowCore.evaluate_constraints
이태원로4가길,2403,2.0,BLOCKED,가능,불가,불가,가능,미성립,미성립,미성립,D(판정 보류),DFlowCore.evaluate_constraints
이태원로4가길,2647,2.0,BLOCKED,가능,불가,불가,가능,미성립,미성립,미성립,D(판정 보류),DFlowCore.evaluate_constraints
이태원로4가길,2913,3.0,CONDITIONAL_C,가능,가능,가능,가능,성립,미성립,미성립,D(판정 보류),DFlowCore.evaluate_constraints
이태원로4길,507,11.0,폭축_통과후보,가능,가능,가능,가능,성립,성립,성립,D(판정 보류),DFlowCore.evaluate_constraints
이태원로54가길,57,4.0,폭축_통과후보,가능,가능,가능,가능,성립,성립,미성립,D(판정 보류),DFlowCore.evaluate_constraints
이태원로54길,202,4.0,폭축_통과후보,가능,가능,가능,가능,성립,성립,미성립,D(판정 보류),DFlowCore.evaluate_constraints
이태원로54길,295,12.0,폭축_통과후보,가능,가능,가능,가능,성립,성립,성립,D(판정 보류),DFlowCore.evaluate_constraints
이태원로54길,787,11.0,폭축_통과후보,가능,가능,가능,가능,성립,성립,성립,D(판정 보류),DFlowCore.evaluate_constraints
이태원로54길,1777,7.0,폭축_통과후보,가능,가능,가능,가능,성립,성립,성립,D(판정 보류),DFlowCore.evaluate_constraints
이태원로54길,1815,5.0,폭축_통과후보,가능,가능,가능,가능,성립,성립,미성립,D(판정 보류),DFlowCore.evaluate_constraints
이태원로54길,1836,8.0,폭축_통과후보,가능,가능,가능,가능,성립,성립,성립,D(판정 보류),DFlowCore.evaluate_constraints
이태원로54길,2060,3.0,CONDITIONAL_C,가능,가능,가능,가능,성립,미성립,미성립,D(판정 보류),DFlowCore.evaluate_constraints
이태원로54길,2130,19.0,폭축_통과후보,가능,가능,가능,가능,성립,성립,성립,D(판정 보류),DFlowCore.evaluate_constraints
이태원로54길,2429,3.0,CONDITIONAL_C,가능,가능,가능,가능,성립,미성립,미성립,D(판정 보류),DFlowCore.evaluate_constraints
이태원로54길,2662,6.0,폭축_통과후보,가능,가능,가능,가능,성립,성립,성립,D(판정 보류),DFlowCore.evaluate_constraints
이태원로54길,2681,2.0,BLOCKED,가능,불가,불가,가능,미성립,미성립,미성립,D(판정 보류),DFlowCore.evaluate_constraints
이태원로55가길,34,7.0,폭축_통과후보,가능,가능,가능,가능,성립,성립,성립,D(판정 보류),DFlowCore.evaluate_constraints
이태원로55가길,1319,4.0,폭축_통과후보,가능,가능,가능,가능,성립,성립,미성립,D(판정 보류),DFlowCore.evaluate_constraints
이태원로55길,256,3.0,CONDITIONAL_C,가능,가능,가능,가능,성립,미성립,미성립,D(판정 보류),DFlowCore.evaluate_constraints
이태원로55길,429,6.0,폭축_통과후보,가능,가능,가능,가능,성립,성립,성립,D(판정 보류),DFlowCore.evaluate_constraints
이태원로55길,898,3.0,CONDITIONAL_C,가능,가능,가능,가능,성립,미성립,미성립,D(판정 보류),DFlowCore.evaluate_constraints
이태원로55길,1435,4.0,폭축_통과후보,가능,가능,가능,가능,성립,성립,미성립,D(판정 보류),DFlowCore.evaluate_constraints
이태원로55길,1612,5.0,폭축_통과후보,가능,가능,가능,가능,성립,성립,미성립,D(판정 보류),DFlowCore.evaluate_constraints
이태원로55길,1726,6.0,폭축_통과후보,가능,가능,가능,가능,성립,성립,성립,D(판정 보류),DFlowCore.evaluate_constraints
이태원로55길,1736,7.0,폭축_통과후보,가능,가능,가능,가능,성립,성립,성립,D(판정 보류),DFlowCore.evaluate_constraints
이태원로55길,1811,6.0,폭축_통과후보,가능,가능,가능,가능,성립,성립,성립,D(판정 보류),DFlowCore.evaluate_constraints
이태원로55길,1936,6.0,폭축_통과후보,가능,가능,가능,가능,성립,성립,성립,D(판정 보류),DFlowCore.evaluate_constraints
이태원로55길,1952,5.0,폭축_통과후보,가능,가능,가능,가능,성립,성립,미성립,D(판정 보류),DFlowCore.evaluate_constraints
이태원로55길,1980,6.0,폭축_통과후보,가능,가능,가능,가능,성립,성립,성립,D(판정 보류),DFlowCore.evaluate_constraints
이태원로55길,2230,6.0,폭축_통과후보,가능,가능,가능,가능,성립,성립,성립,D(판정 보류),DFlowCore.evaluate_constraints
이태원로55길,2959,7.0,폭축_통과후보,가능,가능,가능,가능,성립,성립,성립,D(판정 보류),DFlowCore.evaluate_constraints
이태원로55길,3111,4.0,폭축_통과후보,가능,가능,가능,가능,성립,성립,미성립,D(판정 보류),DFlowCore.evaluate_constraints
이태원로55길,3200,7.0,폭축_통과후보,가능,가능,가능,가능,성립,성립,성립,D(판정 보류),DFlowCore.evaluate_constraints
이태원로55나길,2653,6.0,폭축_통과후보,가능,가능,가능,가능,성립,성립,성립,D(판정 보류),DFlowCore.evaluate_constraints
이태원로55다길,1249,5.0,폭축_통과후보,가능,가능,가능,가능,성립,성립,미성립,D(판정 보류),DFlowCore.evaluate_constraints
이태원로55라길,17,6.0,폭축_통과후보,가능,가능,가능,가능,성립,성립,성립,D(판정 보류),DFlowCore.evaluate_constraints
이태원로55라길,925,5.0,폭축_통과후보,가능,가능,가능,가능,성립,성립,미성립,D(판정 보류),DFlowCore.evaluate_constraints
이태원로55라길,1954,6.0,폭축_통과후보,가능,가능,가능,가능,성립,성립,성립,D(판정 보류),DFlowCore.evaluate_constraints
