본문 구절,위치,추출,출처 유형,확인 URL·파일,조치,비고
— AI 로 노면 폭을 직접 재려 하자 대조 8조각 중 7조각이 어긋,서식2 문단 7,8조각,저장소 산출,deliverables/AI-A_모델유사골목_상위.csv | deliverables/AI-B_SAM검증_4자대조.csv | deliverables/AI보완_커버리지표.csv,유지,
"z19에서 객체 후보를 뽑았다. 원 마스크 3,838개.",서식2 문단 8,"3,838개",저장소 산출,docs/판정기준.md | data/vworld/national/derived/sam_vehicle_width.json,유지,
둘 다 통과한 차량 후보 71 — 이 차감이 37조각 중 7조각의 판정,서식2 문단 9,37조각,저장소 산출,deliverables/26개소_산출표.csv | deliverables/ITS영상CCTV_26개소.csv | deliverables/대전_단속CCTV_골목급대조.csv,유지,
", 그 값으로 시공간 슬롯을 나눈다 — 대전 26개소 37조각(최종채택",서식2 문단 9,26개소,저장소 산출,deliverables/AI보완_커버리지표.csv | deliverables/ITS영상CCTV_26개소.csv | deliverables/대전_단속CCTV_골목급대조.csv,유지,
으로 시공간 슬롯을 나눈다 — 대전 26개소 37조각(최종채택 37 ·,서식2 문단 9,37조각,저장소 산출,deliverables/26개소_산출표.csv | deliverables/ITS영상CCTV_26개소.csv | deliverables/대전_단속CCTV_골목급대조.csv,유지,
란 제약요인 1순위가 불법주차라는 조사가 있다[문헌X],서식2 문단 13,[문헌X],2차 인용,출처 일람 X=2차 인용,유지,
있다(재난현장 표준작전절차 2026.5) — SOP 200 3.1.1.1 선,서식2 문단 15,SOP 200,1차 원문,출처 일람 「기준 문서」 행,유지,
소방차량의 진입 등에 장애가 없는 장소」 · SOP 103 2.2.1 상황실,서식2 문단 15,SOP 103,1차 원문,출처 일람 「기준 문서」 행,유지,
명의 표준 도로망 직접 연계 불가율 — 전국 78.2 %,서식2 문단 17,78.2 %,저장소 산출,deliverables/전국대조군_길번길포함률.csv,유지,"16개 시도 합산 이름 152,944 · 포함 33,336 재계산 일치 · 078 P1-8 소제목 표현 변경"
◦ 전국 16개 시도 전부에서 골,서식2 문단 18,16개,저장소 산출,deliverables/26개소_산출표.csv | deliverables/AI-A_모델유사골목_상위.csv | deliverables/AI-B_SAM검증_4자대조.csv,유지,
"되지 않는다(형상 부재가 아니다) — 합산 152,944개 이름 중 포함 3",서식2 문단 18,"152,944개",저장소 산출,data/vworld/national/derived/national_inclusion.json,유지,
"다) — 합산 152,944개 이름 중 포함 33,336개(21.8 %, 9",서식2 문단 18,"33,336개",저장소 산출,data/vworld/national/derived/national_inclusion.json,유지,
"152,944개 이름 중 포함 33,336개(21.8 %, 95 % CI",서식2 문단 18,21.8 %,저장소 산출,deliverables/대전_단속CCTV_골목급대조.csv | data/vworld/national/derived/ngii_bound_cover.json | data/vworld/national/derived/ngii_medial_width.json,유지,
"이름 중 포함 33,336개(21.8 %, 95 % CI 21.6~2",서식2 문단 18,95 %,저장소 산출,deliverables/대전_단속CCTV_골목급대조.csv | deliverables/이름포함률_대전.csv | deliverables/전국대조군_길번길포함률.csv,유지,
", 95 % CI 21.6~22.0) → 밖 78.2 %. 단위는 (시군구",서식2 문단 18,78.2 %,저장소 산출,deliverables/전국대조군_길번길포함률.csv,유지,재계산 일치
"단위는 (시군구, 정규화 도로명)이고 시도별 14.6 %(부산)~31.6",서식2 문단 18,14.6 %,저장소 산출,data/vworld/national/derived/ngii_width_probe.json,유지,
"규화 도로명)이고 시도별 14.6 %(부산)~31.6 %(울산), 조회 실",서식2 문단 18,31.6 %,저장소 산출,deliverables/전국대조군_길번길포함률.csv,유지,울산 포함률 0.3161
※ 도표 1 전국 16개 시도 골목 도로명,서식2 문단 20,16개,저장소 산출,deliverables/26개소_산출표.csv | deliverables/AI-A_모델유사골목_상위.csv | deliverables/AI-B_SAM검증_4자대조.csv,유지,
"로망 도로명 직접 연계 불가율 — 전국 합산 78.2 %(152,944개",서식2 문단 20,78.2 %,저장소 산출,deliverables/전국대조군_길번길포함률.csv,유지,"16개 시도 합산 이름 152,944 · 포함 33,336 재계산 일치 · 078 P1-8 소제목 표현 변경"
"직접 연계 불가율 — 전국 합산 78.2 %(152,944개 이름 중 포함 3",서식2 문단 20,"152,944개",저장소 산출,data/vworld/national/derived/national_inclusion.json,유지,
"78.2 %(152,944개 이름 중 포함 33,336개). 출처 표준노드",서식2 문단 20,"33,336개",저장소 산출,data/vworld/national/derived/national_inclusion.json,유지,
골목은 더 그렇다 — 처리군(지정 길·번길 42개) 밖 97.6 %,서식2 문단 21,42개,저장소 산출,deliverables/26개소_산출표.csv | deliverables/AI-A_모델유사골목_상위.csv | deliverables/AI-C_도로경계내접폭_5자대조.csv,유지,
그렇다 — 처리군(지정 길·번길 42개) 밖 97.6 %(41/42) vs,서식2 문단 21,97.6 %,저장소 산출,deliverables/이름포함률_대전.csv,유지,41/42 = 0.9762
"개) 밖 97.6 %(41/42) vs 같은 5개 구 비지정 2,9",서식2 문단 21,5개,저장소 산출,deliverables/26개소_산출표.csv | deliverables/AI-A_모델유사골목_상위.csv | deliverables/AI-B_SAM검증_4자대조.csv,유지,
"%(41/42) vs 같은 5개 구 비지정 2,922개 79.1 %. 차",서식2 문단 21,"2,922개",저장소 산출,docs/판정기준.md | data/vworld/national/derived/ai_a_classifier.json | data/vworld/national/derived/inclusion_rate.json,유지,
"2) vs 같은 5개 구 비지정 2,922개 79.1 %. 차이 +18.5",서식2 문단 21,79.1 %,저장소 산출,docs/판정기준.md | data/vworld/national/derived/national_inclusion.json,유지,
"구 비지정 2,922개 79.1 %. 차이 +18.5 %p · Fisher",서식2 문단 21,18.5 %p,저장소 산출,deliverables/이름포함률_대전.csv,유지,97.6 − 79.1 · Fisher 단측 p = 0.00069 재계산(scipy)
+18.5 %p · Fisher 단측 p = 0.0007 · 5개 구 모두 같은 방,서식2 문단 21,0.0007 · 5개,저장소 산출,data/vworld/national/derived/hierarchy_compare_v2.json,유지,
경찰청 대전지역 주정차 허용현황 55구간과 26개소 도로명 36개의,서식2 문단 22,26개소,저장소 산출,deliverables/AI보완_커버리지표.csv | deliverables/ITS영상CCTV_26개소.csv | deliverables/대전_단속CCTV_골목급대조.csv,유지,
는 0건이다. 대전 불법주정차 단속 CCTV 243대 중 골목급은 43,서식2 문단 22,243대,저장소 산출,deliverables/연계테이블_도로명주소도로_표준노드링크_대전33개소.csv | data/vworld/national/derived/daejeon_cctv_match.json | data/vworld/national/derived/ngii_width_probe.json,유지,
"법주정차 단속 CCTV 243대 중 골목급은 43대, 26개소 도로명",서식2 문단 22,43대,저장소 산출,deliverables/26개소_산출표.csv | deliverables/ITS영상CCTV_26개소.csv | deliverables/대전_단속CCTV_골목급대조.csv,유지,
"단속 CCTV 243대 중 골목급은 43대, 26개소 도로명 30 m",서식2 문단 22,26개소,저장소 산출,deliverables/AI보완_커버리지표.csv | deliverables/ITS영상CCTV_26개소.csv | deliverables/대전_단속CCTV_골목급대조.csv,유지,
"43대 중 골목급은 43대, 26개소 도로명 30 m 안은 2대다. 시",서식2 문단 22,30 m,저장소 산출,deliverables/AI-B_SAM검증_4자대조.csv | deliverables/AI-C_도로경계내접폭_5자대조.csv | deliverables/ITS영상CCTV_26개소.csv,유지,
으로 삼기 어렵다(포함 여부는 이름 대조이며 26개소 선형 자체는 조회,서식2 문단 23,26개소,저장소 산출,deliverables/AI보완_커버리지표.csv | deliverables/ITS영상CCTV_26개소.csv | deliverables/대전_단속CCTV_골목급대조.csv,유지,
"11,125건",서식2 문단 29,"11,125건",저장소 산출,data/vworld/national/raw/daejeon_sprd_geom.jsonl,유지,"행 수 재계산 일치(원자료, 비추적)"
"7,948건 (71.4 %)",서식2 문단 31,"7,948건",저장소 산출,data/vworld/national/raw/daejeon_sprd_geom.jsonl,유지,"도로명 끝 「길·번길」 행 재계산 일치(원자료, 비추적)"
"7,948건 (71.4 %)",서식2 문단 31,71.4 %,저장소 산출,data/vworld/national/raw/daejeon_sprd_geom.jsonl,유지,"7,948/11,125 재계산"
"7,948건 (100 %)",서식2 문단 33,"7,948건",저장소 산출,data/vworld/national/raw/daejeon_sprd_geom.jsonl,유지,"road_bt 값 있음 7,948 재계산"
"7,948건 (100 %)",서식2 문단 33,100 %,저장소 산출,deliverables/대전_단속CCTV_골목급대조.csv | deliverables/대중교통유입규모_26개소.csv | deliverables/방범CCTV_26개소.csv,유지,
26개소 조각 도로명 36,서식2 문단 34,26개소,저장소 산출,deliverables/AI보완_커버리지표.csv | deliverables/ITS영상CCTV_26개소.csv | deliverables/대전_단속CCTV_골목급대조.csv,유지,
26개소 조각 도로명 36개 중 도로구간에 있,서식2 문단 34,36개,저장소 산출,deliverables/26개소_산출표.csv | deliverables/ITS영상CCTV_26개소.csv | deliverables/경사_26개소.csv,유지,
36개 (100 %),서식2 문단 35,36개,저장소 산출,deliverables/26개소_산출표.csv | deliverables/ITS영상CCTV_26개소.csv | deliverables/경사_26개소.csv,유지,
36개 (100 %),서식2 문단 35,100 %,저장소 산출,deliverables/대전_단속CCTV_골목급대조.csv | deliverables/대중교통유입규모_26개소.csv | deliverables/방범CCTV_26개소.csv,유지,
과 믿을 수 있다는 것은 다르다 — 판독과 ±1 m 안에 들어도(대조,서식2 문단 36,1 m,저장소 산출,deliverables/26개소_산출표.csv | deliverables/AI-A_모델유사골목_상위.csv | deliverables/AI-B_SAM검증_4자대조.csv,유지,
— 판독과 ±1 m 안에 들어도(대조 가능 10조각 모두) 정의·단위,서식2 문단 36,10조각,저장소 산출,deliverables/26개소_산출표.csv | deliverables/AI-A_모델유사골목_상위.csv | deliverables/AI-B_SAM검증_4자대조.csv,유지,
ㅇ 공간정보 도달률 매트릭스[문헌C] — 결측률로는 보,서식2 문단 37,[문헌C],2차 인용,출처 일람 C=2차 인용,유지,
◦ 각 칸 = 대전 26개소 / 전국 · ○,서식2 문단 40,26개소,저장소 산출,deliverables/AI보완_커버리지표.csv | deliverables/ITS영상CCTV_26개소.csv | deliverables/대전_단속CCTV_골목급대조.csv,유지,
○ / ○(결측 0 %),서식2 문단 47,0 %,저장소 산출,deliverables/26개소_산출표.csv | deliverables/AI-A_모델유사골목_상위.csv | deliverables/AI-B_SAM검증_4자대조.csv,유지,
"측 가능성 — 전국 CCTV 표준데이터(대전 8,457개소)를 받아 37조각",서식2 문단 68,"8,457개소",저장소 산출,deliverables/도달률매트릭스_진입곤란26개소.md,유지,
"TV 표준데이터(대전 8,457개소)를 받아 37조각 중 27조각 반경",서식2 문단 68,37조각,저장소 산출,deliverables/26개소_산출표.csv | deliverables/ITS영상CCTV_26개소.csv | deliverables/대전_단속CCTV_골목급대조.csv,유지,
"터(대전 8,457개소)를 받아 37조각 중 27조각 반경 100 m",서식2 문단 68,27조각,저장소 산출,deliverables/26개소_산출표.csv | deliverables/AI-B_SAM검증_4자대조.csv | deliverables/ITS영상CCTV_26개소.csv,유지,
57개소)를 받아 37조각 중 27조각 반경 100 m 안 확인(L1 △,서식2 문단 68,100 m,저장소 산출,deliverables/대전_단속CCTV_골목급대조.csv | deliverables/대중교통유입규모_26개소.csv | deliverables/방범CCTV_26개소.csv,유지,
0 %,서식2 문단 76,0 %,저장소 산출,deliverables/26개소_산출표.csv | deliverables/AI-A_모델유사골목_상위.csv | deliverables/AI-B_SAM검증_4자대조.csv,유지,
"3.0 단일값 30.2 %(264,398구간",서식2 문단 77,30.2 %,저장소 산출,deliverables/3단표.md | deliverables/도달률매트릭스_진입곤란26개소.md | deliverables/이름은있는데쓸수없는속성.md,유지,
"3.0 단일값 30.2 %(264,398구간)",서식2 문단 77,"264,398구간",저장소 산출,deliverables/도달률매트릭스_진입곤란26개소.md | data/vworld/national/derived/road_bt_national.json,유지,
0 %,서식2 문단 80,0 %,저장소 산출,deliverables/26개소_산출표.csv | deliverables/AI-A_모델유사골목_상위.csv | deliverables/AI-B_SAM검증_4자대조.csv,유지,
0 %(26개소 314건,서식2 문단 88,0 %,저장소 산출,deliverables/26개소_산출표.csv | deliverables/AI-A_모델유사골목_상위.csv | deliverables/AI-B_SAM검증_4자대조.csv,유지,
0 %(26개소 314건·대전 표,서식2 문단 88,26개소,저장소 산출,deliverables/AI보완_커버리지표.csv | deliverables/ITS영상CCTV_26개소.csv | deliverables/대전_단속CCTV_골목급대조.csv,유지,
"0 %(26개소 314건·대전 표본 2,7",서식2 문단 88,314건,저장소 산출,deliverables/대전_단속CCTV_골목급대조.csv | data/vworld/national/derived/nodelink_prefix_sido.json | data/vworld/national/derived/nodelink_prefix_sigg.json,유지,
"0 %(26개소 314건·대전 표본 2,763건 전부)",서식2 문단 88,"2,763건",저장소 산출,data/vworld/national/derived/ngii_width_probe.json,유지,"fill.by_rddv_scls n 합 2,763 · sites center_within_30m 합 314"
소로 107건이 전부 1.5 m 로 같게 관측,서식2 문단 89,1.5 m,저장소 산출,deliverables/대전_단속CCTV_골목급대조.csv | docs/판정기준.md | data/vworld/national/derived/ngii_bound_cover.json,유지,
0 %,서식2 문단 92,0 %,저장소 산출,deliverables/26개소_산출표.csv | deliverables/AI-A_모델유사골목_상위.csv | deliverables/AI-B_SAM검증_4자대조.csv,유지,
"-」로 채워져 있다 — 전국 69,247링크(4.43 %)",서식2 문단 93,4.43 %,저장소 산출,deliverables/3단표.md | docs/vworld/데이터수급_실사.md | data/vworld/national/derived/nodelink_scope_stats.json,유지,
sed missing data(위장된 결측)다[문헌N] — 결측률로는 0,서식2 문단 95,[문헌N],1차 원문,출처 일람 N=1차 원문,유지,
Zambanini 외 2020[문헌W] 도로선 버퍼로 주,서식2 문단 101,[문헌W],2차 인용,출처 일람 W=2차 인용,유지,
윤찬·박남권 2025[문헌A] 건축·법제도 →,서식2 문단 103,[문헌A],1차 원문,출처 일람 A=1차 원문,유지,
금성현·정임영 2023[문헌B] → 전국 골목에,서식2 문단 105,[문헌B],2차 인용,출처 일람 B=2차 인용,유지,
윤여름 외 2024[문헌X] 진입곤란 제약요인,서식2 문단 107,[문헌X],2차 인용,출처 일람 X=2차 인용,유지,
Liu 외 2025[문헌Q] 거리뷰 영상 딥러,서식2 문단 109,[문헌Q],2차 인용,출처 일람 Q=2차 인용,유지,
Fang 외 2013[문헌R] 대피 시 교차로,서식2 문단 111,[문헌R],2차 인용,출처 일람 R=2차 인용,유지,
배정 · Dresner & Stone 2008[문헌S] (링크 × 시간),서식2 문단 111,[문헌S],2차 인용,출처 일람 S=2차 인용,유지,
Stopic 외 2023[문헌T] 반사값 임계로 주,서식2 문단 113,[문헌T],2차 인용,출처 일람 T=2차 인용,유지,
주차면 점유 판정 → 본 제안은 SAM 제로샷[문헌H·I] + 도로구간 버퍼,서식2 문단 113,[문헌H·I],1차 원문,출처 일람 H=1차 원문·I=1차 원문,유지,
Singh & Kumar 2024[문헌U] 고해상도 위성 +,서식2 문단 115,[문헌U],2차 인용,출처 일람 U=2차 인용,유지,
Lee 외[문헌V] 단안 3D 로 장,서식2 문단 117,[문헌V],2차 인용,출처 일람 V=2차 인용,유지,
장애물을 빼 유효폭을 내는 것도 선행이 있다[문헌U·V]. 본 제안이 새로,서식2 문단 119,[문헌U·V],2차 인용,출처 일람 U=2차 인용·V=2차 인용,유지,
화 ② 도로구간 버퍼로 거른 차량의 점유폭이 37조각 중 7조각의 판정,서식2 문단 119,37조각,저장소 산출,deliverables/26개소_산출표.csv | deliverables/ITS영상CCTV_26개소.csv | deliverables/대전_단속CCTV_골목급대조.csv,유지,
각의 판정을 낮춘 구조(버퍼 필터 자체는 선행[문헌W]) ③ 차종별 전폭,서식2 문단 119,[문헌W],2차 인용,출처 일람 W=2차 인용,유지,
선행[문헌W]) ③ 차종별 전폭(1.9 / 2.2 / 2.5 m)의 fail-cl,서식2 문단 119,2.2 / 2.5 m,저장소 산출,deliverables/차종투입판정_26개소.csv | deliverables/통행가능폭_주차차감_37조각.csv | docs/판정기준.md,유지,
- 활용 22종 중 20종 공개·,서식2 문단 149,22종,저장소 산출,deliverables/26개소_산출표.csv | deliverables/ITS영상CCTV_26개소.csv | deliverables/경사_26개소.csv,유지,
"- 활용 22종 중 20종 공개·무상 확보,",서식2 문단 149,20종,저장소 산출,deliverables/26개소_산출표.csv | deliverables/AI-A_모델유사골목_상위.csv | deliverables/AI-B_SAM검증_4자대조.csv,유지,
"- 활용 22종 중 20종 공개·무상 확보, 2종 승인 대기(무상)",서식2 문단 149,2종,저장소 산출,deliverables/26개소_산출표.csv | deliverables/AI-A_모델유사골목_상위.csv | deliverables/AI-B_SAM검증_4자대조.csv,유지,
◦ 사례·아이디어 구현 방법 — 26개소 37조각에 폭을,서식2 문단 271,26개소,저장소 산출,deliverables/AI보완_커버리지표.csv | deliverables/ITS영상CCTV_26개소.csv | deliverables/대전_단속CCTV_골목급대조.csv,유지,
·영상 분할 하나)을 모두 돌리고 사람 판독 11조각(검증셋)과 판독,서식2 문단 271,11조각,저장소 산출,deliverables/26개소_산출표.csv | deliverables/AI-A_모델유사골목_상위.csv | deliverables/AI보완_커버리지표.csv,유지,
사람 판독 11조각(검증셋)과 판독 범위 ±1 m 규칙으로 대조했다,서식2 문단 271,1 m,저장소 산출,deliverables/26개소_산출표.csv | deliverables/AI-A_모델유사골목_상위.csv | deliverables/AI-B_SAM검증_4자대조.csv,유지,
로 대조했다(판독은 측정이 아니다 · 등급 C[문헌M]),서식2 문단 271,[문헌M],1차 원문,출처 일람 M=1차 원문,유지,
AI 로 노면을 재려 한 여섯 번째 방법은 8조각 중 7조각이 어긋,서식2 문단 302,8조각,저장소 산출,deliverables/AI-A_모델유사골목_상위.csv | deliverables/AI-B_SAM검증_4자대조.csv | deliverables/AI보완_커버리지표.csv,유지,
버스정류장 · 도시철도 역사 위치(반경 100 m),서식2 문단 316,100 m,저장소 산출,deliverables/대전_단속CCTV_골목급대조.csv | deliverables/대중교통유입규모_26개소.csv | deliverables/방범CCTV_26개소.csv,유지,
"위치 산출 — 37조각 중 15, 정류장",서식2 문단 317,37조각,저장소 산출,deliverables/26개소_산출표.csv | deliverables/ITS영상CCTV_26개소.csv | deliverables/대전_단속CCTV_골목급대조.csv,유지,
단계(37조각 합계),서식2 문단 330,37조각,저장소 산출,deliverables/26개소_산출표.csv | deliverables/ITS영상CCTV_26개소.csv | deliverables/대전_단속CCTV_골목급대조.csv,유지,
9조각 중 대수 일치 5,서식2 문단 346,9조각,저장소 산출,deliverables/26개소_산출표.csv | deliverables/AI-A_모델유사골목_상위.csv | deliverables/ITS영상CCTV_26개소.csv,유지,
정확도에 해당하는 값은 사람 판독 예비 대조 9조각 중 대수 일치 5,서식2 문단 349,9조각,저장소 산출,deliverables/26개소_산출표.csv | deliverables/AI-A_모델유사골목_상위.csv | deliverables/ITS영상CCTV_26개소.csv,유지,
5(차량 없음 일치 3 포함 · 차량 있는 5조각 중 일치 2 ·,서식2 문단 349,5조각,저장소 산출,deliverables/26개소_산출표.csv | deliverables/AI-A_모델유사골목_상위.csv | deliverables/AI-B_SAM검증_4자대조.csv,유지,
"미탐 2)이며, 변정7길 잔여 노면은 판독 3.5~4 m · 추정 3.92",서식2 문단 349,3.5~4 m,저장소 산출,deliverables/26개소_산출표.csv | deliverables/대전_단속CCTV_골목급대조.csv | deliverables/보행약자축_26개소.csv,유지,
길 잔여 노면은 판독 3.5~4 m · 추정 3.92 m 로 부합한다. 최,서식2 문단 349,3.92 m,저장소 산출,deliverables/차량탐지_사람대조_11조각.csv | docs/판정기준.md | data/vworld/national/derived/sam_vehicle_width.json,유지,
· 등급 C) — 주차 차량 차감이 없으면 37조각 중 7조각의 판정,서식2 문단 350,37조각,저장소 산출,deliverables/26개소_산출표.csv | deliverables/ITS영상CCTV_26개소.csv | deliverables/대전_단속CCTV_골목급대조.csv,유지,
LOCKED 1). 예: 목척5길 4.0 → 1.59 m(대조창 사람 1대,서식2 문단 350,1.59 m,저장소 산출,data/vworld/national/derived/sam_vehicle_width.json,유지,
목척5길 4.0 → 1.59 m(대조창 사람 1대 · AI 1대).,서식2 문단 350,1대,저장소 산출,deliverables/26개소_산출표.csv | deliverables/AI-A_모델유사골목_상위.csv | deliverables/AI-B_SAM검증_4자대조.csv,유지,
→ 1.59 m(대조창 사람 1대 · AI 1대). 37조각 중,서식2 문단 350,1대,저장소 산출,deliverables/26개소_산출표.csv | deliverables/AI-A_모델유사골목_상위.csv | deliverables/AI-B_SAM검증_4자대조.csv,유지,
59 m(대조창 사람 1대 · AI 1대). 37조각 중 21조각은 A,서식2 문단 350,37조각,저장소 산출,deliverables/26개소_산출표.csv | deliverables/ITS영상CCTV_26개소.csv | deliverables/대전_단속CCTV_골목급대조.csv,유지,
좌표·가시권만 검토). 방범 CCTV 반경 100 m 안에 드는 조각은,서식2 문단 351,100 m,저장소 산출,deliverables/대전_단속CCTV_골목급대조.csv | deliverables/대중교통유입규모_26개소.csv | deliverables/방범CCTV_26개소.csv,유지,
CCTV 반경 100 m 안에 드는 조각은 37조각 중 27개(사후,서식2 문단 351,37조각,저장소 산출,deliverables/26개소_산출표.csv | deliverables/ITS영상CCTV_26개소.csv | deliverables/대전_단속CCTV_골목급대조.csv,유지,
경 100 m 안에 드는 조각은 37조각 중 27개(사후 추가 대조),서식2 문단 351,27개,저장소 산출,deliverables/26개소_산출표.csv | deliverables/AI-B_SAM검증_4자대조.csv | deliverables/ITS영상CCTV_26개소.csv,유지,
"ITS 영상 CCTV 는 가장 가까운 것이 540 m(중앙 2,893",서식2 문단 351,540 m,저장소 산출,deliverables/26개소_산출표.csv | deliverables/ITS영상CCTV_26개소.csv | deliverables/대전_단속CCTV_골목급대조.csv,유지,
"CTV 는 가장 가까운 것이 540 m(중앙 2,893 m) · 500 m",서식2 문단 351,"2,893 m",저장소 산출,deliverables/ITS영상CCTV_26개소.csv,유지,
"운 것이 540 m(중앙 2,893 m) · 500 m 이내 0개라 CC",서식2 문단 351,500 m,저장소 산출,deliverables/방범CCTV_26개소.csv | docs/판정기준.md | docs/vworld/데이터수급_실사.md,유지,
령·국가규격에서 그대로 가져왔다. 통과 임계 3.5 m 와 영상 차량 규,서식2 문단 355,3.5 m,저장소 산출,deliverables/26개소_산출표.csv | deliverables/대전_단속CCTV_골목급대조.csv | deliverables/보행약자축_26개소.csv,유지,
- 긴급차량 전폭 2.5 m — 소방장비 기본,서식2 문단 356,2.5 m,저장소 산출,deliverables/슬롯시간_26개소.csv | deliverables/차종투입판정_26개소.csv | deliverables/통행가능폭_주차차감_37조각.csv,유지,
급차량 전폭 2.5 m — 소방장비 기본규격 KFS 0008~0012 「3.3,서식2 문단 356,KFS 0008,1차 원문,출처 일람 「기준 문서」 행,유지,
- 보행자 유효폭 1.2 m — 장애인등편의법,서식2 문단 357,1.2 m,저장소 산출,deliverables/슬롯시간_26개소.csv | deliverables/통행가능폭_주차차감_37조각.csv | docs/판정기준.md,유지,
효폭 1.2 m — 장애인등편의법 시행규칙 [별표 1] 1.가.(1),서식2 문단 357,별표 1,1차 원문,출처 일람 「기준 문서」 행,유지,
- 일반차량 전폭 2.0 m — 도로의 구조·,서식2 문단 358,2.0 m,저장소 산출,deliverables/슬롯시간_26개소.csv | deliverables/통행가능폭_주차차감_37조각.csv | docs/판정기준.md,유지,
m — 도로의 구조·시설 기준에 관한 규칙 제5조(설계기준자동차 소,서식2 문단 358,제5조,1차 원문,출처 일람 「기준 문서」 행,유지,
2.5 m 미만,서식2 문단 363,2.5 m,저장소 산출,deliverables/슬롯시간_26개소.csv | deliverables/차종투입판정_26개소.csv | deliverables/통행가능폭_주차차감_37조각.csv,유지,
11 (29.7 %),서식2 문단 364,29.7 %,저장소 산출,deliverables/통행가능폭_주차차감_37조각.csv,유지,최종채택 2.5 m 미만 11 · 3.7~5.5 m 11 재계산
중·대형이 설 수 없다(1.9 m 미만은 전 차종,서식2 문단 365,1.9 m,저장소 산출,deliverables/차종투입판정_26개소.csv | deliverables/통행가능폭_주차차감_37조각.csv | docs/판정기준.md,유지,
2.5 ~ 3.7 m,서식2 문단 366,2.5 ~ 3.7 m,저장소 산출,docs/판정기준.md | data/vworld/national/derived/turn_census.json,유지,
12 (32.4 %),서식2 문단 367,32.4 %,저장소 산출,data/vworld/national/derived/slope_26.json,유지,
3.7 ~ 5.7 m,서식2 문단 369,3.7 ~ 5.7 m,저장소 산출,deliverables/통행가능폭_주차차감_37조각.csv,유지,4단 표 구간 경계 5.7 = E 2.5 + P 1.2 + G 2.0(CSV 임계근거) · 073 §2
11 (29.7 %),서식2 문단 370,29.7 %,저장소 산출,deliverables/통행가능폭_주차차감_37조각.csv,유지,최종채택 2.5 m 미만 11 · 3.7~5.5 m 11 재계산
보행자는 지나가되 일반차량 독립 슬롯(2.0 m)은 서지 않는다,서식2 문단 371,2.0 m,저장소 산출,deliverables/슬롯시간_26개소.csv | deliverables/통행가능폭_주차차감_37조각.csv | docs/판정기준.md,유지,
5.7 m 이상,서식2 문단 372,5.7 m,저장소 산출,deliverables/통행가능폭_주차차감_37조각.csv,유지,최종채택 5.7 m 이상 3 재계산 · 073 §2
3 (8.1 %),서식2 문단 373,8.1 %,저장소 산출,deliverables/통행가능폭_주차차감_37조각.csv,유지,5.5 m 이상 3 재계산
◦ road_bt 6.00 m 만 보면 공간 분,서식2 문단 375,6.00 m,저장소 산출,deliverables/통행가능폭_주차차감_37조각.csv,유지,변정7길 road_bt 6
"해 보인다. 점유 변수를 차감하면 변정7길은 2.99 m 로, 폭 축은 C",서식2 문단 375,2.99 m,저장소 산출,deliverables/26개소_산출표.csv | deliverables/보행약자축_26개소.csv | deliverables/차종투입판정_26개소.csv,유지,
」를 묻는다. 충무로68번길도 road_bt 6 m 에서 3.52 m,서식2 문단 375,6 m,저장소 산출,deliverables/26개소_산출표.csv | deliverables/AI-A_모델유사골목_상위.csv | deliverables/AI-B_SAM검증_4자대조.csv,유지,
충무로68번길도 road_bt 6 m 에서 3.52 m 로 내려가 시간,서식2 문단 375,3.52 m,저장소 산출,data/vworld/national/derived/sam_vehicle_width.json,유지,
◦ 폭 판정 임계 3.5 m(양옆 여유 포함),서식2 문단 376,3.5 m,저장소 산출,deliverables/26개소_산출표.csv | deliverables/대전_단속CCTV_골목급대조.csv | deliverables/보행약자축_26개소.csv,유지,
"혼자 지나갈 수 있는가를, 분리 모드 임계 3.7 m(여유 0)는 보행",서식2 문단 376,3.7 m,저장소 산출,docs/판정기준.md | data/vworld/national/derived/ortho_crosscheck_panels.json | data/vworld/national/derived/sam_vehicle_width.json,유지,
면 공간 분리 14→6조각이다. 두 값 사이 2조각(문정로170번길,서식2 문단 376,2조각,저장소 산출,deliverables/26개소_산출표.csv | deliverables/AI-A_모델유사골목_상위.csv | deliverables/AI-B_SAM검증_4자대조.csv,유지,
◦ 일반차량 독립 슬롯이 서지 않는 조각(5.7 m 미만)이 최종채택,서식2 문단 377,5.7 m,저장소 산출,deliverables/통행가능폭_주차차감_37조각.csv,유지,최종채택 5.7 m 미만 34 재계산 · 073 §2(5.5~5.7 사이 최종채택 값 없음)
않는 조각(5.7 m 미만)이 최종채택 기준 34개(91.9 %)다(,서식2 문단 377,34개,저장소 산출,deliverables/26개소_산출표.csv | deliverables/ITS영상CCTV_26개소.csv | deliverables/경사_26개소.csv,유지,
각(5.7 m 미만)이 최종채택 기준 34개(91.9 %)다(내접폭만 보면,서식2 문단 377,91.9 %,저장소 산출,deliverables/통행가능폭_주차차감_37조각.csv,문장 수정 완료,"34 = 최종채택 5.7 m 미만(073 §2 경계 5.5→5.7, 값 불변) · 3.0 m 미만은 14"
기준 34개(91.9 %)다(내접폭만 보면 23개). 그런데 이 골,서식2 문단 377,23개,저장소 산출,deliverables/26개소_산출표.csv | deliverables/ITS영상CCTV_26개소.csv | deliverables/경사_26개소.csv,유지,
◦ 역전시장길은 내접폭 2.54 m 조각과 5.82,서식2 문단 378,2.54 m,저장소 산출,deliverables/26개소_산출표.csv | deliverables/보행약자축_26개소.csv | deliverables/차종투입판정_26개소.csv,유지,
◦ 역전시장길은 내접폭 2.54 m 조각과 5.82 m 조각을 함께 가진,서식2 문단 378,5.82 m,저장소 산출,deliverables/보행약자축_26개소.csv | deliverables/차종투입판정_26개소.csv | data/vworld/national/derived/ngii_medial_width.json,유지,
한다. 폭으로 갈리는 것은 펌프차다 — 경형 1.9 m 이하 · 소형 2,서식2 문단 381,1.9 m,저장소 산출,deliverables/차종투입판정_26개소.csv | deliverables/통행가능폭_주차차감_37조각.csv | docs/판정기준.md,유지,
펌프차다 — 경형 1.9 m 이하 · 소형 2.2 m 이하 · 중·대형,서식2 문단 381,2.2 m,저장소 산출,deliverables/차종투입판정_26개소.csv | deliverables/통행가능폭_주차차감_37조각.csv | docs/판정기준.md,유지,
이하 · 소형 2.2 m 이하 · 중·대형 2.5 m 이하(KFS 00,서식2 문단 381,2.5 m,저장소 산출,deliverables/슬롯시간_26개소.csv | deliverables/차종투입판정_26개소.csv | deliverables/통행가능폭_주차차감_37조각.csv,유지,
2.2 m 이하 · 중·대형 2.5 m 이하(KFS 0008 3.3). 물탱크,서식2 문단 381,KFS 0008,1차 원문,출처 일람 「기준 문서」 행,유지,
). 물탱크차·사다리차·굴절차·화학차는 모두 2.5 m 이하다,서식2 문단 381,2.5 m,저장소 산출,deliverables/슬롯시간_26개소.csv | deliverables/차종투입판정_26개소.csv | deliverables/통행가능폭_주차차감_37조각.csv,유지,
지 못했다. 대신 도로명주소 도로구간 끝점을 2 m 안에서 이어 골목,서식2 문단 403,2 m,저장소 산출,deliverables/26개소_산출표.csv | deliverables/AI-A_모델유사골목_상위.csv | deliverables/AI-B_SAM검증_4자대조.csv,유지,
◦ 보행약자 축 — 기울기 1/18(별표 1) 대조 가능 2조,서식2 문단 405,별표 1,1차 원문,출처 일람 「기준 문서」 행,유지,
"조각은 충족이나, 계백로1158번길은 내접폭 6.71 m·기울기 1.44",서식2 문단 405,6.71 m,저장소 산출,deliverables/26개소_산출표.csv | deliverables/보행약자축_26개소.csv | deliverables/차종투입판정_26개소.csv,유지,
기고도 계단이 6개다(단차 기준 2 cm). 37조각 중 계단이 있는,서식2 문단 405,37조각,저장소 산출,deliverables/26개소_산출표.csv | deliverables/ITS영상CCTV_26개소.csv | deliverables/대전_단속CCTV_골목급대조.csv,유지,
"3,838개에서 71개를 남긴 결과 · 대전 26개소",서식2 문단 408,26개소,저장소 산출,deliverables/AI보완_커버리지표.csv | deliverables/ITS영상CCTV_26개소.csv | deliverables/대전_단속CCTV_골목급대조.csv,유지,
"·등고선은 조회되지만(실패 0, 등고선 간격 5 m) 표고점이 조각당",서식2 문단 412,5 m,저장소 산출,deliverables/26개소_산출표.csv | deliverables/AI-A_모델유사골목_상위.csv | deliverables/AI-B_SAM검증_4자대조.csv,유지,
"0, 등고선 간격 5 m) 표고점이 조각당 1개 이하인 조각이 3",서식2 문단 412,1개,저장소 산출,deliverables/26개소_산출표.csv | deliverables/AI-A_모델유사골목_상위.csv | deliverables/AI-B_SAM검증_4자대조.csv,유지,
표고점이 조각당 1개 이하인 조각이 32개라 37조각 중 2조각만 경사,서식2 문단 412,37조각,저장소 산출,deliverables/26개소_산출표.csv | deliverables/ITS영상CCTV_26개소.csv | deliverables/대전_단속CCTV_골목급대조.csv,유지,
2개라 37조각 중 2조각만 경사값이 나왔다(0.04 %·1.44 %).,서식2 문단 412,0.04 %,저장소 산출,deliverables/도달률매트릭스_진입곤란26개소.md | data/vworld/national/derived/alley_census.json | data/vworld/national/derived/slope_26.json,유지,
각 중 2조각만 경사값이 나왔다(0.04 %·1.44 %). 없어서가 아니,서식2 문단 412,1.44 %,저장소 산출,deliverables/보행약자축_26개소.csv | deliverables/도달률매트릭스_진입곤란26개소.md | data/vworld/national/derived/sam_validation.json,유지,
- 등판능력 기준은 기본규격 KFS 0008-2019-01 4.4.1.1 「,서식2 문단 413,KFS 0008-2019-01,1차 원문,출처 일람 「기준 문서」 행,유지,
0008-2019-01 4.4.1.1 「구배 18 %」에 있다(차대 제,서식2 문단 413,18 %,저장소 산출,deliverables/26개소_산출표.csv | deliverables/AI-A_모델유사골목_상위.csv | deliverables/ITS영상CCTV_26개소.csv,유지,
"모두 기준 아래이며, 사전 커밋 산출 기록(37조각 UNKNOWN_F",서식2 문단 413,37조각,저장소 산출,deliverables/26개소_산출표.csv | deliverables/ITS영상CCTV_26개소.csv | deliverables/대전_단속CCTV_골목급대조.csv,유지,
피 구간(내비 공급자 권한 미개통 · 실응답 0건) · 재난문자 ·,서식2 문단 416,0건,저장소 산출,deliverables/26개소_산출표.csv | deliverables/AI-A_모델유사골목_상위.csv | deliverables/AI-B_SAM검증_4자대조.csv,유지,
◦ 26개소 산출 요약 — 대,서식2 문단 418,26개소,저장소 산출,deliverables/AI보완_커버리지표.csv | deliverables/ITS영상CCTV_26개소.csv | deliverables/대전_단속CCTV_골목급대조.csv,유지,
상은 표준 도로망에 지정 도로명 링크가 없는 26개소(동구 5 · 중구,서식2 문단 418,26개소,저장소 산출,deliverables/AI보완_커버리지표.csv | deliverables/ITS영상CCTV_26개소.csv | deliverables/대전_단속CCTV_골목급대조.csv,유지,
"· 대덕구 8), 조각 37개다. 전체 표는 26개소_산출표.csv",서식2 문단 418,26개소,저장소 산출,deliverables/AI보완_커버리지표.csv | deliverables/ITS영상CCTV_26개소.csv | deliverables/대전_단속CCTV_골목급대조.csv,유지,
※ 도표 3 대전 진입곤란 지정 26개소 좌표화 — 내접폭,서식2 문단 420,26개소,저장소 산출,deliverables/AI보완_커버리지표.csv | deliverables/ITS영상CCTV_26개소.csv | deliverables/대전_단속CCTV_골목급대조.csv,유지,
_FAIL_CLOSED 2 · 배제되지 않음 15개소,서식2 문단 420,15개소,저장소 산출,deliverables/26개소_산출표.csv | deliverables/AI-A_모델유사골목_상위.csv | deliverables/AI-B_SAM검증_4자대조.csv,유지,
20개소 산출 · 6개소는,서식2 문단 427,20개소,저장소 산출,deliverables/26개소_산출표.csv | deliverables/AI-A_모델유사골목_상위.csv | deliverables/AI-B_SAM검증_4자대조.csv,유지,
50 m 이내 15 · 1,서식2 문단 429,50 m,저장소 산출,deliverables/26개소_산출표.csv | deliverables/ITS영상CCTV_26개소.csv | deliverables/대전_단속CCTV_골목급대조.csv,유지,
50 m 이내 15 · 100 m 이내 21 · 1,서식2 문단 429,15 · 100 m,저장소 산출,deliverables/대전_단속CCTV_골목급대조.csv | deliverables/방범CCTV_26개소.csv | deliverables/도달률매트릭스_진입곤란26개소.md,유지,
50 m 이내 15 · 100 m 이내 21 · 100 m 초과 5(소방기본,서식2 문단 429,21 · 100 m,저장소 산출,deliverables/대전_단속CCTV_골목급대조.csv | deliverables/방범CCTV_26개소.csv | deliverables/도달률매트릭스_진입곤란26개소.md,유지,
· 100 m 초과 5(소방기본법 시행규칙 별표3 수평거리 100,서식2 문단 429,별표3,1차 원문,출처 일람 「기준 문서」 행,유지,
초과 5(소방기본법 시행규칙 별표3 수평거리 100 m 대비·참고). 호,서식2 문단 429,100 m,저장소 산출,deliverables/대전_단속CCTV_골목급대조.csv | deliverables/대중교통유입규모_26개소.csv | deliverables/방범CCTV_26개소.csv,유지,
20개소 배정 · 6개소,서식2 문단 431,20개소,저장소 산출,deliverables/26개소_산출표.csv | deliverables/AI-A_모델유사골목_상위.csv | deliverables/AI-B_SAM검증_4자대조.csv,유지,
20개소 배정 · 6개소 미배정 · 전부,서식2 문단 431,6개소,저장소 산출,deliverables/26개소_산출표.csv | deliverables/AI-A_모델유사골목_상위.csv | deliverables/AI-B_SAM검증_4자대조.csv,유지,
위성영상에 골목이 보이고 도로명주소 선형도 1개·5개 있는데 지정,서식2 문단 435,1개,저장소 산출,deliverables/26개소_산출표.csv | deliverables/AI-A_모델유사골목_상위.csv | deliverables/AI-B_SAM검증_4자대조.csv,유지,
영상에 골목이 보이고 도로명주소 선형도 1개·5개 있는데 지정 도로,서식2 문단 435,5개,저장소 산출,deliverables/26개소_산출표.csv | deliverables/AI-A_모델유사골목_상위.csv | deliverables/AI-B_SAM검증_4자대조.csv,유지,
"있는데 지정 도로명 링크는 0이다. 내접폭 4.56·3.97 m, 용수 37.3·",서식2 문단 435,4.56·3.97 m,저장소 산출,deliverables/26개소_산출표.csv | deliverables/보행약자축_26개소.csv | deliverables/차종투입판정_26개소.csv,유지,
"0이다. 내접폭 4.56·3.97 m, 용수 37.3·28.7 m, 접한 건물 44",서식2 문단 435,37.3·28.7 m,저장소 산출,deliverables/26개소_산출표.csv | deliverables/26개소_산출표.md | data/vworld/national/derived/site_table_26.json,유지,
산출물 2종,서식2 문단 436,2종,저장소 산출,deliverables/26개소_산출표.csv | deliverables/AI-A_모델유사골목_상위.csv | deliverables/AI-B_SAM검증_4자대조.csv,유지,
"있는 개소 7 ② 전국 폭 속성 교차표 — 875,892구간 × road_bt",서식2 문단 437,"875,892구간",저장소 산출,deliverables/도달률매트릭스_진입곤란26개소.md | deliverables/산출물_명세.md | deliverables/이름은있는데쓸수없는속성.md,유지,
"남기는 것이며, 국내 선행연구도 도로중심선 9,974개 중 8,207개(",서식2 문단 437,"9,974개",1차 원문,출처 일람 문헌 J(본문 확인) 방윤식·가칠오·유기윤(2012),유지,선행연구 인용 수치
"국내 선행연구도 도로중심선 9,974개 중 8,207개(82.28 %)만",서식2 문단 437,"8,207개",1차 원문,출처 일람 문헌 J(본문 확인),유지,선행연구 인용 수치
"구도 도로중심선 9,974개 중 8,207개(82.28 %)만 대응을 찾았고",서식2 문단 437,82.28 %,1차 원문,출처 일람 문헌 J(본문 확인),유지,선행연구 인용 수치
"8,207개(82.28 %)만 대응을 찾았고[문헌J] 국제적으로도 별도",서식2 문단 437,[문헌J],1차 원문,출처 일람 J=1차 원문,유지,
적으로도 별도 표준(OpenLR)으로 다뤄진다[문헌K],서식2 문단 437,[문헌K],1차 원문,출처 일람 K=1차 원문,유지,
◦ 차종 배치 제언 — 최종채택 폭 1.9 m 미만 7조각은 규,서식2 문단 460,1.9 m,저장소 산출,deliverables/차종투입판정_26개소.csv | deliverables/통행가능폭_주차차감_37조각.csv | docs/판정기준.md,유지,
"격상 어떤 소방차도 진입을 인정할 수 없고, 1.9~2.2 m 3조각은 경형 펌",서식2 문단 460,1.9~2.2 m,저장소 산출,deliverables/차종투입판정_26개소.csv | deliverables/통행가능폭_주차차감_37조각.csv | docs/판정기준.md,유지,
우선순위 — 일반차량 독립 슬롯이 서지 않는 34조각(최종채택 5.7,서식2 문단 461,34조각,저장소 산출,deliverables/26개소_산출표.csv | deliverables/ITS영상CCTV_26개소.csv | deliverables/경사_26개소.csv,유지,
량 독립 슬롯이 서지 않는 34조각(최종채택 5.7 m 미만)을 폭이 좁,서식2 문단 461,5.7 m,저장소 산출,docs/판정기준.md | data/vworld/national/derived/access37_reverse.json | data/vworld/national/derived/ngii_bound_cover.json,유지,
◦ 법 근거 — 재난안전법 제74조의5(2025 신설)가,서식2 문단 462,제74조의5,1차 원문,출처 일람 「기준 문서」 행,유지,
"상황실 정보 공유 근거를 두었고, 소방본부는 제3조제7호 긴급구조기관",서식2 문단 462,제3조,1차 원문,출처 일람 「기준 문서」 행,유지,
무엇이 달라지는가 — 동구 진수길 일대(폭 1.35 m · 접한 건물 8,서식2 문단 470,1.35 m,저장소 산출,deliverables/26개소_산출표.csv | deliverables/보행약자축_26개소.csv | deliverables/차종투입판정_26개소.csv,유지,
전 차종 배제 · 계족로 대기 · 용수 직선 86 m」가 먼저 뜬다.,서식2 문단 470,86 m,저장소 산출,deliverables/26개소_산출표.csv | deliverables/슬롯시간_26개소.csv | deliverables/용수도달성_26개소.csv,유지,
- 대전에서 행정이 진입곤란으로 지정한 26개 구간에 접한 건물,서식2 문단 472,26개,저장소 산출,deliverables/AI보완_커버리지표.csv | deliverables/ITS영상CCTV_26개소.csv | deliverables/대전_단속CCTV_골목급대조.csv,유지,
도 주민 수도 아니다. 인구는 국토정보플랫폼 100 m 격자로 붙일 수,서식2 문단 475,100 m,저장소 산출,deliverables/대전_단속CCTV_골목급대조.csv | deliverables/대중교통유입규모_26개소.csv | deliverables/방범CCTV_26개소.csv,유지,
L2 · 폭 L3) · 판정 커버리지(폭 축 37조각) · 용수 도달성,서식2 문단 480,37조각,저장소 산출,deliverables/26개소_산출표.csv | deliverables/ITS영상CCTV_26개소.csv | deliverables/대전_단속CCTV_골목급대조.csv,유지,
효과 — 도달률이 낮은 우선 조사 구간 수(26개소 37조각 중 BL,서식2 문단 481,26개소,저장소 산출,deliverables/AI보완_커버리지표.csv | deliverables/ITS영상CCTV_26개소.csv | deliverables/대전_단속CCTV_골목급대조.csv,유지,
도달률이 낮은 우선 조사 구간 수(26개소 37조각 중 BLOCKED,서식2 문단 481,37조각,저장소 산출,deliverables/26개소_산출표.csv | deliverables/ITS영상CCTV_26개소.csv | deliverables/대전_단속CCTV_골목급대조.csv,유지,
소 37조각 중 BLOCKED·UNKNOWN 11조각),서식2 문단 481,11조각,저장소 산출,deliverables/26개소_산출표.csv | deliverables/AI-A_모델유사골목_상위.csv | deliverables/AI보완_커버리지표.csv,유지,
1개 소방서 관할 진입,서식2 문단 491,1개,저장소 산출,deliverables/26개소_산출표.csv | deliverables/AI-A_모델유사골목_상위.csv | deliverables/AI-B_SAM검증_4자대조.csv,유지,
길을 같은 입력으로 SAM 재실행하자 마스크 93개·차량 후보 5대가,서식2 문단 510,93개,저장소 산출,deliverables/대전_단속CCTV_골목급대조.csv | deliverables/연계테이블_도로명주소도로_표준노드링크_대전33개소.csv | deliverables/26개소_산출표.md,유지,
- 상용 지도·경로·비전·언어 모델 API 0건. SAM 은 Ap,서식2 문단 511,0건,저장소 산출,deliverables/26개소_산출표.csv | deliverables/AI-A_모델유사골목_상위.csv | deliverables/AI-B_SAM검증_4자대조.csv,유지,
ad_bt/2 의 0.8~1.2배로 흔들어도 37조각 중 32조각(86,서식2 문단 512,37조각,저장소 산출,deliverables/26개소_산출표.csv | deliverables/ITS영상CCTV_26개소.csv | deliverables/대전_단속CCTV_골목급대조.csv,유지,
의 0.8~1.2배로 흔들어도 37조각 중 32조각(86.5 %) 이,서식2 문단 512,32조각,저장소 산출,deliverables/26개소_산출표.csv | deliverables/ITS영상CCTV_26개소.csv | deliverables/경사_26개소.csv,유지,
8~1.2배로 흔들어도 37조각 중 32조각(86.5 %) 이상의 폭 판정,서식2 문단 512,86.5 %,저장소 산출,data/vworld/national/derived/sensitivity.json,유지,
"판정이 바뀌지 않았고(가장 넓힌 1.2배에서 5조각 변동), 차량 규",서식2 문단 512,5조각,저장소 산출,deliverables/26개소_산출표.csv | deliverables/AI-A_모델유사골목_상위.csv | deliverables/AI-B_SAM검증_4자대조.csv,유지,
"5조각 변동), 차량 규격 선험을 항목별 ±10 % 흔든 경우에도 8",서식2 문단 512,10 %,저장소 산출,deliverables/26개소_산출표.csv | deliverables/AI-A_모델유사골목_상위.csv | deliverables/AI-B_SAM검증_4자대조.csv,유지,
규격 선험을 항목별 ±10 % 흔든 경우에도 89.2 % 이상이 유지됐다(,서식2 문단 512,89.2 %,저장소 산출,data/vworld/national/derived/sensitivity.json,유지,
. 등판 기준값은 없는 것이 아니라 기본규격 KFS 0008-2019-01 4.4.1.1 에,서식2 문단 513,KFS 0008-2019-01,1차 원문,출처 일람 「기준 문서」 행,유지,
촬영 시점 추정」으로만 적었다. 사람 대조 9조각 중 대수 차이 4,서식2 문단 520,9조각,저장소 산출,deliverables/26개소_산출표.csv | deliverables/AI-A_모델유사골목_상위.csv | deliverables/ITS영상CCTV_26개소.csv,유지,
평면을 가정한다 → 경사가 큰 조각은 경사_26개소.csv 로 표시할,서식2 문단 520,26개소,저장소 산출,deliverables/AI보완_커버리지표.csv | deliverables/ITS영상CCTV_26개소.csv | deliverables/대전_단속CCTV_골목급대조.csv,유지,
"코드(12) 때문이고, 링크ID 앞 3자리 251개 중 58개가 여러",서식2 문단 524,251개,저장소 산출,data/vworld/national/derived/hierarchy_compare_v2.json | data/vworld/national/derived/national_inclusion.json | data/vworld/national/derived/nodelink_prefix_sido.json,유지,
"기준(제작규격 전개너비·자동수평제어 경사각, SOP 209 전개 장애 항목)",서식2 문단 533,SOP 209,1차 원문,출처 일람 「기준 문서」 행,유지,
※ 호스 연장 거리 수치는 SOP 208 에 없어 용수 도,서식2 문단 534,SOP 208,1차 원문,출처 일람 「기준 문서」 행,유지,
수치는 SOP 208 에 없어 용수 도달성은 26개소 전부 UNKNOW,서식2 문단 534,26개소,저장소 산출,deliverables/AI보완_커버리지표.csv | deliverables/ITS영상CCTV_26개소.csv | deliverables/대전_단속CCTV_골목급대조.csv,유지,
에 포함되지 않습니다」 · 소방장비 기본규격 KFS 0008~0012·KFS-,서식2 문단 538,KFS 0008,1차 원문,출처 일람 「기준 문서」 행,유지,
소방장비 기본규격 KFS 0008~0012·KFS-1-0030(소방청) · 20,서식2 문단 538,KFS-1-0030,1차 원문,출처 일람 「기준 문서」 행,유지,
8~0012·KFS-1-0030(소방청) · 2025년 소방자동차 제작규,서식2 문단 538,2025년,저장소 산출,deliverables/도달률매트릭스_진입곤란26개소.md | docs/판정기준.md | docs/vworld/데이터수급_실사.md,유지,
전절차(2026.5) · 편의증진법 시행규칙 별표 1 · 도로의 구조·,서식2 문단 538,별표 1,1차 원문,출처 일람 「기준 문서」 행,유지,
1 · 도로의 구조·시설 기준에 관한 규칙 제5조 · 재난 및 안전,서식2 문단 538,제5조,1차 원문,출처 일람 「기준 문서」 행,유지,
한 규칙 제5조 · 재난 및 안전관리 기본법 제3조·제74조의5 ·,서식2 문단 538,제3조,1차 원문,출처 일람 「기준 문서」 행,유지,
제5조 · 재난 및 안전관리 기본법 제3조·제74조의5 · 데이터는 2장,서식2 문단 538,제74조의5,1차 원문,출처 일람 「기준 문서」 행,유지,
