getonBusSttnId	ymdId	busSttnNm	getonCnt	getoffCnt	transfPsngrCnt
8001008	20260701	가수원동(33090)	10	7	0
8001008	20260702	가수원동(33090)	8	12	0
8001008	20260703	가수원동(33090)	10	11	0
8001008	20260704	가수원동(33090)	10	3	0
8001008	20260705	가수원동(33090)	4	6	0
8001008	20260706	가수원동(33090)	11	11	0
8001008	20260707	가수원동(33090)	10	6	0
8001008	20260708	가수원동(33090)	9	7	0
8001008	20260709	가수원동(33090)	8	5	0
8001008	20260710	가수원동(33090)	20	12	0
8001008	20260711	가수원동(33090)	10	8	0
8001008	20260712	가수원동(33090)	2	5	0
8001008	20260713	가수원동(33090)	9	3	0
8001008	20260714	가수원동(33090)	11	9	0
8001008	20260715	가수원동(33090)	18	9	1
8001008	20260716	가수원동(33090)	11	11	0
8001008	20260717	가수원동(33090)	6	3	0
8001008	20260718	가수원동(33090)	7	8	0
8001008	20260719	가수원동(33090)	5	5	0
8001008	20260720	가수원동(33090)	15	8	1
8001008	20260721	가수원동(33090)	13	8	2
8001008	20260722	가수원동(33090)	12	10	0
8001008	20260723	가수원동(33090)	12	6	0
8001008	20260724	가수원동(33090)	9	3	0
8001008	20260725	가수원동(33090)	15	11	0
8001008	20260726	가수원동(33090)	6	8	0
8001008	20260727	가수원동(33090)	13	8	0
8001008	20260728	가수원동(33090)	17	9	0
8001008	20260729	가수원동(33090)	11	6	0
8001008	20260730	가수원동(33090)	10	11	0
8001008	20260731	가수원동(33090)	16	10	0
8001019	20260701	가수원동(33080)	5	19	0
8001019	20260702	가수원동(33080)	6	13	1
8001019	20260703	가수원동(33080)	7	10	0
8001019	20260704	가수원동(33080)	2	14	0
8001019	20260705	가수원동(33080)	1	2	0
8001019	20260706	가수원동(33080)	7	13	1
8001019	20260707	가수원동(33080)	7	12	0
8001019	20260708	가수원동(33080)	4	21	1
8001019	20260709	가수원동(33080)	0	12	0
8001019	20260710	가수원동(33080)	4	17	0
8001019	20260711	가수원동(33080)	4	7	0
8001019	20260712	가수원동(33080)	3	5	0
8001019	20260713	가수원동(33080)	4	13	0
8001019	20260714	가수원동(33080)	6	13	0
8001019	20260715	가수원동(33080)	8	16	0
8001019	20260716	가수원동(33080)	6	12	0
8001019	20260717	가수원동(33080)	4	8	0
8001019	20260718	가수원동(33080)	3	3	0
8001019	20260719	가수원동(33080)	4	7	0
8001019	20260720	가수원동(33080)	5	22	0
8001019	20260721	가수원동(33080)	11	13	0
8001019	20260722	가수원동(33080)	8	18	0
8001019	20260723	가수원동(33080)	6	20	0
8001019	20260724	가수원동(33080)	8	13	0
8001019	20260725	가수원동(33080)	5	17	0
8001019	20260726	가수원동(33080)	8	7	0
8001019	20260727	가수원동(33080)	6	17	0
8001019	20260728	가수원동(33080)	8	18	0
8001019	20260729	가수원동(33080)	4	11	0
8001019	20260730	가수원동(33080)	10	13	1
8001019	20260731	가수원동(33080)	8	19	1
8001055	20260701	갈마2동주민센터/충청투데이(31950)	424	445	27
8001055	20260702	갈마2동주민센터/충청투데이(31950)	412	432	16
8001055	20260703	갈마2동주민센터/충청투데이(31950)	398	487	22
8001055	20260704	갈마2동주민센터/충청투데이(31950)	278	292	11
8001055	20260705	갈마2동주민센터/충청투데이(31950)	182	199	5
8001055	20260706	갈마2동주민센터/충청투데이(31950)	358	443	14
8001055	20260707	갈마2동주민센터/충청투데이(31950)	370	421	19
8001055	20260708	갈마2동주민센터/충청투데이(31950)	352	410	13
8001055	20260709	갈마2동주민센터/충청투데이(31950)	386	423	17
8001055	20260710	갈마2동주민센터/충청투데이(31950)	407	454	19
8001055	20260711	갈마2동주민센터/충청투데이(31950)	236	315	11
8001055	20260712	갈마2동주민센터/충청투데이(31950)	174	178	11
8001055	20260713	갈마2동주민센터/충청투데이(31950)	391	443	17
8001055	20260714	갈마2동주민센터/충청투데이(31950)	377	404	14
8001055	20260715	갈마2동주민센터/충청투데이(31950)	402	418	20
8001055	20260716	갈마2동주민센터/충청투데이(31950)	382	399	13
8001055	20260717	갈마2동주민센터/충청투데이(31950)	181	217	9
8001055	20260718	갈마2동주민센터/충청투데이(31950)	186	225	11
8001055	20260719	갈마2동주민센터/충청투데이(31950)	179	192	7
8001055	20260720	갈마2동주민센터/충청투데이(31950)	352	395	19
8001055	20260721	갈마2동주민센터/충청투데이(31950)	375	416	20
8001055	20260722	갈마2동주민센터/충청투데이(31950)	351	379	16
8001055	20260723	갈마2동주민센터/충청투데이(31950)	370	421	16
8001055	20260724	갈마2동주민센터/충청투데이(31950)	376	434	13
8001055	20260725	갈마2동주민센터/충청투데이(31950)	224	266	7
8001055	20260726	갈마2동주민센터/충청투데이(31950)	191	156	9
8001055	20260727	갈마2동주민센터/충청투데이(31950)	358	423	21
8001055	20260728	갈마2동주민센터/충청투데이(31950)	333	406	18
8001055	20260729	갈마2동주민센터/충청투데이(31950)	358	373	12
8001055	20260730	갈마2동주민센터/충청투데이(31950)	330	395	10
8001055	20260731	갈마2동주민센터/충청투데이(31950)	333	416	10
8001256	20260701	변동근린공원(30570)	241	68	3
8001256	20260702	변동근린공원(30570)	274	58	0
8001256	20260703	변동근린공원(30570)	248	58	2
8001256	20260704	변동근린공원(30570)	135	16	0
8001256	20260705	변동근린공원(30570)	114	21	0
8001256	20260706	변동근린공원(30570)	255	61	2
8001256	20260707	변동근린공원(30570)	258	48	2
8001256	20260708	변동근린공원(30570)	220	54	2
8001256	20260709	변동근린공원(30570)	225	53	0
8001256	20260710	변동근린공원(30570)	279	64	2
8001256	20260711	변동근린공원(30570)	176	23	3
8001256	20260712	변동근린공원(30570)	120	14	0
8001256	20260713	변동근린공원(30570)	245	59	1
8001256	20260714	변동근린공원(30570)	248	57	3
8001256	20260715	변동근린공원(30570)	241	67	1
8001256	20260716	변동근린공원(30570)	245	46	2
8001256	20260717	변동근린공원(30570)	136	16	1
8001256	20260718	변동근린공원(30570)	140	16	0
8001256	20260719	변동근린공원(30570)	116	13	1
8001256	20260720	변동근린공원(30570)	191	34	0
8001256	20260721	변동근린공원(30570)	188	34	0
8001256	20260722	변동근린공원(30570)	214	42	0
8001256	20260723	변동근린공원(30570)	221	33	1
8001256	20260724	변동근린공원(30570)	202	37	0
8001256	20260725	변동근린공원(30570)	141	23	1
8001256	20260726	변동근린공원(30570)	112	12	2
8001256	20260727	변동근린공원(30570)	220	32	0
8001256	20260728	변동근린공원(30570)	194	27	1
8001256	20260729	변동근린공원(30570)	197	39	0
8001256	20260730	변동근린공원(30570)	179	24	0
8001256	20260731	변동근린공원(30570)	198	26	1
8001257	20260701	변동근린공원(30590)	49	169	0
8001257	20260702	변동근린공원(30590)	62	166	1
8001257	20260703	변동근린공원(30590)	53	170	0
8001257	20260704	변동근린공원(30590)	11	61	0
8001257	20260705	변동근린공원(30590)	11	60	0
8001257	20260706	변동근린공원(30590)	50	180	0
8001257	20260707	변동근린공원(30590)	46	164	0
8001257	20260708	변동근린공원(30590)	53	150	0
8001257	20260709	변동근린공원(30590)	44	149	0
8001257	20260710	변동근린공원(30590)	49	175	0
8001257	20260711	변동근린공원(30590)	11	83	0
8001257	20260712	변동근린공원(30590)	14	59	0
8001257	20260713	변동근린공원(30590)	43	158	0
8001257	20260714	변동근린공원(30590)	56	171	0
8001257	20260715	변동근린공원(30590)	54	188	0
8001257	20260716	변동근린공원(30590)	52	142	0
8001257	20260717	변동근린공원(30590)	17	76	1
8001257	20260718	변동근린공원(30590)	9	59	0
8001257	20260719	변동근린공원(30590)	10	61	0
8001257	20260720	변동근린공원(30590)	38	109	0
8001257	20260721	변동근린공원(30590)	26	119	0
8001257	20260722	변동근린공원(30590)	38	131	0
8001257	20260723	변동근린공원(30590)	38	134	1
8001257	20260724	변동근린공원(30590)	28	104	0
8001257	20260725	변동근린공원(30590)	15	65	0
8001257	20260726	변동근린공원(30590)	8	59	0
8001257	20260727	변동근린공원(30590)	31	129	0
8001257	20260728	변동근린공원(30590)	27	119	0
8001257	20260729	변동근린공원(30590)	35	118	1
8001257	20260730	변동근린공원(30590)	26	102	0
8001257	20260731	변동근린공원(30590)	26	111	0
8001412	20260701	대전역/역전시장(10040)	2911	3050	974
8001412	20260702	대전역/역전시장(10040)	3020	3187	1032
8001412	20260703	대전역/역전시장(10040)	2986	3407	986
8001412	20260704	대전역/역전시장(10040)	2992	3273	856
8001412	20260705	대전역/역전시장(10040)	1735	2090	503
8001412	20260706	대전역/역전시장(10040)	2730	3000	914
8001412	20260707	대전역/역전시장(10040)	2641	2731	856
8001412	20260708	대전역/역전시장(10040)	2232	2593	796
8001412	20260709	대전역/역전시장(10040)	2372	2594	795
8001412	20260710	대전역/역전시장(10040)	3261	3532	1103
8001412	20260711	대전역/역전시장(10040)	2914	3102	884
8001412	20260712	대전역/역전시장(10040)	2018	2341	596
8001412	20260713	대전역/역전시장(10040)	2769	2998	980
8001412	20260714	대전역/역전시장(10040)	2908	3030	1006
8001412	20260715	대전역/역전시장(10040)	2740	2940	949
8001412	20260716	대전역/역전시장(10040)	3078	3320	1015
8001412	20260717	대전역/역전시장(10040)	2522	2731	687
8001412	20260718	대전역/역전시장(10040)	2527	2670	690
8001412	20260719	대전역/역전시장(10040)	2007	2281	593
8001412	20260720	대전역/역전시장(10040)	3041	3099	1026
8001412	20260721	대전역/역전시장(10040)	2964	3031	998
8001412	20260722	대전역/역전시장(10040)	2667	2917	892
8001412	20260723	대전역/역전시장(10040)	2885	3013	949
8001412	20260724	대전역/역전시장(10040)	3054	3180	956
8001412	20260725	대전역/역전시장(10040)	2908	2923	835
8001412	20260726	대전역/역전시장(10040)	2086	2280	599
8001412	20260727	대전역/역전시장(10040)	3014	2949	938
8001412	20260728	대전역/역전시장(10040)	3010	2898	920
8001412	20260729	대전역/역전시장(10040)	2959	2933	944
8001412	20260730	대전역/역전시장(10040)	3017	3127	935
8001412	20260731	대전역/역전시장(10040)	2877	3044	918
8001459	20260701	대화동행정복지센터(50480)	49	140	0
8001459	20260702	대화동행정복지센터(50480)	45	151	1
8001459	20260703	대화동행정복지센터(50480)	46	139	1
8001459	20260704	대화동행정복지센터(50480)	36	91	0
8001459	20260705	대화동행정복지센터(50480)	17	48	1
8001459	20260706	대화동행정복지센터(50480)	41	133	1
8001459	20260707	대화동행정복지센터(50480)	51	142	5
8001459	20260708	대화동행정복지센터(50480)	38	126	1
8001459	20260709	대화동행정복지센터(50480)	54	153	0
8001459	20260710	대화동행정복지센터(50480)	52	156	1
8001459	20260711	대화동행정복지센터(50480)	30	87	0
8001459	20260712	대화동행정복지센터(50480)	19	50	0
8001459	20260713	대화동행정복지센터(50480)	48	122	2
8001459	20260714	대화동행정복지센터(50480)	43	120	1
8001459	20260715	대화동행정복지센터(50480)	40	133	0
8001459	20260716	대화동행정복지센터(50480)	61	114	2
8001459	20260717	대화동행정복지센터(50480)	21	56	0
8001459	20260718	대화동행정복지센터(50480)	13	51	1
8001459	20260719	대화동행정복지센터(50480)	19	33	2
8001459	20260720	대화동행정복지센터(50480)	43	123	0
8001459	20260721	대화동행정복지센터(50480)	51	116	0
8001459	20260722	대화동행정복지센터(50480)	52	96	1
8001459	20260723	대화동행정복지센터(50480)	57	97	0
8001459	20260724	대화동행정복지센터(50480)	39	112	1
8001459	20260725	대화동행정복지센터(50480)	23	60	2
8001459	20260726	대화동행정복지센터(50480)	11	27	0
8001459	20260727	대화동행정복지센터(50480)	38	93	1
8001459	20260728	대화동행정복지센터(50480)	38	110	2
8001459	20260729	대화동행정복지센터(50480)	32	109	1
8001459	20260730	대화동행정복지센터(50480)	28	105	2
8001459	20260731	대화동행정복지센터(50480)	34	101	1
8001460	20260701	대화동행정복지센터(50530)	178	40	2
8001460	20260702	대화동행정복지센터(50530)	166	45	3
8001460	20260703	대화동행정복지센터(50530)	157	52	6
8001460	20260704	대화동행정복지센터(50530)	107	18	2
8001460	20260705	대화동행정복지센터(50530)	55	11	1
8001460	20260706	대화동행정복지센터(50530)	172	37	4
8001460	20260707	대화동행정복지센터(50530)	150	44	6
8001460	20260708	대화동행정복지센터(50530)	157	41	3
8001460	20260709	대화동행정복지센터(50530)	163	40	6
8001460	20260710	대화동행정복지센터(50530)	193	53	4
8001460	20260711	대화동행정복지센터(50530)	105	27	3
8001460	20260712	대화동행정복지센터(50530)	75	20	2
8001460	20260713	대화동행정복지센터(50530)	165	34	5
8001460	20260714	대화동행정복지센터(50530)	175	40	3
8001460	20260715	대화동행정복지센터(50530)	175	38	3
8001460	20260716	대화동행정복지센터(50530)	162	54	6
8001460	20260717	대화동행정복지센터(50530)	88	22	0
8001460	20260718	대화동행정복지센터(50530)	97	22	2
8001460	20260719	대화동행정복지센터(50530)	70	19	0
8001460	20260720	대화동행정복지센터(50530)	167	49	6
8001460	20260721	대화동행정복지센터(50530)	154	30	4
8001460	20260722	대화동행정복지센터(50530)	146	42	1
8001460	20260723	대화동행정복지센터(50530)	159	53	2
8001460	20260724	대화동행정복지센터(50530)	162	43	3
8001460	20260725	대화동행정복지센터(50530)	100	14	1
8001460	20260726	대화동행정복지센터(50530)	61	17	0
8001460	20260727	대화동행정복지센터(50530)	153	42	1
8001460	20260728	대화동행정복지센터(50530)	156	35	3
8001460	20260729	대화동행정복지센터(50530)	146	29	2
8001460	20260730	대화동행정복지센터(50530)	126	37	2
8001460	20260731	대화동행정복지센터(50530)	152	28	3
8001655	20260701	문정초등학교(31280)	232	366	27
8001655	20260702	문정초등학교(31280)	190	290	24
8001655	20260703	문정초등학교(31280)	204	322	36
8001655	20260704	문정초등학교(31280)	143	252	22
8001655	20260705	문정초등학교(31280)	139	200	13
8001655	20260706	문정초등학교(31280)	173	259	23
8001655	20260707	문정초등학교(31280)	219	357	31
8001655	20260708	문정초등학교(31280)	216	329	41
8001655	20260709	문정초등학교(31280)	188	293	16
8001655	20260710	문정초등학교(31280)	200	359	30
8001655	20260711	문정초등학교(31280)	155	268	20
8001655	20260712	문정초등학교(31280)	131	196	11
8001655	20260713	문정초등학교(31280)	173	307	23
8001655	20260714	문정초등학교(31280)	205	322	40
8001655	20260715	문정초등학교(31280)	246	336	35
8001655	20260716	문정초등학교(31280)	203	337	35
8001655	20260717	문정초등학교(31280)	125	234	16
8001655	20260718	문정초등학교(31280)	105	230	14
8001655	20260719	문정초등학교(31280)	93	167	10
8001655	20260720	문정초등학교(31280)	200	279	19
8001655	20260721	문정초등학교(31280)	183	272	25
8001655	20260722	문정초등학교(31280)	232	339	32
8001655	20260723	문정초등학교(31280)	186	319	31
8001655	20260724	문정초등학교(31280)	203	285	29
8001655	20260725	문정초등학교(31280)	143	231	18
8001655	20260726	문정초등학교(31280)	101	179	10
8001655	20260727	문정초등학교(31280)	187	259	25
8001655	20260728	문정초등학교(31280)	146	272	20
8001655	20260729	문정초등학교(31280)	208	305	29
8001655	20260730	문정초등학교(31280)	159	262	28
8001655	20260731	문정초등학교(31280)	178	248	34
8001721	20260701	법동전통시장(51410)	778	242	41
8001721	20260702	법동전통시장(51410)	816	261	35
8001721	20260703	법동전통시장(51410)	849	272	43
8001721	20260704	법동전통시장(51410)	570	167	21
8001721	20260705	법동전통시장(51410)	367	72	7
8001721	20260706	법동전통시장(51410)	713	237	40
8001721	20260707	법동전통시장(51410)	752	213	35
8001721	20260708	법동전통시장(51410)	663	197	21
8001721	20260709	법동전통시장(51410)	678	232	29
8001721	20260710	법동전통시장(51410)	872	275	50
8001721	20260711	법동전통시장(51410)	606	178	33
8001721	20260712	법동전통시장(51410)	310	66	8
8001721	20260713	법동전통시장(51410)	743	233	44
8001721	20260714	법동전통시장(51410)	751	249	46
8001721	20260715	법동전통시장(51410)	744	244	39
8001721	20260716	법동전통시장(51410)	783	250	42
8001721	20260717	법동전통시장(51410)	517	144	26
8001721	20260718	법동전통시장(51410)	492	140	24
8001721	20260719	법동전통시장(51410)	343	86	16
8001721	20260720	법동전통시장(51410)	786	270	53
8001721	20260721	법동전통시장(51410)	754	263	40
8001721	20260722	법동전통시장(51410)	744	247	30
8001721	20260723	법동전통시장(51410)	758	247	46
8001721	20260724	법동전통시장(51410)	799	261	53
8001721	20260725	법동전통시장(51410)	526	185	23
8001721	20260726	법동전통시장(51410)	334	97	6
8001721	20260727	법동전통시장(51410)	729	256	38
8001721	20260728	법동전통시장(51410)	686	222	26
8001721	20260729	법동전통시장(51410)	697	215	32
8001721	20260730	법동전통시장(51410)	683	263	29
8001721	20260731	법동전통시장(51410)	728	230	36
8001733	20260701	변동시장(30330)	9	31	0
8001733	20260702	변동시장(30330)	6	32	0
8001733	20260703	변동시장(30330)	5	30	0
8001733	20260704	변동시장(30330)	2	28	0
8001733	20260705	변동시장(30330)	4	12	0
8001733	20260706	변동시장(30330)	7	43	0
8001733	20260707	변동시장(30330)	4	26	0
8001733	20260708	변동시장(30330)	8	26	0
8001733	20260709	변동시장(30330)	5	26	0
8001733	20260710	변동시장(30330)	4	31	0
8001733	20260711	변동시장(30330)	3	31	0
8001733	20260712	변동시장(30330)	5	17	0
8001733	20260713	변동시장(30330)	8	37	0
8001733	20260714	변동시장(30330)	8	23	1
8001733	20260715	변동시장(30330)	3	29	0
8001733	20260716	변동시장(30330)	7	39	0
8001733	20260717	변동시장(30330)	1	19	0
8001733	20260718	변동시장(30330)	5	31	0
8001733	20260719	변동시장(30330)	2	19	0
8001733	20260720	변동시장(30330)	4	38	1
8001733	20260721	변동시장(30330)	8	32	0
8001733	20260722	변동시장(30330)	7	29	0
8001733	20260723	변동시장(30330)	9	42	1
8001733	20260724	변동시장(30330)	11	40	1
8001733	20260725	변동시장(30330)	3	32	0
8001733	20260726	변동시장(30330)	6	21	0
8001733	20260727	변동시장(30330)	8	45	2
8001733	20260728	변동시장(30330)	4	31	1
8001733	20260729	변동시장(30330)	3	37	0
8001733	20260730	변동시장(30330)	5	32	0
8001733	20260731	변동시장(30330)	8	35	2
8001734	20260701	변동시장(30310)	47	14	6
8001734	20260702	변동시장(30310)	50	9	8
8001734	20260703	변동시장(30310)	45	9	7
8001734	20260704	변동시장(30310)	35	3	5
8001734	20260705	변동시장(30310)	27	6	2
8001734	20260706	변동시장(30310)	45	10	5
8001734	20260707	변동시장(30310)	33	11	3
8001734	20260708	변동시장(30310)	38	9	3
8001734	20260709	변동시장(30310)	47	10	1
8001734	20260710	변동시장(30310)	41	17	4
8001734	20260711	변동시장(30310)	40	10	4
8001734	20260712	변동시장(30310)	23	7	1
8001734	20260713	변동시장(30310)	53	16	5
8001734	20260714	변동시장(30310)	42	11	4
8001734	20260715	변동시장(30310)	49	18	6
8001734	20260716	변동시장(30310)	46	15	6
8001734	20260717	변동시장(30310)	31	11	5
8001734	20260718	변동시장(30310)	32	14	1
8001734	20260719	변동시장(30310)	30	8	3
8001734	20260720	변동시장(30310)	60	12	6
8001734	20260721	변동시장(30310)	39	16	4
8001734	20260722	변동시장(30310)	43	18	6
8001734	20260723	변동시장(30310)	42	18	5
8001734	20260724	변동시장(30310)	41	23	6
8001734	20260725	변동시장(30310)	39	4	2
8001734	20260726	변동시장(30310)	29	7	2
8001734	20260727	변동시장(30310)	36	15	5
8001734	20260728	변동시장(30310)	44	17	3
8001734	20260729	변동시장(30310)	43	12	3
8001734	20260730	변동시장(30310)	39	7	5
8001734	20260731	변동시장(30310)	41	17	1
8001744	20260701	법동전통시장(51180)	245	624	29
8001744	20260702	법동전통시장(51180)	247	637	24
8001744	20260703	법동전통시장(51180)	275	713	26
8001744	20260704	법동전통시장(51180)	162	469	22
8001744	20260705	법동전통시장(51180)	93	314	7
8001744	20260706	법동전통시장(51180)	247	613	31
8001744	20260707	법동전통시장(51180)	239	632	25
8001744	20260708	법동전통시장(51180)	220	541	11
8001744	20260709	법동전통시장(51180)	241	521	21
8001744	20260710	법동전통시장(51180)	263	679	24
8001744	20260711	법동전통시장(51180)	131	423	12
8001744	20260712	법동전통시장(51180)	92	296	8
8001744	20260713	법동전통시장(51180)	250	633	28
8001744	20260714	법동전통시장(51180)	263	562	21
8001744	20260715	법동전통시장(51180)	260	629	28
8001744	20260716	법동전통시장(51180)	272	619	23
8001744	20260717	법동전통시장(51180)	133	363	21
8001744	20260718	법동전통시장(51180)	149	371	15
8001744	20260719	법동전통시장(51180)	90	291	8
8001744	20260720	법동전통시장(51180)	278	596	26
8001744	20260721	법동전통시장(51180)	257	547	19
8001744	20260722	법동전통시장(51180)	240	581	14
8001744	20260723	법동전통시장(51180)	240	502	24
8001744	20260724	법동전통시장(51180)	254	582	21
8001744	20260725	법동전통시장(51180)	152	388	11
8001744	20260726	법동전통시장(51180)	75	259	6
8001744	20260727	법동전통시장(51180)	208	561	22
8001744	20260728	법동전통시장(51180)	251	530	24
8001744	20260729	법동전통시장(51180)	195	543	19
8001744	20260730	법동전통시장(51180)	232	550	41
8001744	20260731	법동전통시장(51180)	219	534	27
8001746	20260701	보문오거리(21030)	135	349	14
8001746	20260702	보문오거리(21030)	158	384	17
8001746	20260703	보문오거리(21030)	135	297	13
8001746	20260704	보문오거리(21030)	101	237	9
8001746	20260705	보문오거리(21030)	73	129	4
8001746	20260706	보문오거리(21030)	124	244	5
8001746	20260707	보문오거리(21030)	127	297	13
8001746	20260708	보문오거리(21030)	113	239	9
8001746	20260709	보문오거리(21030)	109	288	7
8001746	20260710	보문오거리(21030)	131	297	9
8001746	20260711	보문오거리(21030)	104	212	15
8001746	20260712	보문오거리(21030)	83	151	7
8001746	20260713	보문오거리(21030)	119	262	8
8001746	20260714	보문오거리(21030)	145	286	15
8001746	20260715	보문오거리(21030)	95	249	10
8001746	20260716	보문오거리(21030)	142	373	15
8001746	20260717	보문오거리(21030)	102	219	9
8001746	20260718	보문오거리(21030)	99	235	3
8001746	20260719	보문오거리(21030)	84	174	4
8001746	20260720	보문오거리(21030)	142	277	12
8001746	20260721	보문오거리(21030)	116	281	4
8001746	20260722	보문오거리(21030)	126	194	10
8001746	20260723	보문오거리(21030)	125	245	11
8001746	20260724	보문오거리(21030)	121	292	9
8001746	20260725	보문오거리(21030)	102	261	6
8001746	20260726	보문오거리(21030)	68	174	3
8001746	20260727	보문오거리(21030)	99	208	11
8001746	20260728	보문오거리(21030)	135	285	9
8001746	20260729	보문오거리(21030)	114	247	6
8001746	20260730	보문오거리(21030)	130	284	6
8001746	20260731	보문오거리(21030)	112	209	10
8001747	20260701	보문오거리(20740)	340	144	26
8001747	20260702	보문오거리(20740)	357	136	15
8001747	20260703	보문오거리(20740)	304	131	18
8001747	20260704	보문오거리(20740)	254	105	20
8001747	20260705	보문오거리(20740)	171	55	12
8001747	20260706	보문오거리(20740)	282	145	19
8001747	20260707	보문오거리(20740)	302	119	18
8001747	20260708	보문오거리(20740)	293	131	19
8001747	20260709	보문오거리(20740)	282	115	14
8001747	20260710	보문오거리(20740)	344	130	20
8001747	20260711	보문오거리(20740)	226	92	16
8001747	20260712	보문오거리(20740)	199	65	6
8001747	20260713	보문오거리(20740)	295	123	31
8001747	20260714	보문오거리(20740)	299	117	18
8001747	20260715	보문오거리(20740)	288	126	22
8001747	20260716	보문오거리(20740)	352	124	16
8001747	20260717	보문오거리(20740)	257	109	16
8001747	20260718	보문오거리(20740)	210	101	10
8001747	20260719	보문오거리(20740)	164	55	9
8001747	20260720	보문오거리(20740)	285	100	13
8001747	20260721	보문오거리(20740)	308	127	27
8001747	20260722	보문오거리(20740)	305	121	15
8001747	20260723	보문오거리(20740)	287	128	11
8001747	20260724	보문오거리(20740)	305	131	18
8001747	20260725	보문오거리(20740)	238	84	13
8001747	20260726	보문오거리(20740)	196	71	5
8001747	20260727	보문오거리(20740)	289	95	15
8001747	20260728	보문오거리(20740)	340	108	12
8001747	20260729	보문오거리(20740)	314	111	18
8001747	20260730	보문오거리(20740)	330	126	19
8001747	20260731	보문오거리(20740)	243	112	15
8001748	20260701	보문오거리(20730)	119	247	13
8001748	20260702	보문오거리(20730)	142	244	16
8001748	20260703	보문오거리(20730)	124	202	21
8001748	20260704	보문오거리(20730)	100	148	6
8001748	20260705	보문오거리(20730)	45	101	6
8001748	20260706	보문오거리(20730)	121	184	15
8001748	20260707	보문오거리(20730)	112	233	15
8001748	20260708	보문오거리(20730)	107	178	16
8001748	20260709	보문오거리(20730)	103	177	21
8001748	20260710	보문오거리(20730)	124	221	15
8001748	20260711	보문오거리(20730)	93	172	14
8001748	20260712	보문오거리(20730)	63	137	8
8001748	20260713	보문오거리(20730)	105	189	12
8001748	20260714	보문오거리(20730)	106	215	15
8001748	20260715	보문오거리(20730)	104	215	6
8001748	20260716	보문오거리(20730)	98	240	12
8001748	20260717	보문오거리(20730)	78	136	12
8001748	20260718	보문오거리(20730)	90	174	10
8001748	20260719	보문오거리(20730)	68	192	12
8001748	20260720	보문오거리(20730)	115	202	18
8001748	20260721	보문오거리(20730)	112	211	16
8001748	20260722	보문오거리(20730)	120	214	21
8001748	20260723	보문오거리(20730)	104	202	22
8001748	20260724	보문오거리(20730)	124	223	18
8001748	20260725	보문오거리(20730)	89	178	12
8001748	20260726	보문오거리(20730)	67	148	6
8001748	20260727	보문오거리(20730)	94	196	14
8001748	20260728	보문오거리(20730)	93	222	25
8001748	20260729	보문오거리(20730)	95	229	11
8001748	20260730	보문오거리(20730)	104	226	21
8001748	20260731	보문오거리(20730)	108	177	19
8001750	20260701	보성초등학교(22440)	70	191	1
8001750	20260702	보성초등학교(22440)	65	161	0
8001750	20260703	보성초등학교(22440)	62	190	0
8001750	20260704	보성초등학교(22440)	44	136	0
8001750	20260705	보성초등학교(22440)	34	106	0
8001750	20260706	보성초등학교(22440)	51	177	0
8001750	20260707	보성초등학교(22440)	61	158	1
8001750	20260708	보성초등학교(22440)	55	172	0
8001750	20260709	보성초등학교(22440)	43	152	0
8001750	20260710	보성초등학교(22440)	66	186	0
8001750	20260711	보성초등학교(22440)	40	139	0
8001750	20260712	보성초등학교(22440)	40	139	0
8001750	20260713	보성초등학교(22440)	74	186	0
8001750	20260714	보성초등학교(22440)	82	178	0
8001750	20260715	보성초등학교(22440)	70	158	1
8001750	20260716	보성초등학교(22440)	64	180	0
8001750	20260717	보성초등학교(22440)	44	103	0
8001750	20260718	보성초등학교(22440)	48	113	0
8001750	20260719	보성초등학교(22440)	34	108	0
8001750	20260720	보성초등학교(22440)	65	158	0
8001750	20260721	보성초등학교(22440)	69	158	0
8001750	20260722	보성초등학교(22440)	70	179	3
8001750	20260723	보성초등학교(22440)	59	177	1
8001750	20260724	보성초등학교(22440)	69	184	0
8001750	20260725	보성초등학교(22440)	46	133	0
8001750	20260726	보성초등학교(22440)	32	111	0
8001750	20260727	보성초등학교(22440)	71	158	0
8001750	20260728	보성초등학교(22440)	62	164	1
8001750	20260729	보성초등학교(22440)	65	176	1
8001750	20260730	보성초등학교(22440)	57	132	0
8001750	20260731	보성초등학교(22440)	64	181	2
8001846	20260701	산성네거리(22290)	1093	233	511
8001846	20260702	산성네거리(22290)	1052	202	439
8001846	20260703	산성네거리(22290)	1048	241	451
8001846	20260704	산성네거리(22290)	760	190	320
8001846	20260705	산성네거리(22290)	496	113	187
8001846	20260706	산성네거리(22290)	983	197	412
8001846	20260707	산성네거리(22290)	999	197	450
8001846	20260708	산성네거리(22290)	981	186	430
8001846	20260709	산성네거리(22290)	918	182	405
8001846	20260710	산성네거리(22290)	1094	244	449
8001846	20260711	산성네거리(22290)	753	174	298
8001846	20260712	산성네거리(22290)	572	153	248
8001846	20260713	산성네거리(22290)	1036	226	462
8001846	20260714	산성네거리(22290)	1050	258	486
8001846	20260715	산성네거리(22290)	1069	216	476
8001846	20260716	산성네거리(22290)	1049	250	472
8001846	20260717	산성네거리(22290)	588	134	242
8001846	20260718	산성네거리(22290)	622	171	219
8001846	20260719	산성네거리(22290)	538	125	221
8001846	20260720	산성네거리(22290)	990	252	412
8001846	20260721	산성네거리(22290)	1027	237	449
8001846	20260722	산성네거리(22290)	1063	241	475
8001846	20260723	산성네거리(22290)	1063	257	476
8001846	20260724	산성네거리(22290)	1010	249	452
8001846	20260725	산성네거리(22290)	695	185	279
8001846	20260726	산성네거리(22290)	566	167	245
8001846	20260727	산성네거리(22290)	919	237	403
8001846	20260728	산성네거리(22290)	1014	237	483
8001846	20260729	산성네거리(22290)	991	213	453
8001846	20260730	산성네거리(22290)	924	233	419
8001846	20260731	산성네거리(22290)	954	233	445
8001847	20260701	산성네거리(22280)	307	941	159
8001847	20260702	산성네거리(22280)	338	931	203
8001847	20260703	산성네거리(22280)	353	943	180
8001847	20260704	산성네거리(22280)	304	678	180
8001847	20260705	산성네거리(22280)	165	440	84
8001847	20260706	산성네거리(22280)	320	904	178
8001847	20260707	산성네거리(22280)	289	903	164
8001847	20260708	산성네거리(22280)	270	792	139
8001847	20260709	산성네거리(22280)	267	824	148
8001847	20260710	산성네거리(22280)	337	982	184
8001847	20260711	산성네거리(22280)	290	699	152
8001847	20260712	산성네거리(22280)	192	514	112
8001847	20260713	산성네거리(22280)	317	915	177
8001847	20260714	산성네거리(22280)	339	895	185
8001847	20260715	산성네거리(22280)	283	903	157
8001847	20260716	산성네거리(22280)	338	914	179
8001847	20260717	산성네거리(22280)	203	499	118
8001847	20260718	산성네거리(22280)	251	526	118
8001847	20260719	산성네거리(22280)	185	476	95
8001847	20260720	산성네거리(22280)	337	811	186
8001847	20260721	산성네거리(22280)	346	820	188
8001847	20260722	산성네거리(22280)	287	830	167
8001847	20260723	산성네거리(22280)	314	871	178
8001847	20260724	산성네거리(22280)	346	872	192
8001847	20260725	산성네거리(22280)	256	569	138
8001847	20260726	산성네거리(22280)	217	461	125
8001847	20260727	산성네거리(22280)	342	782	195
8001847	20260728	산성네거리(22280)	325	818	181
8001847	20260729	산성네거리(22280)	332	783	183
8001847	20260730	산성네거리(22280)	308	736	168
8001847	20260731	산성네거리(22280)	337	763	186
8001849	20260701	산성동새마을회관(22400)	135	39	4
8001849	20260702	산성동새마을회관(22400)	136	25	4
8001849	20260703	산성동새마을회관(22400)	142	21	4
8001849	20260704	산성동새마을회관(22400)	89	29	1
8001849	20260705	산성동새마을회관(22400)	66	17	0
8001849	20260706	산성동새마을회관(22400)	140	25	3
8001849	20260707	산성동새마을회관(22400)	133	22	6
8001849	20260708	산성동새마을회관(22400)	129	34	3
8001849	20260709	산성동새마을회관(22400)	119	25	1
8001849	20260710	산성동새마을회관(22400)	138	33	4
8001849	20260711	산성동새마을회관(22400)	87	18	0
8001849	20260712	산성동새마을회관(22400)	67	19	0
8001849	20260713	산성동새마을회관(22400)	133	30	3
8001849	20260714	산성동새마을회관(22400)	137	35	6
8001849	20260715	산성동새마을회관(22400)	126	31	2
8001849	20260716	산성동새마을회관(22400)	128	33	1
8001849	20260717	산성동새마을회관(22400)	80	26	1
8001849	20260718	산성동새마을회관(22400)	84	34	1
8001849	20260719	산성동새마을회관(22400)	63	19	1
8001849	20260720	산성동새마을회관(22400)	138	38	7
8001849	20260721	산성동새마을회관(22400)	148	43	3
8001849	20260722	산성동새마을회관(22400)	129	37	3
8001849	20260723	산성동새마을회관(22400)	124	49	2
8001849	20260724	산성동새마을회관(22400)	137	63	2
8001849	20260725	산성동새마을회관(22400)	77	31	2
8001849	20260726	산성동새마을회관(22400)	71	34	1
8001849	20260727	산성동새마을회관(22400)	126	36	4
8001849	20260728	산성동새마을회관(22400)	127	49	2
8001849	20260729	산성동새마을회관(22400)	123	40	3
8001849	20260730	산성동새마을회관(22400)	139	36	3
8001849	20260731	산성동새마을회관(22400)	119	45	1
8001850	20260701	산성동새마을회관(22410)	29	95	1
8001850	20260702	산성동새마을회관(22410)	32	100	1
8001850	20260703	산성동새마을회관(22410)	32	95	4
8001850	20260704	산성동새마을회관(22410)	35	69	0
8001850	20260705	산성동새마을회관(22410)	18	53	1
8001850	20260706	산성동새마을회관(22410)	32	105	2
8001850	20260707	산성동새마을회관(22410)	35	81	3
8001850	20260708	산성동새마을회관(22410)	32	101	2
8001850	20260709	산성동새마을회관(22410)	22	84	1
8001850	20260710	산성동새마을회관(22410)	36	87	2
8001850	20260711	산성동새마을회관(22410)	22	61	3
8001850	20260712	산성동새마을회관(22410)	24	44	2
8001850	20260713	산성동새마을회관(22410)	44	86	5
8001850	20260714	산성동새마을회관(22410)	34	70	0
8001850	20260715	산성동새마을회관(22410)	33	84	1
8001850	20260716	산성동새마을회관(22410)	28	92	6
8001850	20260717	산성동새마을회관(22410)	15	52	1
8001850	20260718	산성동새마을회관(22410)	16	53	3
8001850	20260719	산성동새마을회관(22410)	16	37	0
8001850	20260720	산성동새마을회관(22410)	24	102	1
8001850	20260721	산성동새마을회관(22410)	34	73	0
8001850	20260722	산성동새마을회관(22410)	23	75	0
8001850	20260723	산성동새마을회관(22410)	17	64	4
8001850	20260724	산성동새마을회관(22410)	29	83	0
8001850	20260725	산성동새마을회관(22410)	18	48	0
8001850	20260726	산성동새마을회관(22410)	23	44	2
8001850	20260727	산성동새마을회관(22410)	28	64	3
8001850	20260728	산성동새마을회관(22410)	21	87	1
8001850	20260729	산성동새마을회관(22410)	21	77	0
8001850	20260730	산성동새마을회관(22410)	18	85	0
8001850	20260731	산성동새마을회관(22410)	27	79	1
8001870	20260701	삼성2동(12170)	14	11	0
8001870	20260702	삼성2동(12170)	22	8	0
8001870	20260703	삼성2동(12170)	17	8	0
8001870	20260704	삼성2동(12170)	17	13	0
8001870	20260705	삼성2동(12170)	7	1	0
8001870	20260706	삼성2동(12170)	15	17	0
8001870	20260707	삼성2동(12170)	9	16	0
8001870	20260708	삼성2동(12170)	13	14	0
8001870	20260709	삼성2동(12170)	19	8	0
8001870	20260710	삼성2동(12170)	14	12	0
8001870	20260711	삼성2동(12170)	16	8	0
8001870	20260712	삼성2동(12170)	9	4	0
8001870	20260713	삼성2동(12170)	20	14	0
8001870	20260714	삼성2동(12170)	17	12	0
8001870	20260715	삼성2동(12170)	15	12	0
8001870	20260716	삼성2동(12170)	23	12	1
8001870	20260717	삼성2동(12170)	5	13	1
8001870	20260718	삼성2동(12170)	14	9	1
8001870	20260719	삼성2동(12170)	6	7	0
8001870	20260720	삼성2동(12170)	16	10	0
8001870	20260721	삼성2동(12170)	17	14	0
8001870	20260722	삼성2동(12170)	19	14	0
8001870	20260723	삼성2동(12170)	14	19	0
8001870	20260724	삼성2동(12170)	15	14	0
8001870	20260725	삼성2동(12170)	26	15	0
8001870	20260726	삼성2동(12170)	7	7	0
8001870	20260727	삼성2동(12170)	14	11	0
8001870	20260728	삼성2동(12170)	11	14	0
8001870	20260729	삼성2동(12170)	15	8	0
8001870	20260730	삼성2동(12170)	15	12	0
8001870	20260731	삼성2동(12170)	13	11	0
8001953	20260701	서부종합시장(21690)	44	120	12
8001953	20260702	서부종합시장(21690)	26	124	7
8001953	20260703	서부종합시장(21690)	27	111	7
8001953	20260704	서부종합시장(21690)	31	89	11
8001953	20260705	서부종합시장(21690)	22	57	5
8001953	20260706	서부종합시장(21690)	31	98	9
8001953	20260707	서부종합시장(21690)	36	104	7
8001953	20260708	서부종합시장(21690)	35	101	6
8001953	20260709	서부종합시장(21690)	28	90	8
8001953	20260710	서부종합시장(21690)	43	121	11
8001953	20260711	서부종합시장(21690)	33	79	6
8001953	20260712	서부종합시장(21690)	16	56	4
8001953	20260713	서부종합시장(21690)	34	99	7
8001953	20260714	서부종합시장(21690)	35	102	14
8001953	20260715	서부종합시장(21690)	26	83	6
8001953	20260716	서부종합시장(21690)	46	93	7
8001953	20260717	서부종합시장(21690)	28	74	6
8001953	20260718	서부종합시장(21690)	18	72	6
8001953	20260719	서부종합시장(21690)	31	51	11
8001953	20260720	서부종합시장(21690)	37	90	9
8001953	20260721	서부종합시장(21690)	29	88	5
8001953	20260722	서부종합시장(21690)	41	109	18
8001953	20260723	서부종합시장(21690)	29	92	5
8001953	20260724	서부종합시장(21690)	34	90	9
8001953	20260725	서부종합시장(21690)	23	67	6
8001953	20260726	서부종합시장(21690)	13	63	6
8001953	20260727	서부종합시장(21690)	38	97	15
8001953	20260728	서부종합시장(21690)	38	94	10
8001953	20260729	서부종합시장(21690)	44	93	13
8001953	20260730	서부종합시장(21690)	43	93	13
8001953	20260731	서부종합시장(21690)	41	103	14
8001954	20260701	서부종합시장(21700)	80	21	5
8001954	20260702	서부종합시장(21700)	74	15	11
8001954	20260703	서부종합시장(21700)	67	27	4
8001954	20260704	서부종합시장(21700)	60	18	5
8001954	20260705	서부종합시장(21700)	22	6	2
8001954	20260706	서부종합시장(21700)	62	22	5
8001954	20260707	서부종합시장(21700)	53	34	4
8001954	20260708	서부종합시장(21700)	71	35	3
8001954	20260709	서부종합시장(21700)	63	20	1
8001954	20260710	서부종합시장(21700)	87	35	2
8001954	20260711	서부종합시장(21700)	54	22	4
8001954	20260712	서부종합시장(21700)	28	16	4
8001954	20260713	서부종합시장(21700)	80	33	6
8001954	20260714	서부종합시장(21700)	64	32	6
8001954	20260715	서부종합시장(21700)	67	40	3
8001954	20260716	서부종합시장(21700)	75	37	10
8001954	20260717	서부종합시장(21700)	39	17	5
8001954	20260718	서부종합시장(21700)	44	28	5
8001954	20260719	서부종합시장(21700)	39	25	0
8001954	20260720	서부종합시장(21700)	61	37	6
8001954	20260721	서부종합시장(21700)	68	45	2
8001954	20260722	서부종합시장(21700)	64	43	4
8001954	20260723	서부종합시장(21700)	61	48	5
8001954	20260724	서부종합시장(21700)	121	58	7
8001954	20260725	서부종합시장(21700)	41	41	2
8001954	20260726	서부종합시장(21700)	37	12	6
8001954	20260727	서부종합시장(21700)	67	31	5
8001954	20260728	서부종합시장(21700)	65	33	1
8001954	20260729	서부종합시장(21700)	76	39	4
8001954	20260730	서부종합시장(21700)	66	31	4
8001954	20260731	서부종합시장(21700)	86	24	4
8001957	20260701	서오아파트(51520)	39	16	1
8001957	20260702	서오아파트(51520)	56	22	0
8001957	20260703	서오아파트(51520)	43	13	0
8001957	20260704	서오아파트(51520)	27	11	4
8001957	20260705	서오아파트(51520)	26	5	1
8001957	20260706	서오아파트(51520)	26	9	0
8001957	20260707	서오아파트(51520)	39	20	0
8001957	20260708	서오아파트(51520)	44	14	0
8001957	20260709	서오아파트(51520)	42	9	1
8001957	20260710	서오아파트(51520)	37	14	0
8001957	20260711	서오아파트(51520)	29	7	0
8001957	20260712	서오아파트(51520)	33	4	0
8001957	20260713	서오아파트(51520)	58	25	2
8001957	20260714	서오아파트(51520)	51	15	1
8001957	20260715	서오아파트(51520)	52	24	1
8001957	20260716	서오아파트(51520)	47	15	2
8001957	20260717	서오아파트(51520)	44	10	1
8001957	20260718	서오아파트(51520)	18	3	0
8001957	20260719	서오아파트(51520)	20	7	0
8001957	20260720	서오아파트(51520)	32	12	0
8001957	20260721	서오아파트(51520)	41	15	1
8001957	20260722	서오아파트(51520)	38	22	0
8001957	20260723	서오아파트(51520)	46	20	2
8001957	20260724	서오아파트(51520)	35	16	0
8001957	20260725	서오아파트(51520)	27	8	1
8001957	20260726	서오아파트(51520)	15	8	0
8001957	20260727	서오아파트(51520)	27	14	0
8001957	20260728	서오아파트(51520)	31	13	1
8001957	20260729	서오아파트(51520)	39	14	1
8001957	20260730	서오아파트(51520)	44	9	0
8001957	20260731	서오아파트(51520)	44	15	0
8001958	20260701	서오아파트(51530)	41	60	4
8001958	20260702	서오아파트(51530)	31	50	0
8001958	20260703	서오아파트(51530)	39	42	0
8001958	20260704	서오아파트(51530)	21	31	2
8001958	20260705	서오아파트(51530)	19	28	1
8001958	20260706	서오아파트(51530)	43	44	1
8001958	20260707	서오아파트(51530)	37	40	1
8001958	20260708	서오아파트(51530)	35	48	0
8001958	20260709	서오아파트(51530)	35	51	3
8001958	20260710	서오아파트(51530)	39	61	1
8001958	20260711	서오아파트(51530)	17	39	0
8001958	20260712	서오아파트(51530)	19	23	2
8001958	20260713	서오아파트(51530)	37	48	0
8001958	20260714	서오아파트(51530)	34	53	1
8001958	20260715	서오아파트(51530)	51	64	1
8001958	20260716	서오아파트(51530)	43	50	0
8001958	20260717	서오아파트(51530)	13	49	1
8001958	20260718	서오아파트(51530)	21	52	0
8001958	20260719	서오아파트(51530)	6	32	0
8001958	20260720	서오아파트(51530)	44	46	0
8001958	20260721	서오아파트(51530)	36	41	0
8001958	20260722	서오아파트(51530)	43	52	1
8001958	20260723	서오아파트(51530)	36	48	0
8001958	20260724	서오아파트(51530)	45	64	1
8001958	20260725	서오아파트(51530)	21	50	0
8001958	20260726	서오아파트(51530)	32	33	1
8001958	20260727	서오아파트(51530)	35	50	0
8001958	20260728	서오아파트(51530)	36	41	0
8001958	20260729	서오아파트(51530)	45	71	1
8001958	20260730	서오아파트(51530)	23	45	0
8001958	20260731	서오아파트(51530)	28	54	0
8001990	20260701	세명요양병원(20140)	584	545	136
8001990	20260702	세명요양병원(20140)	580	532	139
8001990	20260703	세명요양병원(20140)	638	508	145
8001990	20260704	세명요양병원(20140)	486	368	130
8001990	20260705	세명요양병원(20140)	298	245	76
8001990	20260706	세명요양병원(20140)	574	499	145
8001990	20260707	세명요양병원(20140)	591	521	134
8001990	20260708	세명요양병원(20140)	555	456	120
8001990	20260709	세명요양병원(20140)	576	483	127
8001990	20260710	세명요양병원(20140)	609	495	142
8001990	20260711	세명요양병원(20140)	472	297	102
8001990	20260712	세명요양병원(20140)	378	293	109
8001990	20260713	세명요양병원(20140)	559	470	130
8001990	20260714	세명요양병원(20140)	546	482	121
8001990	20260715	세명요양병원(20140)	593	500	146
8001990	20260716	세명요양병원(20140)	649	510	157
8001990	20260717	세명요양병원(20140)	422	223	107
8001990	20260718	세명요양병원(20140)	437	267	101
8001990	20260719	세명요양병원(20140)	326	255	85
8001990	20260720	세명요양병원(20140)	581	451	147
8001990	20260721	세명요양병원(20140)	569	456	130
8001990	20260722	세명요양병원(20140)	546	481	142
8001990	20260723	세명요양병원(20140)	537	465	126
8001990	20260724	세명요양병원(20140)	602	471	138
8001990	20260725	세명요양병원(20140)	457	307	107
8001990	20260726	세명요양병원(20140)	321	237	61
8001990	20260727	세명요양병원(20140)	612	485	141
8001990	20260728	세명요양병원(20140)	575	437	124
8001990	20260729	세명요양병원(20140)	554	460	132
8001990	20260730	세명요양병원(20140)	542	431	124
8001990	20260731	세명요양병원(20140)	565	395	132
8001991	20260701	선화동천주교회(20130)	659	394	135
8001991	20260702	선화동천주교회(20130)	637	421	131
8001991	20260703	선화동천주교회(20130)	634	401	122
8001991	20260704	선화동천주교회(20130)	402	313	93
8001991	20260705	선화동천주교회(20130)	285	213	73
8001991	20260706	선화동천주교회(20130)	595	401	122
8001991	20260707	선화동천주교회(20130)	628	422	136
8001991	20260708	선화동천주교회(20130)	614	373	114
8001991	20260709	선화동천주교회(20130)	617	377	126
8001991	20260710	선화동천주교회(20130)	659	417	136
8001991	20260711	선화동천주교회(20130)	385	310	85
8001991	20260712	선화동천주교회(20130)	342	255	86
8001991	20260713	선화동천주교회(20130)	604	406	130
8001991	20260714	선화동천주교회(20130)	652	369	126
8001991	20260715	선화동천주교회(20130)	603	401	121
8001991	20260716	선화동천주교회(20130)	675	407	119
8001991	20260717	선화동천주교회(20130)	334	244	83
8001991	20260718	선화동천주교회(20130)	355	280	74
8001991	20260719	선화동천주교회(20130)	326	236	73
8001991	20260720	선화동천주교회(20130)	593	409	137
8001991	20260721	선화동천주교회(20130)	637	388	130
8001991	20260722	선화동천주교회(20130)	680	406	136
8001991	20260723	선화동천주교회(20130)	669	408	118
8001991	20260724	선화동천주교회(20130)	647	389	140
8001991	20260725	선화동천주교회(20130)	427	292	89
8001991	20260726	선화동천주교회(20130)	351	257	105
8001991	20260727	선화동천주교회(20130)	605	405	113
8001991	20260728	선화동천주교회(20130)	610	384	128
8001991	20260729	선화동천주교회(20130)	644	395	139
8001991	20260730	선화동천주교회(20130)	618	401	132
8001991	20260731	선화동천주교회(20130)	581	379	132
8001993	20260701	성남네거리(11990)	153	210	27
8001993	20260702	성남네거리(11990)	147	190	26
8001993	20260703	성남네거리(11990)	131	212	13
8001993	20260704	성남네거리(11990)	87	125	15
8001993	20260705	성남네거리(11990)	58	83	12
8001993	20260706	성남네거리(11990)	144	181	23
8001993	20260707	성남네거리(11990)	129	199	19
8001993	20260708	성남네거리(11990)	126	193	24
8001993	20260709	성남네거리(11990)	119	184	17
8001993	20260710	성남네거리(11990)	133	259	24
8001993	20260711	성남네거리(11990)	67	125	20
8001993	20260712	성남네거리(11990)	45	112	10
8001993	20260713	성남네거리(11990)	146	201	23
8001993	20260714	성남네거리(11990)	146	194	38
8001993	20260715	성남네거리(11990)	150	195	24
8001993	20260716	성남네거리(11990)	152	191	31
8001993	20260717	성남네거리(11990)	72	98	13
8001993	20260718	성남네거리(11990)	63	108	6
8001993	20260719	성남네거리(11990)	52	84	9
8001993	20260720	성남네거리(11990)	141	207	26
8001993	20260721	성남네거리(11990)	160	168	34
8001993	20260722	성남네거리(11990)	134	184	19
8001993	20260723	성남네거리(11990)	130	197	30
8001993	20260724	성남네거리(11990)	136	183	18
8001993	20260725	성남네거리(11990)	85	109	10
8001993	20260726	성남네거리(11990)	68	79	9
8001993	20260727	성남네거리(11990)	145	187	23
8001993	20260728	성남네거리(11990)	135	174	19
8001993	20260729	성남네거리(11990)	119	177	14
8001993	20260730	성남네거리(11990)	115	166	26
8001993	20260731	성남네거리(11990)	130	172	18
8001994	20260701	성남네거리(11970)	1080	526	233
8001994	20260702	성남네거리(11970)	1023	486	218
8001994	20260703	성남네거리(11970)	1031	487	224
8001994	20260704	성남네거리(11970)	746	393	157
8001994	20260705	성남네거리(11970)	476	266	116
8001994	20260706	성남네거리(11970)	943	464	222
8001994	20260707	성남네거리(11970)	941	496	228
8001994	20260708	성남네거리(11970)	932	413	195
8001994	20260709	성남네거리(11970)	926	465	199
8001994	20260710	성남네거리(11970)	1028	582	243
8001994	20260711	성남네거리(11970)	748	396	179
8001994	20260712	성남네거리(11970)	515	267	124
8001994	20260713	성남네거리(11970)	967	470	205
8001994	20260714	성남네거리(11970)	990	491	192
8001994	20260715	성남네거리(11970)	971	471	184
8001994	20260716	성남네거리(11970)	1100	529	252
8001994	20260717	성남네거리(11970)	625	337	141
8001994	20260718	성남네거리(11970)	643	313	118
8001994	20260719	성남네거리(11970)	525	283	120
8001994	20260720	성남네거리(11970)	1004	461	205
8001994	20260721	성남네거리(11970)	1041	523	239
8001994	20260722	성남네거리(11970)	923	474	202
8001994	20260723	성남네거리(11970)	892	460	215
8001994	20260724	성남네거리(11970)	958	453	215
8001994	20260725	성남네거리(11970)	716	390	168
8001994	20260726	성남네거리(11970)	477	243	91
8001994	20260727	성남네거리(11970)	835	421	213
8001994	20260728	성남네거리(11970)	927	448	208
8001994	20260729	성남네거리(11970)	900	448	204
8001994	20260730	성남네거리(11970)	863	400	194
8001994	20260731	성남네거리(11970)	931	470	209
8001995	20260701	성남네거리(12000)	305	283	36
8001995	20260702	성남네거리(12000)	300	307	35
8001995	20260703	성남네거리(12000)	276	291	42
8001995	20260704	성남네거리(12000)	209	201	27
8001995	20260705	성남네거리(12000)	91	108	15
8001995	20260706	성남네거리(12000)	308	287	41
8001995	20260707	성남네거리(12000)	244	280	32
8001995	20260708	성남네거리(12000)	265	278	29
8001995	20260709	성남네거리(12000)	261	240	36
8001995	20260710	성남네거리(12000)	314	301	54
8001995	20260711	성남네거리(12000)	180	214	25
8001995	20260712	성남네거리(12000)	101	134	10
8001995	20260713	성남네거리(12000)	321	253	47
8001995	20260714	성남네거리(12000)	280	274	36
8001995	20260715	성남네거리(12000)	287	259	33
8001995	20260716	성남네거리(12000)	300	298	35
8001995	20260717	성남네거리(12000)	139	166	16
8001995	20260718	성남네거리(12000)	201	187	20
8001995	20260719	성남네거리(12000)	93	122	10
8001995	20260720	성남네거리(12000)	300	271	44
8001995	20260721	성남네거리(12000)	235	280	41
8001995	20260722	성남네거리(12000)	296	248	47
8001995	20260723	성남네거리(12000)	292	248	43
8001995	20260724	성남네거리(12000)	282	306	44
8001995	20260725	성남네거리(12000)	198	211	29
8001995	20260726	성남네거리(12000)	105	131	14
8001995	20260727	성남네거리(12000)	276	224	33
8001995	20260728	성남네거리(12000)	255	257	26
8001995	20260729	성남네거리(12000)	271	262	34
8001995	20260730	성남네거리(12000)	235	229	38
8001995	20260731	성남네거리(12000)	251	274	28
8001996	20260701	성남네거리(11980)	667	698	275
8001996	20260702	성남네거리(11980)	638	682	261
8001996	20260703	성남네거리(11980)	668	684	250
8001996	20260704	성남네거리(11980)	476	462	182
8001996	20260705	성남네거리(11980)	290	327	110
8001996	20260706	성남네거리(11980)	661	619	265
8001996	20260707	성남네거리(11980)	663	660	256
8001996	20260708	성남네거리(11980)	591	595	227
8001996	20260709	성남네거리(11980)	620	610	219
8001996	20260710	성남네거리(11980)	698	699	280
8001996	20260711	성남네거리(11980)	492	530	173
8001996	20260712	성남네거리(11980)	294	331	108
8001996	20260713	성남네거리(11980)	678	705	254
8001996	20260714	성남네거리(11980)	665	625	263
8001996	20260715	성남네거리(11980)	635	627	241
8001996	20260716	성남네거리(11980)	691	723	257
8001996	20260717	성남네거리(11980)	457	449	176
8001996	20260718	성남네거리(11980)	436	458	161
8001996	20260719	성남네거리(11980)	306	384	112
8001996	20260720	성남네거리(11980)	646	662	238
8001996	20260721	성남네거리(11980)	677	652	261
8001996	20260722	성남네거리(11980)	640	612	249
8001996	20260723	성남네거리(11980)	622	641	247
8001996	20260724	성남네거리(11980)	645	655	224
8001996	20260725	성남네거리(11980)	466	500	163
8001996	20260726	성남네거리(11980)	299	379	103
8001996	20260727	성남네거리(11980)	616	559	221
8001996	20260728	성남네거리(11980)	594	642	236
8001996	20260729	성남네거리(11980)	585	551	217
8001996	20260730	성남네거리(11980)	561	609	206
8001996	20260731	성남네거리(11980)	617	576	204
8002039	20260701	중앙동주민센터(11460)	182	130	38
8002039	20260702	중앙동주민센터(11460)	192	158	49
8002039	20260703	중앙동주민센터(11460)	169	132	38
8002039	20260704	중앙동주민센터(11460)	96	91	24
8002039	20260705	중앙동주민센터(11460)	67	52	9
8002039	20260706	중앙동주민센터(11460)	151	119	20
8002039	20260707	중앙동주민센터(11460)	142	170	31
8002039	20260708	중앙동주민센터(11460)	138	101	24
8002039	20260709	중앙동주민센터(11460)	119	89	24
8002039	20260710	중앙동주민센터(11460)	146	151	21
8002039	20260711	중앙동주민센터(11460)	92	102	21
8002039	20260712	중앙동주민센터(11460)	80	108	13
8002039	20260713	중앙동주민센터(11460)	127	109	18
8002039	20260714	중앙동주민센터(11460)	113	115	25
8002039	20260715	중앙동주민센터(11460)	125	104	31
8002039	20260716	중앙동주민센터(11460)	159	137	31
8002039	20260717	중앙동주민센터(11460)	64	70	7
8002039	20260718	중앙동주민센터(11460)	64	93	16
8002039	20260719	중앙동주민센터(11460)	72	80	11
8002039	20260720	중앙동주민센터(11460)	175	146	25
8002039	20260721	중앙동주민센터(11460)	115	127	22
8002039	20260722	중앙동주민센터(11460)	119	114	25
8002039	20260723	중앙동주민센터(11460)	87	92	21
8002039	20260724	중앙동주민센터(11460)	79	100	17
8002039	20260725	중앙동주민센터(11460)	70	103	16
8002039	20260726	중앙동주민센터(11460)	60	79	13
8002039	20260727	중앙동주민센터(11460)	99	104	24
8002039	20260728	중앙동주민센터(11460)	95	117	24
8002039	20260729	중앙동주민센터(11460)	91	106	24
8002039	20260730	중앙동주민센터(11460)	101	130	19
8002039	20260731	중앙동주민센터(11460)	69	87	16
8002040	20260701	중앙동주민센터(11450)	73	53	15
8002040	20260702	중앙동주민센터(11450)	67	59	13
8002040	20260703	중앙동주민센터(11450)	75	56	11
8002040	20260704	중앙동주민센터(11450)	79	66	9
8002040	20260705	중앙동주민센터(11450)	55	42	4
8002040	20260706	중앙동주민센터(11450)	77	45	16
8002040	20260707	중앙동주민센터(11450)	60	54	11
8002040	20260708	중앙동주민센터(11450)	67	54	10
8002040	20260709	중앙동주민센터(11450)	69	46	14
8002040	20260710	중앙동주민센터(11450)	75	69	19
8002040	20260711	중앙동주민센터(11450)	82	68	10
8002040	20260712	중앙동주민센터(11450)	66	40	3
8002040	20260713	중앙동주민센터(11450)	65	64	9
8002040	20260714	중앙동주민센터(11450)	72	58	16
8002040	20260715	중앙동주민센터(11450)	68	63	9
8002040	20260716	중앙동주민센터(11450)	74	75	15
8002040	20260717	중앙동주민센터(11450)	72	45	7
8002040	20260718	중앙동주민센터(11450)	72	54	9
8002040	20260719	중앙동주민센터(11450)	56	39	4
8002040	20260720	중앙동주민센터(11450)	62	52	16
8002040	20260721	중앙동주민센터(11450)	73	68	17
8002040	20260722	중앙동주민센터(11450)	56	65	8
8002040	20260723	중앙동주민센터(11450)	60	58	5
8002040	20260724	중앙동주민센터(11450)	84	76	12
8002040	20260725	중앙동주민센터(11450)	69	55	9
8002040	20260726	중앙동주민센터(11450)	50	42	6
8002040	20260727	중앙동주민센터(11450)	68	56	12
8002040	20260728	중앙동주민센터(11450)	87	67	14
8002040	20260729	중앙동주민센터(11450)	78	54	9
8002040	20260730	중앙동주민센터(11450)	69	77	11
8002040	20260731	중앙동주민센터(11450)	86	66	11
8002344	20260701	우송고등학교(11240)	385	429	20
8002344	20260702	우송고등학교(11240)	433	399	31
8002344	20260703	우송고등학교(11240)	418	382	24
8002344	20260704	우송고등학교(11240)	228	270	26
8002344	20260705	우송고등학교(11240)	180	247	20
8002344	20260706	우송고등학교(11240)	369	375	29
8002344	20260707	우송고등학교(11240)	407	400	28
8002344	20260708	우송고등학교(11240)	362	357	30
8002344	20260709	우송고등학교(11240)	408	356	32
8002344	20260710	우송고등학교(11240)	421	395	39
8002344	20260711	우송고등학교(11240)	233	291	25
8002344	20260712	우송고등학교(11240)	167	216	11
8002344	20260713	우송고등학교(11240)	375	338	27
8002344	20260714	우송고등학교(11240)	394	375	28
8002344	20260715	우송고등학교(11240)	403	330	24
8002344	20260716	우송고등학교(11240)	440	388	44
8002344	20260717	우송고등학교(11240)	192	234	23
8002344	20260718	우송고등학교(11240)	208	233	12
8002344	20260719	우송고등학교(11240)	201	281	17
8002344	20260720	우송고등학교(11240)	383	394	38
8002344	20260721	우송고등학교(11240)	363	373	32
8002344	20260722	우송고등학교(11240)	308	365	24
8002344	20260723	우송고등학교(11240)	293	322	21
8002344	20260724	우송고등학교(11240)	318	375	36
8002344	20260725	우송고등학교(11240)	218	259	29
8002344	20260726	우송고등학교(11240)	175	239	20
8002344	20260727	우송고등학교(11240)	295	355	23
8002344	20260728	우송고등학교(11240)	290	320	24
8002344	20260729	우송고등학교(11240)	310	379	27
8002344	20260730	우송고등학교(11240)	285	322	20
8002344	20260731	우송고등학교(11240)	307	335	28
8002345	20260701	우송고등학교(11290)	828	462	24
8002345	20260702	우송고등학교(11290)	745	458	31
8002345	20260703	우송고등학교(11290)	798	451	33
8002345	20260704	우송고등학교(11290)	552	276	16
8002345	20260705	우송고등학교(11290)	369	213	16
8002345	20260706	우송고등학교(11290)	737	431	22
8002345	20260707	우송고등학교(11290)	734	431	22
8002345	20260708	우송고등학교(11290)	707	428	21
8002345	20260709	우송고등학교(11290)	701	424	23
8002345	20260710	우송고등학교(11290)	789	468	18
8002345	20260711	우송고등학교(11290)	517	248	21
8002345	20260712	우송고등학교(11290)	397	203	16
8002345	20260713	우송고등학교(11290)	649	438	18
8002345	20260714	우송고등학교(11290)	719	490	28
8002345	20260715	우송고등학교(11290)	685	496	32
8002345	20260716	우송고등학교(11290)	699	501	20
8002345	20260717	우송고등학교(11290)	384	254	9
8002345	20260718	우송고등학교(11290)	412	263	15
8002345	20260719	우송고등학교(11290)	372	256	14
8002345	20260720	우송고등학교(11290)	683	484	23
8002345	20260721	우송고등학교(11290)	614	485	30
8002345	20260722	우송고등학교(11290)	564	415	21
8002345	20260723	우송고등학교(11290)	584	434	22
8002345	20260724	우송고등학교(11290)	657	457	35
8002345	20260725	우송고등학교(11290)	451	285	19
8002345	20260726	우송고등학교(11290)	386	251	14
8002345	20260727	우송고등학교(11290)	625	430	22
8002345	20260728	우송고등학교(11290)	604	450	21
8002345	20260729	우송고등학교(11290)	700	500	22
8002345	20260730	우송고등학교(11290)	601	408	23
8002345	20260731	우송고등학교(11290)	622	429	25
8002358	20260701	중앙시장(10060)	309	874	112
8002358	20260702	중앙시장(10060)	336	814	119
8002358	20260703	중앙시장(10060)	301	880	99
8002358	20260704	중앙시장(10060)	322	836	122
8002358	20260705	중앙시장(10060)	205	467	70
8002358	20260706	중앙시장(10060)	297	809	111
8002358	20260707	중앙시장(10060)	313	852	109
8002358	20260708	중앙시장(10060)	250	730	90
8002358	20260709	중앙시장(10060)	251	772	84
8002358	20260710	중앙시장(10060)	328	902	139
8002358	20260711	중앙시장(10060)	276	736	92
8002358	20260712	중앙시장(10060)	199	480	70
8002358	20260713	중앙시장(10060)	292	706	109
8002358	20260714	중앙시장(10060)	273	803	100
8002358	20260715	중앙시장(10060)	287	807	108
8002358	20260716	중앙시장(10060)	350	820	125
8002358	20260717	중앙시장(10060)	288	651	84
8002358	20260718	중앙시장(10060)	270	663	97
8002358	20260719	중앙시장(10060)	212	483	69
8002358	20260720	중앙시장(10060)	316	820	102
8002358	20260721	중앙시장(10060)	329	796	119
8002358	20260722	중앙시장(10060)	271	769	97
8002358	20260723	중앙시장(10060)	294	761	104
8002358	20260724	중앙시장(10060)	345	901	116
8002358	20260725	중앙시장(10060)	306	838	96
8002358	20260726	중앙시장(10060)	211	510	70
8002358	20260727	중앙시장(10060)	343	833	105
8002358	20260728	중앙시장(10060)	323	850	102
8002358	20260729	중앙시장(10060)	361	768	118
8002358	20260730	중앙시장(10060)	332	783	100
8002358	20260731	중앙시장(10060)	318	784	107
8002361	20260701	원명학교(50540)	101	29	2
8002361	20260702	원명학교(50540)	100	27	8
8002361	20260703	원명학교(50540)	100	22	1
8002361	20260704	원명학교(50540)	39	17	2
8002361	20260705	원명학교(50540)	24	18	1
8002361	20260706	원명학교(50540)	105	32	5
8002361	20260707	원명학교(50540)	92	35	2
8002361	20260708	원명학교(50540)	93	21	2
8002361	20260709	원명학교(50540)	98	28	5
8002361	20260710	원명학교(50540)	102	40	5
8002361	20260711	원명학교(50540)	45	18	4
8002361	20260712	원명학교(50540)	32	14	3
8002361	20260713	원명학교(50540)	89	27	4
8002361	20260714	원명학교(50540)	89	18	4
8002361	20260715	원명학교(50540)	99	21	5
8002361	20260716	원명학교(50540)	97	35	10
8002361	20260717	원명학교(50540)	57	9	2
8002361	20260718	원명학교(50540)	52	16	1
8002361	20260719	원명학교(50540)	39	6	1
8002361	20260720	원명학교(50540)	73	26	6
8002361	20260721	원명학교(50540)	91	24	4
8002361	20260722	원명학교(50540)	89	28	4
8002361	20260723	원명학교(50540)	71	32	1
8002361	20260724	원명학교(50540)	91	20	3
8002361	20260725	원명학교(50540)	33	20	3
8002361	20260726	원명학교(50540)	28	6	1
8002361	20260727	원명학교(50540)	102	25	5
8002361	20260728	원명학교(50540)	106	27	8
8002361	20260729	원명학교(50540)	77	35	5
8002361	20260730	원명학교(50540)	86	18	3
8002361	20260731	원명학교(50540)	92	21	5
8002362	20260701	원명학교(50550)	17	85	1
8002362	20260702	원명학교(50550)	21	89	0
8002362	20260703	원명학교(50550)	19	100	0
8002362	20260704	원명학교(50550)	9	41	0
8002362	20260705	원명학교(50550)	10	31	0
8002362	20260706	원명학교(50550)	15	91	1
8002362	20260707	원명학교(50550)	17	91	1
8002362	20260708	원명학교(50550)	24	87	0
8002362	20260709	원명학교(50550)	23	92	2
8002362	20260710	원명학교(50550)	34	92	5
8002362	20260711	원명학교(50550)	16	44	0
8002362	20260712	원명학교(50550)	10	36	0
8002362	20260713	원명학교(50550)	16	104	0
8002362	20260714	원명학교(50550)	21	117	0
8002362	20260715	원명학교(50550)	23	131	2
8002362	20260716	원명학교(50550)	30	125	0
8002362	20260717	원명학교(50550)	12	61	2
8002362	20260718	원명학교(50550)	11	60	0
8002362	20260719	원명학교(50550)	14	40	0
8002362	20260720	원명학교(50550)	26	113	2
8002362	20260721	원명학교(50550)	27	125	1
8002362	20260722	원명학교(50550)	22	101	2
8002362	20260723	원명학교(50550)	26	121	0
8002362	20260724	원명학교(50550)	30	134	0
8002362	20260725	원명학교(50550)	14	54	1
8002362	20260726	원명학교(50550)	6	43	0
8002362	20260727	원명학교(50550)	25	123	2
8002362	20260728	원명학교(50550)	26	128	1
8002362	20260729	원명학교(50550)	24	129	2
8002362	20260730	원명학교(50550)	25	104	1
8002362	20260731	원명학교(50550)	21	121	1
8002632	20260701	중앙로역7번출구(20280)	151	387	29
8002632	20260702	중앙로역7번출구(20280)	152	388	29
8002632	20260703	중앙로역7번출구(20280)	129	463	24
8002632	20260704	중앙로역7번출구(20280)	61	409	10
8002632	20260705	중앙로역7번출구(20280)	60	292	11
8002632	20260706	중앙로역7번출구(20280)	122	367	16
8002632	20260707	중앙로역7번출구(20280)	153	393	22
8002632	20260708	중앙로역7번출구(20280)	103	270	15
8002632	20260709	중앙로역7번출구(20280)	129	327	23
8002632	20260710	중앙로역7번출구(20280)	140	375	23
8002632	20260711	중앙로역7번출구(20280)	75	386	12
8002632	20260712	중앙로역7번출구(20280)	73	280	14
8002632	20260713	중앙로역7번출구(20280)	128	370	27
8002632	20260714	중앙로역7번출구(20280)	139	371	21
8002632	20260715	중앙로역7번출구(20280)	120	405	27
8002632	20260716	중앙로역7번출구(20280)	154	479	21
8002632	20260717	중앙로역7번출구(20280)	127	487	11
8002632	20260718	중앙로역7번출구(20280)	71	486	10
8002632	20260719	중앙로역7번출구(20280)	120	335	20
8002632	20260720	중앙로역7번출구(20280)	140	428	21
8002632	20260721	중앙로역7번출구(20280)	121	393	14
8002632	20260722	중앙로역7번출구(20280)	132	365	17
8002632	20260723	중앙로역7번출구(20280)	132	409	28
8002632	20260724	중앙로역7번출구(20280)	160	498	30
8002632	20260725	중앙로역7번출구(20280)	104	456	10
8002632	20260726	중앙로역7번출구(20280)	96	364	14
8002632	20260727	중앙로역7번출구(20280)	135	498	17
8002632	20260728	중앙로역7번출구(20280)	188	417	31
8002632	20260729	중앙로역7번출구(20280)	194	468	27
8002632	20260730	중앙로역7번출구(20280)	175	483	23
8002632	20260731	중앙로역7번출구(20280)	132	482	21
8002633	20260701	중앙로역8번출구(20010)	329	119	88
8002633	20260702	중앙로역8번출구(20010)	405	145	95
8002633	20260703	중앙로역8번출구(20010)	354	124	84
8002633	20260704	중앙로역8번출구(20010)	386	98	57
8002633	20260705	중앙로역8번출구(20010)	225	69	37
8002633	20260706	중앙로역8번출구(20010)	403	136	97
8002633	20260707	중앙로역8번출구(20010)	353	174	86
8002633	20260708	중앙로역8번출구(20010)	291	100	73
8002633	20260709	중앙로역8번출구(20010)	309	123	75
8002633	20260710	중앙로역8번출구(20010)	369	138	96
8002633	20260711	중앙로역8번출구(20010)	425	102	85
8002633	20260712	중앙로역8번출구(20010)	248	70	47
8002633	20260713	중앙로역8번출구(20010)	343	116	82
8002633	20260714	중앙로역8번출구(20010)	338	149	91
8002633	20260715	중앙로역8번출구(20010)	350	176	89
8002633	20260716	중앙로역8번출구(20010)	400	181	100
8002633	20260717	중앙로역8번출구(20010)	343	130	57
8002633	20260718	중앙로역8번출구(20010)	298	111	56
8002633	20260719	중앙로역8번출구(20010)	224	107	43
8002633	20260720	중앙로역8번출구(20010)	372	141	74
8002633	20260721	중앙로역8번출구(20010)	352	152	78
8002633	20260722	중앙로역8번출구(20010)	327	142	91
8002633	20260723	중앙로역8번출구(20010)	343	151	94
8002633	20260724	중앙로역8번출구(20010)	381	188	82
8002633	20260725	중앙로역8번출구(20010)	326	121	51
8002633	20260726	중앙로역8번출구(20010)	253	131	66
8002633	20260727	중앙로역8번출구(20010)	388	123	82
8002633	20260728	중앙로역8번출구(20010)	364	144	95
8002633	20260729	중앙로역8번출구(20010)	375	169	90
8002633	20260730	중앙로역8번출구(20010)	372	139	88
8002633	20260731	중앙로역8번출구(20010)	322	129	89
8002634	20260701	중앙시장(10050)	1063	506	403
8002634	20260702	중앙시장(10050)	1045	517	410
8002634	20260703	중앙시장(10050)	1165	520	404
8002634	20260704	중앙시장(10050)	1150	512	359
8002634	20260705	중앙시장(10050)	691	299	239
8002634	20260706	중앙시장(10050)	1040	517	384
8002634	20260707	중앙시장(10050)	1010	510	397
8002634	20260708	중앙시장(10050)	916	416	342
8002634	20260709	중앙시장(10050)	955	446	366
8002634	20260710	중앙시장(10050)	1146	586	446
8002634	20260711	중앙시장(10050)	1109	520	377
8002634	20260712	중앙시장(10050)	737	305	243
8002634	20260713	중앙시장(10050)	1013	467	394
8002634	20260714	중앙시장(10050)	1026	474	412
8002634	20260715	중앙시장(10050)	994	471	381
8002634	20260716	중앙시장(10050)	1087	495	422
8002634	20260717	중앙시장(10050)	925	419	281
8002634	20260718	중앙시장(10050)	856	378	293
8002634	20260719	중앙시장(10050)	727	270	252
8002634	20260720	중앙시장(10050)	1176	454	462
8002634	20260721	중앙시장(10050)	1091	426	411
8002634	20260722	중앙시장(10050)	994	399	360
8002634	20260723	중앙시장(10050)	1044	467	394
8002634	20260724	중앙시장(10050)	1134	514	436
8002634	20260725	중앙시장(10050)	1022	445	375
8002634	20260726	중앙시장(10050)	748	277	234
8002634	20260727	중앙시장(10050)	1141	482	406
8002634	20260728	중앙시장(10050)	1071	472	370
8002634	20260729	중앙시장(10050)	1068	450	401
8002634	20260730	중앙시장(10050)	978	447	375
8002634	20260731	중앙시장(10050)	1127	420	442
8002635	20260701	중앙시장(10030)	2518	1015	1091
8002635	20260702	중앙시장(10030)	2596	984	1099
8002635	20260703	중앙시장(10030)	2665	1038	1117
8002635	20260704	중앙시장(10030)	2462	875	890
8002635	20260705	중앙시장(10030)	1499	511	526
8002635	20260706	중앙시장(10030)	2444	857	1003
8002635	20260707	중앙시장(10030)	2302	931	976
8002635	20260708	중앙시장(10030)	2079	845	947
8002635	20260709	중앙시장(10030)	2130	823	899
8002635	20260710	중앙시장(10030)	2735	1061	1152
8002635	20260711	중앙시장(10030)	2216	901	820
8002635	20260712	중앙시장(10030)	1594	577	542
8002635	20260713	중앙시장(10030)	2394	914	1010
8002635	20260714	중앙시장(10030)	2422	836	1076
8002635	20260715	중앙시장(10030)	2396	869	1014
8002635	20260716	중앙시장(10030)	2540	928	1108
8002635	20260717	중앙시장(10030)	1996	707	708
8002635	20260718	중앙시장(10030)	2000	646	747
8002635	20260719	중앙시장(10030)	1692	485	617
8002635	20260720	중앙시장(10030)	2615	829	1073
8002635	20260721	중앙시장(10030)	2508	843	1061
8002635	20260722	중앙시장(10030)	2360	841	1009
8002635	20260723	중앙시장(10030)	2579	851	1081
8002635	20260724	중앙시장(10030)	2607	869	1046
8002635	20260725	중앙시장(10030)	2270	787	840
8002635	20260726	중앙시장(10030)	1676	503	562
8002635	20260727	중앙시장(10030)	2611	906	1049
8002635	20260728	중앙시장(10030)	2445	860	981
8002635	20260729	중앙시장(10030)	2406	884	974
8002635	20260730	중앙시장(10030)	2385	889	941
8002635	20260731	중앙시장(10030)	2334	926	997
8002764	20260701	탑골입구(22420)	222	70	0
8002764	20260702	탑골입구(22420)	188	78	1
8002764	20260703	탑골입구(22420)	207	62	2
8002764	20260704	탑골입구(22420)	148	50	0
8002764	20260705	탑골입구(22420)	111	42	1
8002764	20260706	탑골입구(22420)	176	48	0
8002764	20260707	탑골입구(22420)	187	72	1
8002764	20260708	탑골입구(22420)	194	51	0
8002764	20260709	탑골입구(22420)	182	60	0
8002764	20260710	탑골입구(22420)	187	80	1
8002764	20260711	탑골입구(22420)	175	44	2
8002764	20260712	탑골입구(22420)	132	38	0
8002764	20260713	탑골입구(22420)	163	72	0
8002764	20260714	탑골입구(22420)	186	71	0
8002764	20260715	탑골입구(22420)	171	68	0
8002764	20260716	탑골입구(22420)	199	72	2
8002764	20260717	탑골입구(22420)	111	36	0
8002764	20260718	탑골입구(22420)	118	57	0
8002764	20260719	탑골입구(22420)	120	29	0
8002764	20260720	탑골입구(22420)	187	76	1
8002764	20260721	탑골입구(22420)	185	61	1
8002764	20260722	탑골입구(22420)	168	67	0
8002764	20260723	탑골입구(22420)	184	81	1
8002764	20260724	탑골입구(22420)	185	59	2
8002764	20260725	탑골입구(22420)	160	45	3
8002764	20260726	탑골입구(22420)	117	33	0
8002764	20260727	탑골입구(22420)	191	75	0
8002764	20260728	탑골입구(22420)	161	55	0
8002764	20260729	탑골입구(22420)	166	69	1
8002764	20260730	탑골입구(22420)	158	60	0
8002764	20260731	탑골입구(22420)	174	67	0
8002777	20260701	태양마을(52380)	36	20	0
8002777	20260702	태양마을(52380)	25	19	0
8002777	20260703	태양마을(52380)	41	24	0
8002777	20260704	태양마을(52380)	20	14	0
8002777	20260705	태양마을(52380)	10	8	0
8002777	20260706	태양마을(52380)	33	18	0
8002777	20260707	태양마을(52380)	31	12	0
8002777	20260708	태양마을(52380)	41	20	0
8002777	20260709	태양마을(52380)	27	14	0
8002777	20260710	태양마을(52380)	44	18	0
8002777	20260711	태양마을(52380)	21	11	0
8002777	20260712	태양마을(52380)	11	8	0
8002777	20260713	태양마을(52380)	46	22	0
8002777	20260714	태양마을(52380)	29	22	0
8002777	20260715	태양마을(52380)	29	14	0
8002777	20260716	태양마을(52380)	29	20	0
8002777	20260717	태양마을(52380)	14	10	0
8002777	20260718	태양마을(52380)	15	7	0
8002777	20260719	태양마을(52380)	12	7	0
8002777	20260720	태양마을(52380)	38	13	0
8002777	20260721	태양마을(52380)	40	15	1
8002777	20260722	태양마을(52380)	26	13	0
8002777	20260723	태양마을(52380)	38	15	0
8002777	20260724	태양마을(52380)	30	15	0
8002777	20260725	태양마을(52380)	25	8	0
8002777	20260726	태양마을(52380)	13	9	0
8002777	20260727	태양마을(52380)	27	15	0
8002777	20260728	태양마을(52380)	34	20	0
8002777	20260729	태양마을(52380)	27	11	0
8002777	20260730	태양마을(52380)	31	14	0
8002777	20260731	태양마을(52380)	26	17	0
8002869	20260701	한가람아파트(31170)	283	408	12
8002869	20260702	한가람아파트(31170)	244	454	4
8002869	20260703	한가람아파트(31170)	254	512	8
8002869	20260704	한가람아파트(31170)	235	387	15
8002869	20260705	한가람아파트(31170)	125	241	6
8002869	20260706	한가람아파트(31170)	247	467	10
8002869	20260707	한가람아파트(31170)	270	442	7
8002869	20260708	한가람아파트(31170)	247	410	13
8002869	20260709	한가람아파트(31170)	251	463	6
8002869	20260710	한가람아파트(31170)	263	447	11
8002869	20260711	한가람아파트(31170)	186	346	12
8002869	20260712	한가람아파트(31170)	141	246	8
8002869	20260713	한가람아파트(31170)	229	393	12
8002869	20260714	한가람아파트(31170)	253	465	5
8002869	20260715	한가람아파트(31170)	248	425	19
8002869	20260716	한가람아파트(31170)	277	448	16
8002869	20260717	한가람아파트(31170)	167	297	5
8002869	20260718	한가람아파트(31170)	164	283	9
8002869	20260719	한가람아파트(31170)	146	247	6
8002869	20260720	한가람아파트(31170)	213	325	5
8002869	20260721	한가람아파트(31170)	233	374	9
8002869	20260722	한가람아파트(31170)	231	387	13
8002869	20260723	한가람아파트(31170)	245	417	9
8002869	20260724	한가람아파트(31170)	264	383	12
8002869	20260725	한가람아파트(31170)	196	316	15
8002869	20260726	한가람아파트(31170)	151	234	13
8002869	20260727	한가람아파트(31170)	237	348	12
8002869	20260728	한가람아파트(31170)	219	349	9
8002869	20260729	한가람아파트(31170)	215	320	10
8002869	20260730	한가람아파트(31170)	241	337	12
8002869	20260731	한가람아파트(31170)	264	359	11
8002870	20260701	한가람아파트(31180)	475	318	16
8002870	20260702	한가람아파트(31180)	473	264	21
8002870	20260703	한가람아파트(31180)	538	279	15
8002870	20260704	한가람아파트(31180)	392	219	17
8002870	20260705	한가람아파트(31180)	236	120	10
8002870	20260706	한가람아파트(31180)	472	240	30
8002870	20260707	한가람아파트(31180)	465	280	16
8002870	20260708	한가람아파트(31180)	414	265	15
8002870	20260709	한가람아파트(31180)	464	279	12
8002870	20260710	한가람아파트(31180)	478	288	15
8002870	20260711	한가람아파트(31180)	391	201	12
8002870	20260712	한가람아파트(31180)	214	156	9
8002870	20260713	한가람아파트(31180)	449	280	14
8002870	20260714	한가람아파트(31180)	491	272	21
8002870	20260715	한가람아파트(31180)	470	277	15
8002870	20260716	한가람아파트(31180)	491	256	17
8002870	20260717	한가람아파트(31180)	334	183	17
8002870	20260718	한가람아파트(31180)	310	179	9
8002870	20260719	한가람아파트(31180)	239	142	5
8002870	20260720	한가람아파트(31180)	435	295	8
8002870	20260721	한가람아파트(31180)	444	288	10
8002870	20260722	한가람아파트(31180)	441	295	13
8002870	20260723	한가람아파트(31180)	429	302	15
8002870	20260724	한가람아파트(31180)	426	299	12
8002870	20260725	한가람아파트(31180)	366	221	18
8002870	20260726	한가람아파트(31180)	225	148	8
8002870	20260727	한가람아파트(31180)	407	289	13
8002870	20260728	한가람아파트(31180)	420	255	14
8002870	20260729	한가람아파트(31180)	428	255	21
8002870	20260730	한가람아파트(31180)	467	265	19
8002870	20260731	한가람아파트(31180)	426	281	17
8002871	20260701	한가람아파트(32540)	166	76	5
8002871	20260702	한가람아파트(32540)	182	98	4
8002871	20260703	한가람아파트(32540)	148	78	5
8002871	20260704	한가람아파트(32540)	98	47	2
8002871	20260705	한가람아파트(32540)	67	39	1
8002871	20260706	한가람아파트(32540)	151	73	6
8002871	20260707	한가람아파트(32540)	198	82	5
8002871	20260708	한가람아파트(32540)	154	88	4
8002871	20260709	한가람아파트(32540)	160	79	0
8002871	20260710	한가람아파트(32540)	145	87	5
8002871	20260711	한가람아파트(32540)	116	51	0
8002871	20260712	한가람아파트(32540)	58	32	0
8002871	20260713	한가람아파트(32540)	137	86	5
8002871	20260714	한가람아파트(32540)	139	95	7
8002871	20260715	한가람아파트(32540)	172	79	2
8002871	20260716	한가람아파트(32540)	169	66	0
8002871	20260717	한가람아파트(32540)	97	41	4
8002871	20260718	한가람아파트(32540)	137	51	9
8002871	20260719	한가람아파트(32540)	97	28	1
8002871	20260720	한가람아파트(32540)	147	108	0
8002871	20260721	한가람아파트(32540)	155	109	4
8002871	20260722	한가람아파트(32540)	160	74	1
8002871	20260723	한가람아파트(32540)	151	97	2
8002871	20260724	한가람아파트(32540)	172	80	0
8002871	20260725	한가람아파트(32540)	138	49	2
8002871	20260726	한가람아파트(32540)	75	31	1
8002871	20260727	한가람아파트(32540)	100	78	3
8002871	20260728	한가람아파트(32540)	149	92	3
8002871	20260729	한가람아파트(32540)	141	88	2
8002871	20260730	한가람아파트(32540)	152	90	2
8002871	20260731	한가람아파트(32540)	135	73	1
8002965	20260701	향우네거리(30250)	432	382	11
8002965	20260702	향우네거리(30250)	423	381	19
8002965	20260703	향우네거리(30250)	445	379	15
8002965	20260704	향우네거리(30250)	334	255	17
8002965	20260705	향우네거리(30250)	187	206	6
8002965	20260706	향우네거리(30250)	442	372	19
8002965	20260707	향우네거리(30250)	426	377	18
8002965	20260708	향우네거리(30250)	371	370	8
8002965	20260709	향우네거리(30250)	409	410	17
8002965	20260710	향우네거리(30250)	445	382	23
8002965	20260711	향우네거리(30250)	330	244	9
8002965	20260712	향우네거리(30250)	197	216	7
8002965	20260713	향우네거리(30250)	448	397	21
8002965	20260714	향우네거리(30250)	431	377	21
8002965	20260715	향우네거리(30250)	449	377	18
8002965	20260716	향우네거리(30250)	429	347	18
8002965	20260717	향우네거리(30250)	304	198	7
8002965	20260718	향우네거리(30250)	289	220	13
8002965	20260719	향우네거리(30250)	211	196	6
8002965	20260720	향우네거리(30250)	437	352	13
8002965	20260721	향우네거리(30250)	404	348	20
8002965	20260722	향우네거리(30250)	372	378	19
8002965	20260723	향우네거리(30250)	420	345	18
8002965	20260724	향우네거리(30250)	438	362	15
8002965	20260725	향우네거리(30250)	284	219	14
8002965	20260726	향우네거리(30250)	212	207	7
8002965	20260727	향우네거리(30250)	449	362	22
8002965	20260728	향우네거리(30250)	400	353	20
8002965	20260729	향우네거리(30250)	383	346	18
8002965	20260730	향우네거리(30250)	394	334	21
8002965	20260731	향우네거리(30250)	423	313	19
8002966	20260701	향우네거리(30260)	543	305	6
8002966	20260702	향우네거리(30260)	573	281	22
8002966	20260703	향우네거리(30260)	582	310	16
8002966	20260704	향우네거리(30260)	447	222	15
8002966	20260705	향우네거리(30260)	295	129	9
8002966	20260706	향우네거리(30260)	513	274	18
8002966	20260707	향우네거리(30260)	520	294	20
8002966	20260708	향우네거리(30260)	531	253	14
8002966	20260709	향우네거리(30260)	529	232	16
8002966	20260710	향우네거리(30260)	607	283	18
8002966	20260711	향우네거리(30260)	388	237	7
8002966	20260712	향우네거리(30260)	299	123	10
8002966	20260713	향우네거리(30260)	529	306	16
8002966	20260714	향우네거리(30260)	568	267	15
8002966	20260715	향우네거리(30260)	606	296	14
8002966	20260716	향우네거리(30260)	580	279	18
8002966	20260717	향우네거리(30260)	354	194	13
8002966	20260718	향우네거리(30260)	385	206	11
8002966	20260719	향우네거리(30260)	291	156	9
8002966	20260720	향우네거리(30260)	543	267	13
8002966	20260721	향우네거리(30260)	558	266	18
8002966	20260722	향우네거리(30260)	601	273	21
8002966	20260723	향우네거리(30260)	557	278	13
8002966	20260724	향우네거리(30260)	585	308	14
8002966	20260725	향우네거리(30260)	400	179	18
8002966	20260726	향우네거리(30260)	270	145	12
8002966	20260727	향우네거리(30260)	536	263	12
8002966	20260728	향우네거리(30260)	556	264	21
8002966	20260729	향우네거리(30260)	588	239	20
8002966	20260730	향우네거리(30260)	513	267	17
8002966	20260731	향우네거리(30260)	582	278	22
8003011	20260701	회덕동주민센터(50670)	184	95	28
8003011	20260702	회덕동주민센터(50670)	182	124	24
8003011	20260703	회덕동주민센터(50670)	161	103	32
8003011	20260704	회덕동주민센터(50670)	133	43	15
8003011	20260705	회덕동주민센터(50670)	76	18	8
8003011	20260706	회덕동주민센터(50670)	187	114	28
8003011	20260707	회덕동주민센터(50670)	170	93	30
8003011	20260708	회덕동주민센터(50670)	157	94	30
8003011	20260709	회덕동주민센터(50670)	159	88	26
8003011	20260710	회덕동주민센터(50670)	200	109	30
8003011	20260711	회덕동주민센터(50670)	109	50	14
8003011	20260712	회덕동주민센터(50670)	79	21	11
8003011	20260713	회덕동주민센터(50670)	190	92	27
8003011	20260714	회덕동주민센터(50670)	176	84	29
8003011	20260715	회덕동주민센터(50670)	182	81	29
8003011	20260716	회덕동주민센터(50670)	193	95	34
8003011	20260717	회덕동주민센터(50670)	104	34	12
8003011	20260718	회덕동주민센터(50670)	112	32	20
8003011	20260719	회덕동주민센터(50670)	79	21	4
8003011	20260720	회덕동주민센터(50670)	190	98	33
8003011	20260721	회덕동주민센터(50670)	167	87	28
8003011	20260722	회덕동주민센터(50670)	180	79	27
8003011	20260723	회덕동주민센터(50670)	169	98	25
8003011	20260724	회덕동주민센터(50670)	190	91	30
8003011	20260725	회덕동주민센터(50670)	120	60	15
8003011	20260726	회덕동주민센터(50670)	78	16	8
8003011	20260727	회덕동주민센터(50670)	167	87	24
8003011	20260728	회덕동주민센터(50670)	165	92	26
8003011	20260729	회덕동주민센터(50670)	181	88	26
8003011	20260730	회덕동주민센터(50670)	176	84	29
8003011	20260731	회덕동주민센터(50670)	165	79	28
8003012	20260701	회덕동주민센터(50680)	190	203	65
8003012	20260702	회덕동주민센터(50680)	195	195	64
8003012	20260703	회덕동주민센터(50680)	195	186	72
8003012	20260704	회덕동주민센터(50680)	98	121	43
8003012	20260705	회덕동주민센터(50680)	48	71	19
8003012	20260706	회덕동주민센터(50680)	198	192	67
8003012	20260707	회덕동주민센터(50680)	184	182	66
8003012	20260708	회덕동주민센터(50680)	171	177	62
8003012	20260709	회덕동주민센터(50680)	147	156	56
8003012	20260710	회덕동주민센터(50680)	194	217	72
8003012	20260711	회덕동주민센터(50680)	113	133	46
8003012	20260712	회덕동주민센터(50680)	42	86	22
8003012	20260713	회덕동주민센터(50680)	198	171	63
8003012	20260714	회덕동주민센터(50680)	207	180	67
8003012	20260715	회덕동주민센터(50680)	174	164	57
8003012	20260716	회덕동주민센터(50680)	198	172	73
8003012	20260717	회덕동주민센터(50680)	86	100	33
8003012	20260718	회덕동주민센터(50680)	78	80	27
8003012	20260719	회덕동주민센터(50680)	43	67	12
8003012	20260720	회덕동주민센터(50680)	226	183	81
8003012	20260721	회덕동주민센터(50680)	187	176	63
8003012	20260722	회덕동주민센터(50680)	179	161	67
8003012	20260723	회덕동주민센터(50680)	193	144	70
8003012	20260724	회덕동주민센터(50680)	186	174	56
8003012	20260725	회덕동주민센터(50680)	106	100	33
8003012	20260726	회덕동주민센터(50680)	39	59	13
8003012	20260727	회덕동주민센터(50680)	180	167	67
8003012	20260728	회덕동주민센터(50680)	168	165	55
8003012	20260729	회덕동주민센터(50680)	172	158	55
8003012	20260730	회덕동주민센터(50680)	163	158	49
8003012	20260731	회덕동주민센터(50680)	173	158	58
8003054	20260701	대전역/역전시장(14270)	382	643	165
8003054	20260702	대전역/역전시장(14270)	385	640	166
8003054	20260703	대전역/역전시장(14270)	407	751	189
8003054	20260704	대전역/역전시장(14270)	392	695	156
8003054	20260705	대전역/역전시장(14270)	208	386	77
8003054	20260706	대전역/역전시장(14270)	342	538	150
8003054	20260707	대전역/역전시장(14270)	329	570	149
8003054	20260708	대전역/역전시장(14270)	295	491	130
8003054	20260709	대전역/역전시장(14270)	319	496	138
8003054	20260710	대전역/역전시장(14270)	423	689	194
8003054	20260711	대전역/역전시장(14270)	356	658	128
8003054	20260712	대전역/역전시장(14270)	270	500	95
8003054	20260713	대전역/역전시장(14270)	348	596	159
8003054	20260714	대전역/역전시장(14270)	349	609	159
8003054	20260715	대전역/역전시장(14270)	346	568	161
8003054	20260716	대전역/역전시장(14270)	385	623	177
8003054	20260717	대전역/역전시장(14270)	331	479	112
8003054	20260718	대전역/역전시장(14270)	314	557	129
8003054	20260719	대전역/역전시장(14270)	280	495	82
8003054	20260720	대전역/역전시장(14270)	376	616	167
8003054	20260721	대전역/역전시장(14270)	385	596	170
8003054	20260722	대전역/역전시장(14270)	338	574	159
8003054	20260723	대전역/역전시장(14270)	410	596	182
8003054	20260724	대전역/역전시장(14270)	368	625	153
8003054	20260725	대전역/역전시장(14270)	376	686	158
8003054	20260726	대전역/역전시장(14270)	238	453	80
8003054	20260727	대전역/역전시장(14270)	392	545	177
8003054	20260728	대전역/역전시장(14270)	367	584	150
8003054	20260729	대전역/역전시장(14270)	370	571	165
8003054	20260730	대전역/역전시장(14270)	377	618	164
8003054	20260731	대전역/역전시장(14270)	358	621	154
8003127	20260701	우송중고등학교(14820)	57	93	1
8003127	20260702	우송중고등학교(14820)	38	76	0
8003127	20260703	우송중고등학교(14820)	54	90	2
8003127	20260704	우송중고등학교(14820)	7	45	2
8003127	20260705	우송중고등학교(14820)	9	27	1
8003127	20260706	우송중고등학교(14820)	59	81	1
8003127	20260707	우송중고등학교(14820)	49	63	0
8003127	20260708	우송중고등학교(14820)	57	58	1
8003127	20260709	우송중고등학교(14820)	59	55	0
8003127	20260710	우송중고등학교(14820)	63	69	1
8003127	20260711	우송중고등학교(14820)	9	42	1
8003127	20260712	우송중고등학교(14820)	9	38	0
8003127	20260713	우송중고등학교(14820)	46	83	0
8003127	20260714	우송중고등학교(14820)	44	77	0
8003127	20260715	우송중고등학교(14820)	47	94	1
8003127	20260716	우송중고등학교(14820)	42	87	0
8003127	20260717	우송중고등학교(14820)	9	53	0
8003127	20260718	우송중고등학교(14820)	7	50	0
8003127	20260719	우송중고등학교(14820)	7	44	0
8003127	20260720	우송중고등학교(14820)	44	82	0
8003127	20260721	우송중고등학교(14820)	27	71	0
8003127	20260722	우송중고등학교(14820)	21	70	0
8003127	20260723	우송중고등학교(14820)	25	52	0
8003127	20260724	우송중고등학교(14820)	21	75	0
8003127	20260725	우송중고등학교(14820)	5	38	0
8003127	20260726	우송중고등학교(14820)	2	41	0
8003127	20260727	우송중고등학교(14820)	24	81	0
8003127	20260728	우송중고등학교(14820)	29	88	0
8003127	20260729	우송중고등학교(14820)	27	85	0
8003127	20260730	우송중고등학교(14820)	22	74	1
8003127	20260731	우송중고등학교(14820)	21	44	0
8007002	20260701	보문산진입로(23310)	7	76	6
8007002	20260702	보문산진입로(23310)	20	76	14
8007002	20260703	보문산진입로(23310)	12	62	7
8007002	20260704	보문산진입로(23310)	16	81	14
8007002	20260705	보문산진입로(23310)	2	62	2
8007002	20260706	보문산진입로(23310)	10	57	9
8007002	20260707	보문산진입로(23310)	7	72	4
8007002	20260708	보문산진입로(23310)	15	62	10
8007002	20260709	보문산진입로(23310)	4	53	3
8007002	20260710	보문산진입로(23310)	14	74	11
8007002	20260711	보문산진입로(23310)	15	78	12
8007002	20260712	보문산진입로(23310)	9	61	6
8007002	20260713	보문산진입로(23310)	8	67	5
8007002	20260714	보문산진입로(23310)	20	83	14
8007002	20260715	보문산진입로(23310)	11	74	6
8007002	20260716	보문산진입로(23310)	10	75	9
8007002	20260717	보문산진입로(23310)	16	65	12
8007002	20260718	보문산진입로(23310)	14	67	11
8007002	20260719	보문산진입로(23310)	6	50	5
8007002	20260720	보문산진입로(23310)	6	54	2
8007002	20260721	보문산진입로(23310)	5	52	2
8007002	20260722	보문산진입로(23310)	10	67	7
8007002	20260723	보문산진입로(23310)	18	61	12
8007002	20260724	보문산진입로(23310)	7	65	5
8007002	20260725	보문산진입로(23310)	8	65	8
8007002	20260726	보문산진입로(23310)	10	52	8
8007002	20260727	보문산진입로(23310)	12	59	5
8007002	20260728	보문산진입로(23310)	10	56	8
8007002	20260729	보문산진입로(23310)	8	60	4
8007002	20260730	보문산진입로(23310)	15	59	8
8007002	20260731	보문산진입로(23310)	10	64	7
8007003	20260701	보문산진입로(23320)	89	7	7
8007003	20260702	보문산진입로(23320)	89	18	7
8007003	20260703	보문산진입로(23320)	79	8	5
8007003	20260704	보문산진입로(23320)	77	13	2
8007003	20260705	보문산진입로(23320)	60	4	4
8007003	20260706	보문산진입로(23320)	62	9	4
8007003	20260707	보문산진입로(23320)	81	4	2
8007003	20260708	보문산진입로(23320)	62	9	6
8007003	20260709	보문산진입로(23320)	62	10	2
8007003	20260710	보문산진입로(23320)	87	10	5
8007003	20260711	보문산진입로(23320)	68	7	3
8007003	20260712	보문산진입로(23320)	58	5	4
8007003	20260713	보문산진입로(23320)	72	8	2
8007003	20260714	보문산진입로(23320)	98	11	2
8007003	20260715	보문산진입로(23320)	78	7	6
8007003	20260716	보문산진입로(23320)	83	15	3
8007003	20260717	보문산진입로(23320)	79	5	1
8007003	20260718	보문산진입로(23320)	68	5	1
8007003	20260719	보문산진입로(23320)	59	5	5
8007003	20260720	보문산진입로(23320)	86	7	0
8007003	20260721	보문산진입로(23320)	57	15	3
8007003	20260722	보문산진입로(23320)	64	6	3
8007003	20260723	보문산진입로(23320)	76	26	4
8007003	20260724	보문산진입로(23320)	86	7	2
8007003	20260725	보문산진입로(23320)	88	5	5
8007003	20260726	보문산진입로(23320)	88	12	6
8007003	20260727	보문산진입로(23320)	80	9	3
8007003	20260728	보문산진입로(23320)	87	12	4
8007003	20260729	보문산진입로(23320)	92	6	4
8007003	20260730	보문산진입로(23320)	84	15	5
8007003	20260731	보문산진입로(23320)	76	13	6
8007032	20260708	보성네거리(23480)	0	1	0
8007032	20260709	보성네거리(23480)	0	1	0
8007032	20260716	보성네거리(23480)	0	1	0
8007032	20260731	보성네거리(23480)	1	0	0
8007033	20260711	보성네거리(23470)	0	1	0
8007033	20260713	보성네거리(23470)	0	1	0
8007033	20260714	보성네거리(23470)	0	1	0
8007033	20260717	보성네거리(23470)	0	1	0
8007033	20260719	보성네거리(23470)	0	1	0
8007033	20260727	보성네거리(23470)	0	2	0
8007033	20260731	보성네거리(23470)	0	1	0
8007220	20260701	삼성2동(14540)	6	27	0
8007220	20260702	삼성2동(14540)	4	42	0
8007220	20260703	삼성2동(14540)	7	23	0
8007220	20260704	삼성2동(14540)	6	37	0
8007220	20260705	삼성2동(14540)	3	8	0
8007220	20260706	삼성2동(14540)	8	33	0
8007220	20260707	삼성2동(14540)	6	24	1
8007220	20260708	삼성2동(14540)	3	37	0
8007220	20260709	삼성2동(14540)	6	21	0
8007220	20260710	삼성2동(14540)	8	40	0
8007220	20260711	삼성2동(14540)	6	35	0
8007220	20260712	삼성2동(14540)	5	19	0
8007220	20260713	삼성2동(14540)	8	34	0
8007220	20260714	삼성2동(14540)	8	44	0
8007220	20260715	삼성2동(14540)	7	41	0
8007220	20260716	삼성2동(14540)	4	35	0
8007220	20260717	삼성2동(14540)	5	38	0
8007220	20260718	삼성2동(14540)	9	30	0
8007220	20260719	삼성2동(14540)	4	24	0
8007220	20260720	삼성2동(14540)	7	30	0
8007220	20260721	삼성2동(14540)	6	49	0
8007220	20260722	삼성2동(14540)	4	35	0
8007220	20260723	삼성2동(14540)	6	41	0
8007220	20260724	삼성2동(14540)	10	38	0
8007220	20260725	삼성2동(14540)	6	44	0
8007220	20260726	삼성2동(14540)	1	28	0
8007220	20260727	삼성2동(14540)	4	42	0
8007220	20260728	삼성2동(14540)	5	27	0
8007220	20260729	삼성2동(14540)	4	40	0
8007220	20260730	삼성2동(14540)	9	32	1
8007220	20260731	삼성2동(14540)	7	35	1
9001746	20260701	보문오거리(99999)	0	13	0
9001746	20260702	보문오거리(99999)	0	13	0
9001746	20260703	보문오거리(99999)	1	16	0
9001746	20260704	보문오거리(99999)	0	12	0
9001746	20260705	보문오거리(99999)	1	6	0
9001746	20260706	보문오거리(99999)	1	20	0
9001746	20260707	보문오거리(99999)	0	17	0
9001746	20260708	보문오거리(99999)	1	14	0
9001746	20260709	보문오거리(99999)	0	15	0
9001746	20260710	보문오거리(99999)	0	19	0
9001746	20260711	보문오거리(99999)	0	14	0
9001746	20260712	보문오거리(99999)	0	6	0
9001746	20260713	보문오거리(99999)	0	10	0
9001746	20260714	보문오거리(99999)	0	15	0
9001746	20260715	보문오거리(99999)	0	12	0
9001746	20260716	보문오거리(99999)	0	20	0
9001746	20260717	보문오거리(99999)	0	15	0
9001746	20260718	보문오거리(99999)	0	10	0
9001746	20260719	보문오거리(99999)	0	8	0
9001746	20260720	보문오거리(99999)	0	17	0
9001746	20260721	보문오거리(99999)	0	21	0
9001746	20260722	보문오거리(99999)	0	14	0
9001746	20260723	보문오거리(99999)	0	16	0
9001746	20260724	보문오거리(99999)	0	19	0
9001746	20260725	보문오거리(99999)	0	8	0
9001746	20260726	보문오거리(99999)	0	5	0
9001746	20260727	보문오거리(99999)	0	11	0
9001746	20260728	보문오거리(99999)	0	16	0
9001746	20260729	보문오거리(99999)	0	12	0
9001746	20260730	보문오거리(99999)	0	14	0
9001746	20260731	보문오거리(99999)	0	17	0
