getonBusSttnId	busSttnNm	ars	admGuNm
3061006	아름초등학교	052025	유성구
8001421	대전역/중앙시장	10010	동구
8001514	원동네거리	10020	동구
8002635	중앙시장	10030	동구
8001412	대전역/역전시장	10040	동구
8002634	중앙시장	10050	동구
3061007	범지기마을10단지	052020	유성구
8002358	중앙시장	10060	동구
8002357	원동네거리	10070	동구
8002356	원동네거리	10080	동구
8002482	신인동주민센터	10090	동구
8002481	인동네거리	10100	동구
8002483	인동현대아파트	10110	동구
8002480	인동네거리	10120	동구
8002484	인동현대아파트	10130	동구
8002149	동부경찰서	10140	동구
8002148	동부경찰서	10150	동구
8003014	효동네거리	10170	동구
8003016	효동네거리	10180	동구
8003018	효동행정복지센터	10190	동구
8003017	효동행정복지센터	10200	동구
8002691	효동현대아파트	10210	동구
8002692	효동현대아파트	10220	동구
8001397	천석교	10230	동구
8001396	천석교	10240	동구
8002688	천동	10250	동구
8002687	천동	10260	동구
8002690	천동주공아파트	10270	동구
8002689	천동주공아파트	10280	동구
8001045	가오동	10290	동구
8001044	가오동	10300	동구
8001043	가오동	10310	동구
8001048	가오주공아파트	10320	동구
8001047	가오주공아파트	10330	동구
8001740	남대전변전소	10340	동구
8001046	남대전변전소	10350	동구
8002440	가오동네거리	10360	동구
8002441	가오동네거리	10370	동구
8001041	동구청	10380	동구
8001042	동구청	10390	동구
8002833	은어송초등학교	10400	동구
8002832	은어송초등학교	10410	동구
8007605	휴먼시아10단지	47130	유성구
8007614	휴먼시아10단지	47140	유성구
8002443	남부여성가족원	10480	동구
8005568	신흥동종점	10530	동구
8002152	신흥동주민센터	10540	동구
8002572	어진마을아파트	10550	동구
8002570	신흥마을아파트정문	10560	동구
8002150	신흥동시외버스정류소	10570	동구
8002151	신흥동시외버스정류소	10580	동구
8002727	충남중학교	10590	동구
8002573	신흥마을아파트	10600	동구
8002571	신흥마을아파트후문	10610	동구
8002153	신흥역	10630	동구
8002154	신흥역	10640	동구
8002817	판암근린공원	10650	동구
8002818	판암근린공원	10660	동구
8001670	미리내아파트	10670	동구
8002822	판암역네거리	10680	동구
8002816	판암역네거리	10690	동구
8002823	판암역	10740	동구
8002824	판암역	10760	동구
8002625	판암테크노타운	10770	동구
8002829	판암네거리	10780	동구
8002820	판암동성당	10790	동구
8002828	판암네거리	10800	동구
8002821	판암동성당	10810	동구
8002827	판암지구대	10820	동구
8001391	판암차량기지	10840	동구
8001390	판암차량기지	10850	동구
8001879	삼정동	10860	동구
8001880	삼정동	10870	동구
8002295	한밭여중입구	10880	동구
8002286	용방마을아파트	10890	동구
8002289	용방마을아파트	10900	동구
8002341	우송대동캠퍼스	10910	동구
8002342	용수골	10930	동구
8002287	용운종합사회복지관	10940	동구
8002305	용운마젤란아파트	10950	동구
8001381	대전대학교입구	10960	동구
8001234	꿈에그린아파트	10970	동구
8002304	용운마젤란아파트	10980	동구
8001236	꿈에그린아파트	10990	동구
8001383	대전대학교입구	11000	동구
8001382	대전대학교입구	11010	동구
8002296	용운동주민센터	11020	동구
8001379	대전대학교	11030	동구
8002299	용운초등학교	11040	동구
8002442	은어송마을1단지	10430	동구
8002301	용운동주민센터	11050	동구
8001617	용운도서관	11060	동구
8001618	용운도서관	11070	동구
8001619	모리아파트	11080	동구
8002308	에코포레아파트	11090	동구
8001384	대전대학교	11100	동구
8002298	용운국제수영장	11110	동구
8002297	용운국제수영장	11120	동구
8005511	테크노밸리11.12단지	44420	유성구
8001907	새울	11130	동구
8001760	에코포레아파트	11140	동구
8001908	새울	11150	동구
8001761	복음아파트	11160	동구
8001344	새들뫼아파트	11200	동구
8001351	펜타뷰아파트	11220	동구
8001345	충남중네거리	11230	동구
8002344	우송고등학교	11240	동구
8002728	충남중학교	11250	동구
8002290	대동초등학교	11260	동구
8001352	대동초등학교	11270	동구
8002488	자양초등학교	11280	동구
8002345	우송고등학교	11290	동구
8002340	우송대삼거리	11300	동구
8002339	우송대학교서캠퍼스	11310	동구
8002485	자양동	11320	동구
8001445	대주파크빌	11330	동구
8002591	주촌1구	13370	동구
8002590	주촌1구	13380	동구
8002343	우송어학센터	11340	동구
8002486	자양동주민센터	11350	동구
8002487	자양동주민센터	11360	동구
8001548	동아마이스터고	11370	동구
8002155	이스트시티아파트	11380	동구
8002156	대전화병원	11390	동구
8002114	신안동	11400	동구
8002855	하소1통	14050	동구
8002854	하소1통	14060	동구
8005504	대전역동광장	11410	동구
8005621	대전역동광장종점	11420	동구
8005548	대전역동광장	11430	동구
8001422	대전역동광장	11430	동구
8002040	중앙동주민센터	11450	동구
8002039	중앙동주민센터	11460	동구
8002115	신안동	11470	동구
8007606	천년나무11단지	47150	유성구
8007613	천년나무11단지	47160	유성구
8001970	아침마을아파트	11480	동구
8001533	동부네거리	11490	동구
8001228	가양초등학교	11500	동구
8001229	가양초등학교	11510	동구
8002899	동대전도서관	11520	동구
8002898	동대전도서관	11530	동구
8001035	가양네거리	11540	동구
8001036	가양네거리	11550	동구
8001037	흥룡초등학교	11560	동구
8001040	가양동우체국	11570	동구
8001034	가양네거리	11580	동구
8001443	대주파크빌	11590	동구
8001444	대주파크빌	11600	동구
8001400	대전보건대학교	11610	동구
8002843	평화아파트	11620	동구
8001401	대전보건대학교	11630	동구
8002893	한국폴리텍대학	11640	동구
8002894	한국폴리텍대학	11650	동구
8001547	동아마이스터고	11660	동구
8001403	대전보건대학교	11670	동구
8001402	대전보건대학교	11680	동구
8001612	명석고등학교	11690	동구
8002346	우암사적공원	11700	동구
8002347	우암사적공원	11710	동구
8002946	한숲아파트	11720	동구
8002310	용전네거리	11730	동구
8002316	대전지방국토관리청	11740	동구
8002315	용전동주민센터	11750	동구
8002311	용전네거리	11760	동구
8002313	용전초등학교입구	11770	동구
8002317	대전지방국토관리청	11780	동구
8002312	용전초등학교입구	11790	동구
8002314	용전동주민센터	11800	동구
8002880	한국전력공사	11810	동구
8002881	한국전력공사	11820	동구
8001096	복합터미널	11830	동구
8002987	대전문학관입구	11840	동구
8002986	대전문학관입구	11850	동구
8001921	한국전기공사협회	11860	동구
8001534	동부네거리	11870	동구
8001920	구샤또호텔	11880	동구
8001873	삼성네거리	11920	동구
8002994	홍도지하차도	11930	동구
8002309	효촌마을아파트	11940	동구
8003022	효촌마을아파트	11950	동구
8002065	송촌119안전센터	50930	대덕구
8002066	송촌119안전센터	50940	대덕구
8001992	스마트뷰아파트	11960	동구
8001994	성남네거리	11970	동구
8001996	성남네거리	11980	동구
8001993	성남네거리	11990	동구
8001995	성남네거리	12000	동구
8002627	중앙로역1번출구	20040	중구
8001097	복합터미널	12010	동구
8001038	석촌마을아파트	12020	동구
8001088	경덕중학교입구	12040	동구
8002989	홍도동	12050	동구
8001087	홍도지하보도	12060	동구
8002988	홍도지하보도	12070	동구
8002991	홍도동현암아파트	12080	동구
8002990	홍도동현암아파트	12090	동구
8001085	한남로삼거리	12110	동구
8001086	한남로삼거리	12120	동구
8002158	아리랑프라자	12130	동구
8002227	오룡역1번출구	21370	중구
8002993	홍도지하차도	12140	동구
8002157	아리랑프라자	12150	동구
8002778	태평1동행정복지센터	21550	중구
8002779	태평1동행정복지센터	21580	중구
8002972	현암시장	12160	동구
8001741	현암초등학교	12180	동구
8002971	현암교	12190	동구
8005855	현암초등학교	12200	동구
8005562	센트럴파크1단지	22070	중구
8005561	센트럴파크1단지	22080	중구
8002970	현암교	12210	동구
8001930	서대전네거리역1번출구	22230	중구
8002621	삼성동행정복지센터	12230	동구
8002622	삼성동행정복지센터	12240	동구
8001797	북부교	12250	동구
8001796	북부교	12260	동구
8002560	정생1동	22820	중구
8002561	정생1동	22830	중구
8002934	한밭중네거리	12290	동구
8001749	한밭중네거리	12300	동구
8001876	삼성초등학교	12310	동구
8001872	삼성네거리	12320	동구
8001871	삼성초등학교	12330	동구
8002365	원앙1,2단지	33540	서구
8001290	느리울12단지	33580	서구
8001289	느리울12단지	33610	서구
8001090	계룡디지텍고입구	12340	동구
8001365	대성여자고등학교	12350	동구
8001366	대성여자고등학교	12360	동구
8001420	대전역	12370	동구
8002695	대전역/하나은행	12380	동구
8001419	대전역	12390	동구
8001418	대전역	12400	동구
8001417	대전역	12410	동구
8002184	어울림하트 12단지	41900	유성구
8001528	목척교	12420	동구
8002995	목척교	12430	동구
8001529	목척교	12440	동구
8005512	푸르지오하임1,2단지	44430	유성구
8001527	목척교	12450	동구
8001413	대전역	12460	동구
8001414	대전역	12470	동구
8002805	테크노밸리12단지	47090	유성구
8002804	테크노밸리12단지	47120	유성구
8002713	상추	12490	동구
8002712	상추	12500	동구
8005886	중말	12510	동구
8002714	중말	12510	동구
8005885	중말	12510	동구
8001448	대청호자연생태관	12520	동구
8001449	대청호자연생태관	12540	동구
8002657	중추마을/가래울	12550	동구
8002656	중추마을/가래울	12560	동구
8001519	동명초등학교	12570	동구
8001518	동명초등학교	12580	동구
8001521	동명초등학교	12590	동구
8002715	추동취수장	12600	동구
8002716	추동취수장	12610	동구
8001805	비룡교차로	12640	동구
8001804	비룡교차로	12650	동구
8006000	대전동신과학고	12670	동구
8001545	대전동신과학고	12670	동구
8001546	대전동신과학고	12680	동구
8007173	대전동신과학고	12680	동구
8001810	비룡동입구	12690	동구
8001807	비룡/새동네	12700	동구
8001809	비룡/줄골	12710	동구
8001806	비룡/새동네	12720	동구
8001808	비룡/줄골	12730	동구
8001004	가는골	12740	동구
8001003	가는골	12750	동구
8002710	추동	12760	동구
8002709	추동	12770	동구
8001222	금성마을	12780	동구
8001221	금성마을	12790	동구
8002588	주산동/상촌	12800	동구
8002587	주산동/상촌	12810	동구
8002370	원주산.양지말	12820	동구
8002369	원주산.양지말	12830	동구
8001592	마산/진등날	12840	동구
8001591	마산/진등날	12850	동구
8001265	냉천골종점	12860	동구
8002360	원마산	12870	동구
8002359	원마산	12880	동구
8002684	천개동종점	12890	동구
8003025	효평동	12900	동구
8003024	효평동	12910	동구
8003031	효평마루	12920	동구
8003030	효평마루	12930	동구
8003028	효평삼거리	12940	동구
8003026	효평삼거리	12950	동구
8003027	효평삼거리	12950	동구
8002665	직동종점	12960	동구
8005883	세천공원	12970	동구
8005884	세천공원	12980	동구
8002027	세천/새동네	12990	동구
8002028	세천/새동네	13000	동구
8002030	세천동	13010	동구
8002708	초록마을1단지	30130	서구
8002707	초록마을1단지	30140	서구
8002029	세천동	13020	동구
8005560	세정골	13030	동구
8002031	대청동행정복지센터	13040	동구
8001447	대청동주민센터	13050	동구
8002232	오리골	13060	동구
8003009	세천삼거리	13070	동구
8001491	도마1동행정복지센터	30710	서구
8003010	세천삼거리	13080	동구
8002201	신상동	13090	동구
8002278	용문역1번출구	30970	서구
8001674	바깥아감	13100	동구
8005593	탄방역1번출구	31060	서구
8001673	바깥아감	13110	동구
8002266	요골	13120	동구
8002265	요골	13130	동구
8001799	비금마을	13140	동구
8001237	래미안아파트1단지	31490	서구
8001798	비금마을	13150	동구
8001238	래미안아파트1단지	31510	서구
8002753	서우아파트1단지	31580	서구
8002122	신절골	13160	동구
8002123	신절골	13170	동구
8001175	구절골	13180	동구
8001174	구절골	13190	동구
8005864	안아감마을	13200	동구
8002125	신촌동	13210	동구
8002124	신촌동	13220	동구
8001614	모래재	13230	동구
8001613	모래재	13240	동구
8001822	사성동	13250	동구
8001821	사성동	13260	동구
8005133	방아실입구.와정리	13270	동구
8005132	방아실입구.와정리	13280	동구
8002806	토망대	13290	동구
8002807	토망대.오동	13300	동구
8002226	오동	13310	동구
8002225	오동	13320	동구
8001291	느리울13단지	33550	서구
8001292	느리울13단지	33570	서구
8002595	주촌동	13350	동구
8007286	느리울13단지	35260	서구
8002594	주촌동	13360	동구
8001833	산내주공아파트	13390	동구
8002834	평촌1통마을회관	33940	서구
8002835	평촌1통마을회관	33950	서구
8002322	용촌1통	33980	서구
8002321	용촌1통	33990	서구
8001832	산내주공아파트	13400	동구
8005876	석천들마을아파트	13410	동구
8005877	석천들마을아파트	13420	동구
8002366	원정1통마을회관	34360	서구
8001767	봉곡1통	34420	서구
8001768	봉곡1통	34430	서구
8001834	산내초등학교	13450	동구
8001835	산내초등학교	13460	동구
8002164	안대별	13470	동구
8002163	안대별	13480	동구
8002809	토토자연학습원	13490	동구
8002810	토토자연학습원	13500	동구
8002473	이사동입구	13510	동구
8002472	이사동입구	13520	동구
8001609	면허시험장	13530	동구
8001610	면허시험장	13540	동구
8007384	원정1통마을회관	35420	서구
8002470	이사동	13550	동구
8007405	관저더샵1단지	35570	서구
8002471	이사동상사	13560	동구
8001466	은어송중학교입구	13580	동구
8001465	은어송하늘채리버뷰	13590	동구
8001364	대성삼거리	13600	동구
8001363	대성삼거리	13610	동구
8001094	고산사입구	13620	동구
8001095	고산사입구	13630	동구
8007623	삼괴교차로	13640	중구
8001361	대성동	13640	동구
8001362	대성동	13650	동구
8002349	운전면허시험장	13660	동구
8002350	운전면허시험장	13670	동구
8001357	오투그란데아파트	13680	동구
8001358	오투그란데아파트	13690	동구
8002520	장척동	13700	동구
8002519	장척동	13710	동구
8002044	소호동	13740	동구
8002043	소호동	13750	동구
8002036	소리.말미	13760	동구
8002035	소리.말미	13770	동구
8005527	남대전종합물류단지	13780	동구
8005528	남대전종합물류단지	13790	동구
8001145	구도동	13800	동구
8001144	구도동	13810	동구
8003109	낭월공영차고지기점	13820	동구
8005538	낭월공영차고지	13820	동구
8002858	하소룡골	13830	동구
8002082	상소동산림욕장	13840	동구
8001901	상소동산림욕장	13850	동구
8002034	소룡골입구	13860	동구
8001864	소룡골입구	13870	동구
8001110	공주마을	13880	동구
8001111	공주마을	13890	동구
8001865	삼괴동/송촌마을	13900	동구
8001471	삼괴동/송촌마을	13910	동구
8001470	삼괴동/덕산마을	13920	동구
8001472	삼괴동/덕산마을	13930	동구
8001862	산흥초등학교	13940	동구
8001863	산흥초등학교	13950	동구
8001899	상소동(노인병원)	13960	동구
8001900	상소동(노인병원)	13970	동구
8001858	산정마을	13980	동구
8001859	산정마을	13990	동구
8001006	가목정마을	14000	동구
8001007	가목정마을	14010	동구
8001771	성북1통마을회관	40510	유성구
8001770	성북1통마을회관	40520	유성구
8002005	성북1통신뜸앞	40530	유성구
8002004	성북1통신뜸앞	40540	유성구
8001601	만인산공원	14070	동구
8001600	만인산공원	14080	동구
8002002	성북1통	40800	유성구
8002057	송정1통	40860	유성구
8002058	송정1통	40870	유성구
8002698	청소년수련원	14090	동구
8001688	방동1통	40920	유성구
8001689	방동1통	40930	유성구
8001687	방동1통	40940	유성구
8001686	방동1통	40950	유성구
8002699	청소년수련원	14100	동구
8001602	만인산휴양림	14110	동구
8001603	만인산휴양림	14120	동구
8001777	온천1동주민센터	41220	유성구
8001776	온천1동주민센터	41230	유성구
8005875	홈플러스가오점	14130	동구
8005874	홈플러스가오점	14140	동구
8002973	현충원역1번출구	41460	유성구
8005890	대별동	14150	동구
8005891	대별동	14160	동구
8005873	효동주민센터	14170	동구
8005872	천동초등학교	14180	동구
8005871	천동초등학교	14190	동구
8005869	천동휴먼시아	14200	동구
8005870	천동휴먼시아	14210	동구
8001415	대전역네거리	14230	동구
8005959	세정골	14240	동구
8007062	대전대학교	14250	동구
8003054	대전역/역전시장	14270	동구
8003051	우송대동캠퍼스	14280	동구
8002469	이사동	14290	동구
8003085	이사동하사	14300	동구
8003086	이사동하사	14310	동구
8003122	상소룡골	14320	동구
8072565	복용1통	43250	유성구
8002859	하소룡골	14330	동구
8007017	가오고등학교	14340	동구
8007018	가오고등학교	14350	동구
8007070	가오동	14360	동구
8007043	가는골입구	14370	동구
8007044	가는골입구	14380	동구
8070047	안산1통	43800	유성구
8002260	외삼1통	43830	유성구
8007061	국제금식기도원	14390	동구
8002056	송림마을1단지	43990	유성구
8007063	국제금식기도원	14400	동구
8007158	바깥아감	14410	동구
8007159	세천공원	14420	동구
8002767	탑립1통	44290	유성구
8007160	세천공원	14430	동구
8002766	탑립1통	44300	유성구
8005667	탑립1통	44300	유성구
8002769	탑립1통산의절	44310	유성구
8002768	탑립1통산의절	44320	유성구
8007170	감나무골입구	14440	동구
8007171	감나무골입구	14450	동구
8007180	효평고개소공원	14460	동구
8007179	효평고개소공원	14470	동구
8001208	금고1통	44920	유성구
8001209	금고1통	44940	유성구
8001336	대동1통	44980	유성구
8001337	대동1통	44990	유성구
8007186	지푸재	14500	동구
8002094	신동1통	45070	유성구
8002095	신동1통	45080	유성구
8007185	지푸재	14510	동구
8005988	대전대학교동문	14520	동구
8005989	대전대학교동문	14530	동구
8007221	현암시장	14550	동구
8070028	대전시립제1노인병원	45560	유성구
8007243	양구례마을	14560	동구
8007242	양구례마을	14570	동구
8007266	세천공원삼거리	14580	동구
8007269	한밭자이아파트	14590	동구
8007270	한밭자이아파트	14600	동구
8070036	안산1통	46030	유성구
8007271	솔랑마을아파트	14610	동구
8007272	솔랑마을아파트	14620	동구
8007268	대전역동광장	14630	동구
8007209	트리풀시티포레1단지	46300	유성구
8007333	동구아름다운복지관	14640	동구
8007330	성북1통	46410	유성구
8007334	동구아름다운복지관	14650	동구
8007358	온누리노인요양원	14660	동구
8007359	온누리노인요양원	14670	동구
8007360	용수골	14680	동구
8007564	유성온천역1번출구	46850	유성구
8007372	홍도치안센터	14690	동구
8007371	홍도치안센터	14700	동구
8007585	서한이다음1단지	47020	유성구
8007370	동산지하차도	14710	동구
8007369	동산지하차도	14720	동구
8007412	대전역	14730	동구
8007415	판암역종점	14740	동구
8007624	천동천1교	47410	유성구
8007439	옛터민속박물관	14750	동구
8072549	학하1통마을회관	47510	유성구
8007440	옛터민속박물관	14760	동구
8007512	산내주공아파트	14770	동구
8007513	오투그란데아파트	14780	동구
8007518	솔랑마을아파트	14790	동구
8007517	솔랑마을아파트	14800	동구
8072536	산정마을종점	14810	동구
8003127	우송중고등학교	14820	동구
8003132	대성여자중고등학교	14830	동구
8003128	우송대학교서캠퍼스	14840	동구
8003131	우송대학교서캠퍼스	14850	동구
8003129	자양동	14860	동구
8003130	대주파크빌	14870	동구
8007586	홍도아파트	14880	동구
8007592	대룡초등학교	14890	동구
8072540	팽나무수변공원	14900	동구
8072543	팽나무수변공원	14910	동구
8072541	남대전물류단지	14920	동구
8072542	남대전물류단지	14930	동구
8007603	문글램핑	14940	동구
8007602	문글램핑	14950	동구
8007659	구래뜰	14980	동구
8007660	구래뜰	14990	동구
8007672	산정마을입구	15000	동구
8007673	산정마을입구	15010	동구
8007621	냉천로 152번길	14960	동구
8007620	냉천로 152번길	14970	동구
8002496	장동1구	52480	대덕구
8002497	장동1구	52490	대덕구
8002586	조동1리	72260	서구
8005666	엑스포아파트1단지	81520	유성구
8005801	엑스포아파트1단지	82040	유성구
8007238	복용1통	82380	유성구
8007233	복용1통	82390	유성구
8003057	휴먼시아 1단지	82550	유성구
9002366	원정1통마을회관	99999	서구
9002769	탑립1통산의절	99999	유성구
8005515	안산1통	99999	유성구
8002165	안산1통	99999	유성구
8102496	장동1구	99999	대덕구
8102497	장동1구	99999	대덕구
8005803	탑립1통	99999	유성구
8002569	제1삼성교	99999	동구
8002568	제1삼성교	99999	동구
8002437	으능정이거리	20050	중구
8005994	으능정이거리	20060	중구
8001647	으능정이거리	20070	중구
8002983	호수돈여고	20080	중구
8002642	중촌네거리	20090	중구
8002528	목동더샵리슈빌	20100	중구
8002527	은행선화동주민센터	20110	중구
8002637	중앙초등학교	20120	중구
8001991	선화동천주교회	20130	중구
8001990	세명요양병원	20140	중구
8002638	중구국민체육센터	20150	중구
8002605	중구청역	20170	중구
8001405	국립농산물품질관리원	20180	중구
8001404	국립농산물품질관리원	20200	중구
8001409	대전여상	20230	중구
8001442	대종로네거리	20240	중구
8001408	대전여상	20250	중구
8001441	대종로네거리	20260	중구
8001874	대전테크노파크	20270	중구
8001875	선화동우체국	20290	중구
8001636	목양마을아파트후문	20320	중구
8001635	목양마을아파트	20330	중구
8001627	목동동대전농협	20340	중구
8001980	선병원	20360	중구
8001359	대성중고등학교	20370	중구
8002726	충남여자중고등학교	20380	중구
8001360	충남여중삼거리	20390	중구
8002942	한사랑아파트	20400	중구
8001624	목동네거리	20410	중구
8001625	목동네거리	20420	중구
8002652	하늘아파트	20450	중구
8001979	선병원	20460	중구
8002649	중촌초등학교	20470	중구
8002650	중촌초등학교	20480	중구
8001626	목동네거리	20500	중구
8002636	중앙중고등학교	20510	중구
8002648	중촌동행정복지센터	20520	중구
8002641	중촌네거리	20530	중구
8002798	테미삼거리	20540	중구
8002000	성모병원	20550	중구
8002803	테미삼거리	20560	중구
8002001	성모병원	20570	중구
8002802	대전광역시노인복지관	20580	중구
8002801	대전광역시노인복지관	20590	중구
8002603	중구청	20600	중구
8001139	성모오거리	20610	중구
8001302	대고오거리	20620	중구
8002602	중구청	20630	중구
8002888	대고오거리	20640	중구
8002887	대고오거리	20650	중구
8002620	대전도시공사	20660	중구
8002800	테미고개	20670	중구
8001429	대전중학교	20690	중구
8001376	대전고등학교	20700	중구
8001428	대전중학교	20710	중구
8001748	보문오거리	20730	중구
8001747	보문오거리	20740	중구
8001461	대흥동네거리	20750	중구
8001464	대흥동성당	20760	중구
8001462	대흥동네거리	20770	중구
8001463	대흥동성당	20780	중구
8002252	오토바이거리	20790	중구
8002251	오토바이거리	20800	중구
8001385	대흥교	20810	중구
8001386	대흥교	20820	중구
8001387	문창동보문교	20830	중구
8001791	부사오거리	20840	중구
8001660	문창시장	20850	중구
8001659	문창시장	20860	중구
8001248	동명중학교	20870	중구
8001247	동명중학교	20880	중구
8001964	석교동행정복지센터	20890	중구
8001963	석교동행정복지센터	20900	중구
8001244	석교치안센터	20910	중구
8001243	석교치안센터	20920	중구
8002981	호동	20930	중구
8002980	호동	20940	중구
8002457	은혜아파트	20950	중구
8002456	은혜아파트	20960	중구
8002255	옥계동	20970	중구
8002254	옥계동	20980	중구
8002253	옥계교	20990	중구
8001356	문화동하우스토리	21000	중구
8001355	충대병원네거리	21010	중구
8002799	테미고개	21020	중구
8001746	보문오거리	21030	중구
8001245	남대전고등학교	21040	중구
8005580	은어송마을2단지	10450	동구
8005611	은어송마을2단지	10460	동구
8002932	한화생명이글스파크	21050	중구
8001246	남대전고등학교	21060	중구
8002697	청란여자고등학교	21070	중구
8002819	판암2동주민센터	10700	동구
8002696	청란여자고등학교	21080	중구
8002743	한밭종합운동장	21090	중구
8002307	용운주공2단지	10920	동구
8002744	한밭종합운동장	21100	중구
8001790	부사오거리	21110	중구
8005881	대동역2번출구	11170	동구
8001792	부사오거리	21120	중구
8001789	부사오거리	21130	중구
8005569	어덕마을종점	21140	중구
8002200	어덕마을종점	21150	중구
8001540	중도일보	21190	중구
8002274	용두동주민센터	21210	중구
8001870	삼성2동	12170	동구
8001943	서대전초등학교	21220	중구
8002982	호수돈여고	21230	중구
8002734	대전충남병무청	21240	중구
8002781	오류네거리	21270	중구
8002780	오류네거리	21280	중구
8002784	오류초등학교입구	21310	중구
8002785	오류초등학교입구	21320	중구
8002593	주촌2구	13330	동구
8002592	주촌2구	13340	동구
8001937	서대전역	21340	중구
8001936	서대전역	21350	중구
8001467	하늘채2차아파트	13570	동구
8002042	소호2동	13720	동구
8002041	소호2동	13730	동구
8001935	서대전역네거리	21380	중구
8002748	중도일보	21390	중구
8002856	대전제2시립노인병원	14020	동구
8002853	하소2통	14030	동구
8002852	하소2통	14040	동구
8001715	버드내아파트	21420	중구
8002857	대전제2시립노인병원	14260	동구
8002786	삼부/새롬아파트	21430	중구
8001717	버드내아파트	21450	중구
8007220	삼성2동	14540	동구
8002793	태평오거리	21460	중구
8007575	국제과학21로	46900	유성구
8002790	태평오거리	21470	중구
8001869	삼부아파트	21480	중구
8001868	삼부아파트	21490	중구
8002797	태평초등학교	21500	중구
8002791	태평오거리	21510	중구
8002788	태평시장	21520	중구
8002789	태평시장	21530	중구
8002792	태평오거리	21540	중구
8001630	태평중학교	21560	중구
8002787	태평중학교	21570	중구
8002795	쌍용예가아파트	21590	중구
8002388	유등마을아파트	21600	중구
8002387	유등마을아파트	21610	중구
8002845	푸른뫼아파트	21620	중구
8002844	푸른뫼아파트	21630	중구
8001939	서대전역입구	21640	중구
8001938	서대전역입구	21650	중구
8001956	서남부터미널기점	21660	중구
8003105	서남부터미널종점	21670	중구
8001714	버드내아파트	21680	중구
8001953	서부종합시장	21690	중구
8001954	서부종합시장	21700	중구
8001716	버드내아파트	21710	중구
8001948	버드내네거리	21720	중구
8001855	산성우성아파트	21730	중구
8002796	태평초등학교	21740	중구
8002432	유천동서대전농협	21750	중구
8002430	유천네거리	21760	중구
8002434	유천시장	21770	중구
8002431	유천네거리	21780	중구
8002794	쌍용예가아파트	21800	중구
8002433	유천동현대아파트	21820	중구
8001669	문화초등학교	21830	중구
8001940	서대전육교	21840	중구
8002601	중구보건소	21850	중구
8002600	중구보건소	21860	중구
8001668	문화초등학교	21870	중구
8001664	문화동주공아파트	21880	중구
8001665	문화동주공아파트	21890	중구
8001666	문화육교	21900	중구
8001354	대문초등학교입구	21910	중구
8001353	대문초등학교입구	21920	중구
8001667	문화주공삼거리	21940	중구
8002718	충남기계공고	21950	중구
8002719	충남기계공고	21960	중구
8002686	천근오거리	21970	중구
8002685	천근오거리	21980	중구
8001539	동산중고등학교	21990	중구
8001538	동산중고등학교	22000	중구
8005646	문화동삼익아파트	22020	중구
8001934	서대전역네거리	22040	중구
8002651	중촌주공2단지	20490	중구
8002927	한밭도서관	22050	중구
8002926	한밭도서관	22060	중구
8001411	대전국제통상고	22090	중구
8002878	한국산업인력공단	22100	중구
8002925	한밭도서관	22110	중구
8001410	대전국제통상고	22120	중구
8001541	오룡역2번출구	21290	중구
8001718	버드내2단지	21440	중구
8005526	과례마을	22160	중구
8001112	과례마을	22170	중구
8002429	유천2동주민센터	21790	중구
8005586	대전동부교육지원청	22180	중구
8002428	유천2동주민센터	21810	중구
8002747	대전동부교육지원청	22190	중구
8001662	문화2동	22010	중구
8001661	문화2동	22030	중구
8002724	충남대학교병원	22210	중구
8002033	센트럴파크2단지	22130	중구
8002032	센트럴파크2단지	22140	중구
8001927	서대전네거리역2번출구	22150	중구
8002723	충남대학교병원	22220	중구
8002733	대전충남병무청	22250	중구
8002915	한밭가든아파트	22260	중구
8002916	한밭가든아파트	22270	중구
8001847	산성네거리	22280	중구
8001846	산성네거리	22290	중구
8002563	정생2동	22900	중구
8002562	정생2동	22960	중구
8001851	산성동행정복지센터	22300	중구
8001852	산성시장	22310	중구
8001484	머티네거리	22320	중구
8003064	구완2교	23270	중구
8001853	산성시장	22330	중구
8001848	산성시장	22340	중구
8001485	머티네거리	22350	중구
8003065	구완2교	23570	중구
8001486	머티네거리	22360	중구
8001955	서남부터미널	22370	중구
8007514	중촌주공2단지	23710	중구
8001653	문성초등학교입구	22380	중구
8001654	문성초등학교입구	22390	중구
8001849	산성동새마을회관	22400	중구
8001850	산성동새마을회관	22410	중구
8002764	탑골입구	22420	중구
8001854	산성우성아파트	22430	중구
8001750	보성초등학교	22440	중구
8001812	효문화마을입구	22450	중구
8001281	농산물유통센터	22460	중구
8007576	국제과학22로	46910	유성구
8001280	농산물유통센터	22470	중구
8002682	한국효문화진흥원	22480	중구
8002683	한국효문화진흥원	22490	중구
8002329	우남스타원아파트	22500	중구
8005916	사정교	22510	중구
8002328	우남스타원아파트	22520	중구
8005915	사정교	22530	중구
8002509	효문화마을/뿌리공원	22540	중구
8001828	사정동	22550	중구
8001827	사정동	22560	중구
8001856	산성초등학교	22570	중구
8001857	산성초등학교	22580	중구
8001436	산성어린이도서관	22590	중구
8001437	산성어린이도서관	22600	중구
8001522	오월드회전교차로	22610	중구
8001523	오월드회전교차로	22620	중구
8001894	상당	22630	중구
8001895	상당	22640	중구
8001393	오월드	22650	중구
8002937	한빛고교	22660	중구
8002938	한빛고교	22670	중구
8002171	안영생활체육단지	22680	중구
8002172	안영생활체육단지	22690	중구
8002173	안영동검바위마을	22700	중구
8002174	안영동검바위마을	22710	중구
8001811	효문화마을입구	22720	중구
8001918	샛고개	22730	중구
8007157	오월드기점지	22740	중구
8001524	동물원종점	22750	중구
8002750	침산동입구	22760	중구
8005889	침산동입구	22760	중구
8002751	침산동입구	22770	중구
8005529	구완동	22780	중구
8007678	구완동	22780	중구
8005641	대전청소년수련마을	22790	중구
8002564	정생농협창고	22800	중구
8002565	정생농협창고	22810	중구
8001843	중구체육복지센터	22840	중구
8001844	중구체육복지센터	22850	중구
8001622	목달동	22860	중구
8001623	목달동	22870	중구
8002998	화곡	22880	중구
8002999	화곡	22890	중구
8001845	산서초등학교	22910	중구
8001300	답적골	22940	중구
8001301	답적골	22950	중구
8001816	사기정골	22970	중구
8001815	사기정골	22980	중구
8001480	도리뫼	22990	중구
8001481	도리뫼	23000	중구
8002194	어남동	23010	중구
8002199	어남동	23020	중구
8002197	증터	23030	중구
8002198	증터	23040	중구
8002876	한국무예연수원	23050	중구
8002877	한국무예연수원	23060	중구
8002581	도마2동주민센터	30600	서구
8001616	모랭이	23070	중구
8001615	모랭이	23080	중구
8001216	금동마을	23090	중구
8001215	금동마을	23100	중구
8001214	금동	23110	중구
8001370	대자연아파트	23120	중구
8005923	대자연아파트	23130	중구
8002928	한밭도서관후문	23140	중구
8005922	한밭도서관후문	23150	중구
8001239	래미안아파트2단지	31520	서구
8001240	래미안아파트2단지	31550	서구
8005935	안복수길	23160	서구
8001959	서우아파트2단지	31610	서구
8005934	안복수길	23170	서구
8001060	갈마아파트2단지	31740	서구
8005924	충남대학병원동문	23180	중구
8005946	중구국민체육센터	23190	중구
8001055	갈마2동주민센터/충청투데이	31950	서구
8005952	버드내아파트	23210	중구
8005951	파라곤아파트	23220	중구
8001565	둔산2동주민센터	32230	서구
8005977	홀트아동복지회관	23230	중구
8003077	목양마을아파트후문	23240	중구
8002454	으능정이거리	23250	중구
8005998	보문오거리	23260	중구
8003075	목양초등학교	23280	중구
8003076	목양초등학교	23290	중구
8007001	한화생명이글스파크	23300	중구
8007002	보문산진입로	23310	중구
8007003	보문산진입로	23320	중구
8007004	보문산공원로	23330	중구
8007005	보문산공원로	23340	중구
8002108	관저2동행정복지센터	33460	서구
8007006	보문산공원	23350	중구
8007007	문창동보문교	23360	중구
8007042	중구청역	23370	중구
8007031	오월드	23380	중구
8002837	평촌2통아래뜸	33860	서구
8005597	평촌2통아래뜸	33870	서구
8002838	평촌2통마을회관	33880	서구
8007041	윗사정삼거리	23390	중구
8005598	평촌2통마을회관	33900	서구
8007040	윗사정삼거리	23400	중구
8007039	백골저수지	23410	중구
8007038	백골저수지	23420	중구
8007037	대전보훈공원입구	23430	중구
8002332	우명2구	34320	서구
8002331	우명2구	34330	서구
8002324	용촌2통	34390	서구
8007036	대전보훈공원입구	23440	중구
8002323	용촌2통	34400	서구
8007035	백골삼거리	23450	중구
8007034	백골삼거리	23460	중구
8007033	보성네거리	23470	중구
8007646	도안2-3지구	47230	유성구
8007655	도안2-3지구	47240	유성구
8007032	보성네거리	23480	중구
8070033	보문산교통광장	23490	중구
8070034	보문산교통광장	23500	중구
8007154	중촌동과선교	23510	중구
8007259	산직2동종점	35140	서구
8001917	샛고개	23520	중구
8005626	무수동입구	23530	중구
8005625	무수동입구	23540	중구
8005628	무수동	23550	중구
8007406	관저더샵2단지	35560	서구
8005627	무수동	23560	중구
8007215	침산교/점말	23580	중구
8007599	둔산2동주민센터	35850	유성구
8007216	침산교/점말	23590	중구
8007217	침산동	23600	중구
8007218	침산동	23610	중구
8007219	금동	23620	중구
8007257	사정공원	23630	중구
8007327	홀트아동복지회관	23640	중구
8007328	목달동/송곡가든	23650	중구
8007329	목달동/송곡가든	23660	중구
8007361	파라곤아파트	23670	중구
8002644	중촌동과선교	23680	중구
8007449	금동이고개	23690	중구
8007450	금동이고개	23700	중구
8007563	푸르지오아파트	23720	중구
8007622	대전하늘채스카이앤	23730	중구
8072546	대전치유의숲	23740	중구
8072547	대전치유의숲	23750	중구
8001438	대정2통	40290	유성구
8002268	용계2통	40390	유성구
8002267	용계2통	40400	유성구
8002009	성북2통마을회관앞	40550	유성구
8002008	성북2통마을회관앞	40560	유성구
8002007	성북2통동구나무	40570	유성구
8002006	성북2통동구나무	40580	유성구
8002021	세동2통	40770	유성구
8002020	세동2통	40780	유성구
8002060	송정2통	40880	유성구
8002059	송정2통	40890	유성구
8001772	유성온천역2번출구	41280	유성구
8001756	복용2통	41970	유성구
8001757	복용2통	41980	유성구
8005964	스마트시티2단지	43290	유성구
8002052	송림마을2단지	43590	유성구
8001676	반석2통	43880	유성구
8001675	반석2통	43890	유성구
8001303	테크노밸리2단지	44510	유성구
8001304	테크노밸리2단지	44520	유성구
8001211	금고2통	44860	유성구
8001210	금고2통	44870	유성구
8001335	대동2통	45040	유성구
8005539	대동2통	45050	유성구
8002096	신동2통	45090	유성구
8002097	신동2통	45100	유성구
8001150	서한이다음2단지	45170	유성구
8001151	서한이다음2단지	45180	유성구
8001148	구룡2통	45190	유성구
8001149	구룡2통	45200	유성구
8005928	온천2동주민센터	45280	유성구
8070027	유성온천역2번출구	45700	유성구
8007587	서한이다음2단지	46860	유성구
8007571	둔곡2교	46880	유성구
8007572	둔곡2교	47010	유성구
8007588	서한이다음2단지	47030	유성구
8007617	호반써밋그랜드파크2단지	47200	유성구
8001981	선비마을2단지	50970	대덕구
8002498	장동2구	52510	대덕구
8007251	신탄진기점지2	53390	대덕구
8007647	도안2-5지구	47210	유성구
8007654	도안2-5지구	47220	유성구
8002958	신탄진26통	52880	대덕구
8002957	신탄진26통	52890	대덕구
9007251	신탄진기점지2	99999	대덕구
8005578	유성온천역2번출구	99999	유성구
9005964	스마트시티2단지	99999	유성구
9002651	중촌주공2단지	99999	중구
8002098	신동리.신동2통	99999	유성구
8002099	신동리.신동2통	99999	유성구
8005691	대정2통	99999	유성구
8101676	반석2통	99999	유성구
8101675	반석2통	99999	유성구
9002498	장동2구	99999	대덕구
8002771	탑립2통	99999	유성구
8002770	탑립2통	99999	유성구
8002979	대전과학기술대학교	30010	서구
8002978	계룡아파트	30020	서구
8002977	대전과학기술대학교	30030	서구
8001755	복수자이아파트	30040	서구
8002976	대전과학기술대학교	30050	서구
8001648	목화아파트	30060	서구
8001947	서부경찰서	30070	서구
8002706	초록마을네거리	30100	서구
8001754	신계초등학교	30110	서구
8005914	복수동사정교	30150	서구
8001646	목운주택입구	30180	서구
8001645	목운주택입구	30190	서구
8001260	내동중학교	30200	서구
8001261	내동중학교	30210	서구
8001255	봉산중학교입구	30220	서구
8001258	내동네거리	30230	서구
8005910	변전소네거리	30240	서구
8002965	향우네거리	30250	서구
8002966	향우네거리	30260	서구
8001730	변동네거리	30270	서구
8001263	내동초등학교	30280	서구
8001731	변동네거리	30290	서구
8001262	내동초등학교	30300	서구
8001734	변동시장	30310	서구
8001735	변동오거리	30320	서구
8001733	변동시장	30330	서구
8001738	변동초등학교	30340	서구
8001739	변동초등학교	30350	서구
8005920	변동복개도로	30360	서구
8005947	경남아파트	30370	서구
8001101	공굴안	30380	서구
8001100	공굴안	30390	서구
8005948	경남아파트	30400	서구
8001707	배재대학교	30410	서구
8001368	대아아파트	30420	서구
8002831	배재대학교	30430	서구
8002585	대전지방조달청	30440	서구
8001084	경남아파트	30450	서구
8001932	서대전여고	30460	서구
8001763	복음양지아파트	30470	서구
8001762	복음양지아파트	30480	서구
8002545	서부소방서	30490	서구
8002582	도마중학교	30500	서구
8001708	제일고등학교	30510	서구
8001495	도마중학교	30520	서구
8001709	배재시장	30530	서구
8001197	귀빈장네거리	30540	서구
8001496	도마중학교	30550	서구
8002579	유천초등학교	30560	서구
8001256	변동근린공원	30570	서구
8001737	변동중학교	30580	서구
8001257	변동근린공원	30590	서구
8002583	도마중학교	30610	서구
8002580	삼육중학교입구	30620	서구
8002118	도마삼거리	30640	서구
8002119	도마삼거리	30650	서구
8001276	구농도원	30660	서구
8001277	구농도원	30670	서구
8001279	구농도원네거리	30680	서구
8001278	구농도원네거리	30690	서구
8001494	호반써밋그랜드센트럴	30700	서구
8001488	도마네거리	30720	서구
8001490	도마네거리	30730	서구
8001493	도마시장	30760	서구
8001492	도마시장	30770	서구
8001482	효성타운아파트	30790	서구
8002546	가수원교	30800	서구
8002547	정림삼거리	30810	서구
8002752	코스모스아파트	30820	서구
8007543	대전추모공원	30820	서구
8001198	정림삼거리	30830	서구
8001199	정림삼거리	30840	서구
8007544	대전추모공원	30850	서구
8002337	우성아파트	30850	서구
8002551	정림초등학교	30860	서구
8002542	정림동	30870	서구
8002550	정림초등학교	30880	서구
8002541	정림공원	30890	서구
8002543	정림동	30900	서구
8002544	서부소방서	30910	서구
8001950	대전산업정보고	30920	서구
8001951	대전산업정보고	30930	서구
8002508	장미아파트	30940	서구
8007658	이마트	31000	서구
8001497	도산서원	31010	서구
8002425	둔산자이아이파크	31020	서구
8001075	국민연금서대전지사	31030	서구
8003104	서부터미널기점	3104	중구
8001572	둔산초등학교	31040	서구
8002445	은어송마을3단지후문	10470	동구
8001074	개나리아파트	31050	서구
8002444	은어송마을3단지	10510	동구
8002451	은어송마을3단지후문	10730	동구
8005594	탄방역종점	31080	서구
8005865	탄방역.대전고용센터	31090	서구
8002760	탄방역.대전고용센터	31100	서구
8005559	샤크존	31110	서구
8001348	대동역3번출구	11180	동구
8001949	서부농협본점	31120	서구
8005558	샤크존	31130	서구
8002953	한우리아파트	31140	서구
8002954	한우리아파트	31150	서구
8002869	한가람아파트	31170	서구
8002870	한가람아파트	31180	서구
8001109	공작아파트	31190	서구
8001571	둔산전자타운	31200	서구
8002759	탄방동주민센터	31210	서구
8001252	남선공원종합체육관	31240	서구
8001498	도산서원	31250	서구
8001250	남선공원네거리	31260	서구
8001249	남선공원네거리	31270	서구
8001655	문정초등학교	31280	서구
8002338	국화아파트	31290	서구
8002702	청솔아파트	31300	서구
8002703	청솔아파트	31310	서구
8001251	남선공원종합체육관	31320	서구
8001743	보라삼거리	31330	서구
8001132	괴정네거리	31360	서구
8001134	괴정동주민센터	31370	서구
8001135	괴정동주민센터	31380	서구
8002758	탄방네거리	31420	서구
8001712	백운초등학교	31430	서구
8002220	예지중고등학교	31440	서구
8001587	롯데백화점	31450	서구
8001736	변동오거리	31460	서구
8005919	가장제일장로교회	31470	서구
8001052	가장네거리	31480	서구
8001051	가장네거리	31500	서구
8001050	가장교	31530	서구
8001049	가장교	31540	서구
8001588	대전외국어고/롯데아파트	31560	서구
8001589	대전외국어고/롯데아파트	31570	서구
8002754	코오롱아파트	31590	서구
8002161	안골네거리	31600	서구
8002160	안골네거리	31620	서구
8001962	서중학교입구	31630	서구
8001784	봉산중학교	31640	서구
8001259	내동네거리	31650	서구
8001264	내동주민센터	31660	서구
8001133	괴정네거리	31670	서구
8001130	괴정네거리	31680	서구
8001131	괴정네거리	31690	서구
8002914	한민시장	31700	서구
8002913	한민시장	31710	서구
8001604	맑은아침아파트	31720	서구
8001057	갈마도서관	31730	서구
8001054	갈마네거리	31750	서구
8001204	갈마중학교입구	31760	서구
8001056	갈마네거리	31770	서구
8001902	상수도사업본부	31780	서구
8001205	갈마중학교입구	31790	서구
8001053	갈마네거리	31800	서구
8001903	상수도사업본부	31810	서구
8001065	갈마초등학교	31820	서구
8001058	갈마삼거리	31830	서구
8002917	한밭고.갈마중입구	31840	서구
8001710	동산아파트입구	31850	서구
8001064	갈마초등학교	31860	서구
8001952	둔산소방서	31870	서구
8002846	푸른아파트	31890	서구
8001063	갈마육교	31900	서구
8001062	갈마육교	31910	서구
8005517	갈마역	31920	서구
8001570	둔산여자고등학교	31930	서구
8001061	갈마역	31940	서구
8001089	큰마을아파트	31960	서구
8002757	큰마을아파트	31970	서구
8001569	둔산여자고등학교	31990	서구
8002967	향촌아파트	32000	서구
8002968	향촌아파트	32010	서구
8002815	파랑새아파트	32020	서구
8001091	큰마을네거리	32030	서구
8001077	갤러리아타임월드	32040	서구
8001076	갤러리아타임월드	32050	서구
8002452	은하수네거리	32060	서구
8006006	은하수네거리	32070	서구
8002453	은하수네거리	32080	서구
8002467	이마트	32090	서구
8001380	대전상공회의소	32100	서구
8002466	이마트	32110	서구
8001078	갤러리아타임월드	32120	서구
8002468	이마트	32130	서구
8002228	오룡역3번출구	21300	중구
8001649	무궁화아파트	32140	서구
8001929	서대전네거리역3번출구	21410	중구
8002814	파랑새네거리	32150	서구
8001567	둔산경찰서	32160	서구
8002556	정부대전청사서문	32170	서구
8002557	정부대전청사서문	32180	서구
8002159	아이빌딩	32190	서구
8001663	문화동.주공3단지후문	21930	중구
8002554	정부대전청사남문	32200	서구
8002559	정부청사역	32210	서구
8002553	정부대전청사남문	32240	서구
8001275	녹원아파트	32260	서구
8002558	정부청사역	32270	서구
8001573	둔산초등학교	32280	서구
8005583	정부청사광장	32290	서구
8005856	을지대학병원	32300	서구
8002087	시청.교육청	32310	서구
8001925	서구청	32320	서구
8001924	서구청	32330	서구
8002089	시청환승지	32340	서구
8001378	대전광역시청	32350	서구
8002090	시청환승지	32360	서구
8001394	대전예술의전당	32380	서구
8002969	시청역	32390	서구
8001725	법원.검찰청	32400	서구
8002088	시청역	32410	서구
8001726	법원.검찰청	32420	서구
8001452	둥지네거리	32430	서구
8001724	법원.검찰청	32440	서구
8001831	사학연금회관	32450	서구
8002555	정부대전청사동문	32460	서구
8001628	목련아파트	32470	서구
8001723	법원.검찰청	32480	서구
8001575	사학연금회관	32490	서구
8001913	샘머리아파트	32500	서구
8001574	둥지아파트	32510	서구
8001232	꿈나무아파트	32520	서구
8001629	목련아파트	32530	서구
8002871	한가람아파트	32540	서구
8002908	한마루아파트	32550	서구
8001576	둥지아파트정문	32560	서구
8002964	햇님아파트	32570	서구
8002717	충남고등학교	32580	서구
8002756	크로바아파트	32590	서구
8001912	샘머리공원	32600	서구
8002763	탄방중학교	32610	서구
8002935	한밭초등학교	32620	서구
8001890	삼천중학교	32630	서구
8002076	수정타운아파트정문	32640	서구
8001005	가람아파트	32650	서구
8002075	수정타운아파트	32660	서구
8001388	대전교통공사	32690	서구
8005519	갑천역	32700	유성구
8005520	갑천역	32710	서구
8001389	대전교통공사	32720	서구
8002382	월평삼거리	32730	서구
8002377	월평역	32740	서구
8001425	대전일보사	32750	서구
8001426	대전일보사	32760	서구
8002378	월평역	32770	서구
8002538	전원아파트	32780	서구
8002850	하나로아파트	32790	서구
8002668	진달래아파트	32800	서구
8001926	서대전고등학교	32810	서구
8002381	월평주공아파트	32820	서구
8002379	월평주공아파트	32830	서구
8003008	황실타운아파트	32840	서구
8001287	누리아파트	32860	서구
8005518	갈마역	32870	서구
8001288	누리아파트후문	32880	서구
8001998	성룡초등학교	32890	서구
8001651	무지개아파트	32900	서구
8001999	성룡초등학교	32910	서구
8002952	한아름아파트	32920	서구
8001652	무지개아파트	32930	서구
8001919	샛별아파트	32940	서구
8001713	백합네거리	32950	서구
8001988	선사유적지	32960	서구
8001568	통계센터	32970	서구
8001989	선사유적지	32980	서구
8001079	건양대병원	32990	서구
8001526	동방고등학교	33000	서구
8001525	동방고등학교	33010	서구
8002705	초록마을3단지	30120	서구
8001018	가수원도서관	33020	서구
8001017	가수원도서관	33030	서구
8001028	가수원육교.가수원시장	33040	서구
8001025	도안베르디움	33050	서구
8001024	린풀하우스	33060	서구
8001029	가수원육교.가수원시장	33070	서구
8001019	가수원동	33080	서구
8001008	가수원동	33090	서구
8002276	용문역3번출구	30950	서구
8001014	가수원지구대	33100	서구
8001011	가수원시장	33120	서구
8001030	가수원중학교	33130	서구
8001012	가수원시장	33140	서구
8001031	가수원중학교	33150	서구
8002439	은아아파트	33160	서구
8002438	은아아파트	33170	서구
8001026	가수원역	33180	서구
8001059	갈마아파트3단지	31880	서구
8001027	가수원역	33190	서구
8001009	가수원네거리	33200	서구
8001010	가수원교	33210	서구
8001642	목원대학교	33230	서구
8001641	목원대학교	33230	서구
8003101	목원대네거리	33250	서구
8007178	옥녀봉체육공원	33260	서구
8070018	수목토아파트	33280	서구
8070011	수목토아파트	33290	서구
8001218	진잠네거리	33300	서구
8005532	진잠네거리	33310	서구
8001217	금동초등학교	33350	서구
8002107	신선마을아파트	33370	서구
8001785	봉우중학교	33420	서구
8001786	봉우중학교	33430	서구
8001116	관저네거리	33440	서구
8002106	신선마을아파트	33450	서구
8001118	관저네거리	33470	서구
8001115	관저지하차도	33480	서구
8001371	대자연아파트	33490	서구
8001369	대자연마을	33500	서구
8001372	대자연아파트	33520	서구
8001373	대자연아파트후문	33530	서구
8001083	건양대병원네거리	33560	서구
8001080	건양대병원네거리	33590	서구
8001117	관저중학교	33600	서구
8001082	건양대병원네거리	33620	서구
8001081	건양대병원네거리	33630	서구
8001450	대추벌	33640	서구
8001451	대추벌	33650	서구
8002069	수영장	33660	서구
8002068	수영장	33670	서구
8003038	흑석리역	33680	서구
8003037	흑석리역	33690	서구
8005958	기성농협	33700	서구
8003036	흑석네거리	33710	서구
8003035	흑석네거리	33720	서구
8002526	장평보유원지	33730	서구
8002525	장평보유원지	33740	서구
8005534	기성중학교	33750	서구
8001225	기성중학교	33760	서구
8001606	매노동	33770	서구
8001605	매노동	33780	서구
8001266	노루벌	33790	서구
8001267	노루벌	33800	서구
8001685	밤갈미	33810	서구
8001830	사진개	33820	서구
8001829	사진개	33830	서구
8001582	등골	33840	서구
8005614	등골	33850	서구
8002326	용촌교	33890	서구
8002325	용촌교	33910	서구
8002518	장전	33920	서구
8002517	장전	33930	서구
8001814	사기점골	33960	서구
8001813	사기점골	33970	서구
8001910	새터	34000	서구
8001911	새터	34010	서구
8002179	야실	34020	서구
8002178	야실	34030	서구
8001140	교촌3통	40300	유성구
8001141	교촌3통	40310	유성구
8001226	기성초등학교	34040	서구
8001227	기성초등학교	34050	서구
8002013	성북3통굿개말길	40590	유성구
8002285	용태울	34060	서구
8002012	성북3통굿개말길	40600	유성구
8002015	성북3통마을회관	40610	유성구
8002014	성북3통마을회관	40620	유성구
8002011	성북3통	40630	유성구
8001860	용태울	34070	서구
8002808	토옥골	34080	서구
8001861	토옥골	34090	서구
8001684	밤갈미	34100	서구
8002212	방동3통	41050	유성구
8001690	방동3통	41060	유성구
8002283	용바위	34110	서구
8002284	용바위	34120	서구
8001773	유성온천역3번출구	41260	유성구
8002516	장안동종점	34130	서구
8002408	유성온천역3번출구	41300	유성구
8002513	장안동	34140	서구
8002974	현충원역3번출구	41450	유성구
8002512	장안동	34150	서구
8002524	장태산자연휴양림	34160	서구
8002523	장태산자연휴양림	34170	서구
8002521	장태산길곡길입구	34200	서구
8002522	장태산길곡길입구	34210	서구
8002514	장안저수지	34220	서구
8002515	장안저수지	34230	서구
8005902	반석마을3단지	42320	유성구
8002842	평촌동종점	34240	서구
8002221	오동	34250	서구
8002222	오동	34260	서구
8002215	영골	34270	서구
8002214	영골	34280	서구
8002335	우명동종점	34290	서구
8002333	우명동	34300	서구
8002334	우명동	34310	서구
8002192	어곡교	34340	서구
8002193	어곡교	34350	서구
8002053	송림마을3단지	43610	유성구
8002367	원정역	34370	서구
8002368	원정역	34380	서구
8001677	반석역3번출구	43950	유성구
8001769	봉곡동종점	34410	서구
8001765	봉곡	34440	서구
8001766	봉곡	34450	서구
8001897	상보안	34460	서구
8001896	상보안	34470	서구
8001107	대전추모공원입구	34480	서구
8001108	대전추모공원입구	34490	서구
8001127	고릿골구름다리	34500	서구
8001126	고릿골구름다리	34510	서구
8001564	둔곡3교	45130	유성구
8001563	둔곡3교	45140	유성구
8007381	벌말	34520	서구
8001720	벌말	34520	서구
8001128	괴곡동.고리골	34530	서구
8001129	괴곡동.고리골	34540	서구
8007380	벌말	34550	서구
8001719	벌말	34550	서구
8001621	모세골	34560	서구
8001620	모세골	34570	서구
8002384	원정림	34580	서구
8002383	원정림	34590	서구
8007020	노은3지구종점	45940	유성구
8002548	정림중학교	34600	서구
8002549	정림중학교	34610	서구
8007101	싸이언스빌3가	46100	유성구
8007102	싸이언스빌3가	46110	유성구
8001682	반지리	34620	서구
8001683	반지리	34630	서구
8001973	선골	34640	서구
8001974	선골	34650	서구
8001595	만년고등학교	34660	서구
8005908	둔천초등학교	34670	서구
8001073	강변아파트	34680	서구
8007573	천동천3교	46890	유성구
8001598	만년중학교	34690	서구
8007574	천동천3교	46920	유성구
8007584	국제과학3로	46970	유성구
8001597	만년동	34700	서구
8001922	초원아파트	34710	서구
8001923	서구보건소	34720	서구
8001395	대전예술의전당	34730	서구
8002081	한밭수목원	34740	서구
8007326	서부소방서	34750	서구
8005918	목련아파트	34760	서구
8005581	을지대학병원	34770	서구
8005926	천연기념물센터	34780	서구
8005927	천연기념물센터	34790	서구
8005999	진달래아파트	34800	서구
8006001	월평중학교	34810	서구
8005909	한마음동산	34820	서구
8070005	가장교오거리	34830	서구
8070006	가장교오거리	34840	서구
8070007	복수동사정교	34850	서구
8070010	샘물타운아파트	34860	서구
8001013	가수원지구대	34870	서구
8070012	트리풀시티레이크포레	34880	서구
8070017	트리풀시티레이크포레	34890	서구
8001643	옥녀봉네거리	34900	서구
8005640	신계초등학교	34920	서구
8003053	가수원네거리	34930	서구
8003052	정방마을입구	34940	서구
8003103	평촌	34950	서구
8007011	둔원초등학교	34960	서구
8007045	선암초교네거리	34970	서구
8007046	선암초교네거리	34980	서구
8070037	산막골	34990	서구
8070038	산막골	35000	서구
8070039	하산막골	35010	서구
8070040	하산막골	35020	서구
8070041	목련농원	35030	서구
8070042	목련농원	35040	서구
8007183	한국전력공사	35050	서구
8007190	반송마을입구	35060	서구
8007191	반송마을입구	35070	서구
8005893	우명교	35080	서구
8005892	우명교	35090	서구
8001982	선비마을3단지	50980	대덕구
8007195	정림동종점	35100	서구
8001722	법동주공3단지	51090	대덕구
8007074	배재대학교종점	35110	서구
8007258	오룡골	35120	서구
8007260	오룡골	35130	서구
8007246	대청병원	35150	서구
8007245	대청병원	35160	서구
8007255	우명동낚시터	35170	서구
8007256	우명동낚시터	35180	서구
8007264	암뱀골	35190	서구
8007265	암뱀골	35200	서구
8007281	다온숲아파트	35210	서구
8007282	다온숲아파트	35220	서구
8007283	천년나무아파트	35230	서구
8007284	어반힐스아파트	35240	서구
8007285	느리울초등학교	35250	서구
8007287	관저체육공원	35270	서구
8007318	서일고/서일여고	35280	서구
8007319	서일고/서일여고	35290	서구
8007325	월평역	35300	서구
8007363	구봉고등학교	35310	서구
8007364	구봉고등학교	35320	서구
8007022	선비마을3단지후문	53230	대덕구
8007365	도솔초등학교	35330	서구
8007366	도솔초등학교	35340	서구
8007367	옥녀봉네거리	35350	서구
8007368	옥녀봉네거리	35360	유성구
8007379	기성동기점지	35370	서구
8007382	뒷골	35400	서구
8007383	뒷골	35410	서구
8007385	원정동	35430	서구
8007386	구만리	35440	서구
8007387	구만리	35450	서구
8007388	중리마을	35460	서구
8007389	중리마을	35470	서구
8007390	무도리종점	35480	서구
8007391	정방마을입구	35490	서구
8007392	상보안	35500	서구
8007393	상보안	35510	서구
8007396	관저동예미지아파트	35520	서구
8007397	관저동예미지아파트	35530	서구
8001960	서일고등학교	35540	서구
8002183	도안동예미지아파트	35550	서구
8007418	둔원고등학교	35580	서구
8007441	장태산종점	35600	서구
8007444	정림공원	35610	서구
8007445	백목련아파트	35620	서구
8007446	코스모스아파트	35630	서구
8007447	정림동종점	35640	서구
8007448	정림동종점	35650	서구
8007502	도안아이파크	35660	서구
8007501	도안아이파크	35670	서구
8007503	수목토아파트	35680	서구
8007500	수목토아파트	35690	서구
8007504	도안중학교	35700	서구
8007499	도안중학교	35710	서구
8007505	도안리슈빌	35720	서구
8007498	도안리슈빌	35730	서구
8007506	관저네거리	35740	서구
8007497	봉우재네거리	35750	서구
8007507	선암초등학교	35760	서구
8007496	선암초등학교	35770	서구
8007508	관저체육공원	35780	서구
8007495	관저체육공원	35790	서구
8007509	서일여고	35800	서구
8007494	서일여고	35810	서구
8072561	짐밭골	35820	서구
8007519	짐밭골	35830	서구
8001224	기성농협	35840	서구
8007604	트리풀시티레이크포레	35860	서구
8007608	도솔대교	35870	서구
8007611	도솔대교	35880	서구
8007609	월평자동차전시장	35890	서구
8007610	월평자동차전시장	35900	서구
8007644	원앙마을아파트	35910	서구
8007657	대전공공어린이재활병원	35920	서구
8007671	도솔네거리	35930	서구
8072554	구봉산빼울약수터	35940	서구
8005668	테크노밸리3.5단지앞	99999	유성구
8005851	테크노밸리3.5단지	99999	유성구
8002729	나라키움청사/3.8기념관	20210	중구
8002730	나라키움청사/3.8기념관	20220	중구
8007239	복용3통	82400	유성구
8007232	복용3통	82410	유성구
9002451	은어송마을3단지후문	99999	동구
9001059	갈마아파트3단지	99999	서구
8005862	초록마을3단지	99999	서구
8005861	초록마을3단지	99999	서구
8005822	궁동3가	99999	유성구
8005808	봉산3통	99999	유성구
8105808	봉산3통	99999	유성구
8002010	성북3통	99999	유성구
8002679	진잠초등학교	40010	유성구
8002675	원내동	40020	유성구
8002676	원내동	40030	유성구
8002674	진잠향교	40040	유성구
8002673	진잠향교	40050	유성구
8002678	진잠중학교	40060	유성구
8002677	진잠중학교	40070	유성구
8003106	원내동공영차고지종점	40080	유성구
8002355	원내동공영차고지	40080	유성구
8002575	제이파크아파트	40090	유성구
8002352	원내네거리	40110	유성구
8002351	원내네거리	40120	유성구
8002948	한승미메이드아파트	40130	유성구
8002574	제이파크아파트	40140	유성구
8002949	한승미메이드아파트	40150	유성구
8005858	진잠타운아파트	40160	유성구
8005859	진잠타운아파트	40170	유성구
8072548	도안더리브지식산업센터	40190	유성구
8002681	진잠타운아파트	40200	유성구
8001916	샘물타운아파트	40210	유성구
8001915	샘물타운아파트	40220	유성구
8001914	샘물타운아파트	40230	유성구
8001138	교도소입구	40240	유성구
8001137	교도소입구	40250	유성구
8001439	대정동	40260	유성구
8001440	대정동	40270	유성구
8002275	용머리	40280	유성구
8005978	화물터미널	40320	유성구
8003001	화물터미널	40320	유성구
8001580	드리움아파트	40330	유성구
8001579	드리움아파트	40340	유성구
8001136	교도소	40350	유성구
8002670	밀머리네거리	40360	유성구
8002669	밀머리네거리	40370	유성구
8005933	용계동종점	40380	유성구
8002273	용계동종점	40380	유성구
8002272	용계동접수마을	40410	유성구
8002271	용계동접수마을	40420	유성구
8002104	온마음병원	40430	유성구
8002105	온마음병원	40440	유성구
8002867	학하초등학교	40450	유성구
8002868	학하초등학교	40460	유성구
8002864	학하동	40470	유성구
8002863	학하동	40480	유성구
8001093	계산동	40490	유성구
8001092	계산동	40500	유성구
8002022	세동종점	40640	유성구
8001069	감골	40650	유성구
8001068	감골	40660	유성구
8001513	돌마루	40670	유성구
8001512	돌마루	40680	유성구
8002182	양새터골	40690	유성구
8002181	양새터골	40700	유성구
8002624	중세동	40710	유성구
8002623	중세동	40720	유성구
8001867	삼박골	40730	유성구
8001170	구억들	40740	유성구
8001866	삼박골	40750	유성구
8001171	구억들	40760	유성구
8002017	성북동산림욕장	40790	유성구
8005866	한배미뜰	40810	유성구
8002936	한배미뜰	40820	유성구
8005867	송정소징이	40830	유성구
8002062	송정소징이	40840	유성구
8072562	송정동	40850	유성구
8002061	송정동	40850	유성구
8001696	방동길	40900	유성구
8001695	방동길	40910	유성구
8001820	사봉	40960	유성구
8001819	사봉	40970	유성구
8001558	계룡과선교	40980	유성구
8001559	계룡과선교	40990	유성구
8005961	계룡과선교	41000	유성구
8002177	알로에농장	41010	유성구
8002176	알로에농장	41020	유성구
8001892	삿갓집	41030	유성구
8001893	삿갓집	41040	유성구
8002446	은어송마을4단지	10520	동구
8002213	엉고개	41070	유성구
8002825	판암주공4단지	10720	동구
8001699	방동새운네	41120	유성구
8001698	방동새운네	41130	유성구
8001702	방동저수지	41140	유성구
8001701	방동저수지	41150	유성구
8001700	방동저수지	41160	유성구
8001697	방동대교	41170	유성구
8002403	봉명네거리	41180	유성구
8002402	봉명네거리	41190	유성구
8002401	유성자이아파트	41200	유성구
8001590	봉명동우체국	41210	유성구
8001775	봉명동	41240	유성구
8001774	봉명동	41250	유성구
8002960	한진오피스텔	41340	유성구
8002961	온천교	41350	유성구
8002997	온천교	41360	유성구
8001596	만년교	41370	유성구
8003032	만년교	41380	유성구
8002984	홈플러스유성점	41390	유성구
8002923	덕명네거리	41400	유성구
8002922	덕명네거리	41410	유성구
8002589	주유소	41420	유성구
8002694	천양원	41480	유성구
8002693	천양원	41490	유성구
8002419	유성생명과학고	41500	유성구
8007028	유성중학교	41500	유성구
8002418	유성생명과학고	41510	유성구
8001167	구암동	41520	유성구
8001166	구암동	41530	유성구
8001219	정보통신공사협회	41540	유성구
8001220	유성구보건소	41550	유성구
8001168	유성복합터미널	41560	유성구
8001169	유성복합터미널	41570	유성구
8001704	유성구보훈회관	41580	유성구
8001703	유성구보훈회관	41590	유성구
8002392	유성고등학교	41600	유성구
8002393	유성고등학교	41610	유성구
8007520	한국과학기술원북문	41620	유성구
8002077	수통골기점지	41650	유성구
8003002	수통골삼거리	41660	유성구
8003003	수통골삼거리	41670	유성구
8002921	한밭대학교	41680	유성구
8002920	한밭대학교	41690	유성구
8001185	국립대전현충원	41700	유성구
8001878	삼성화재연수원	41710	유성구
8001184	국립대전현충원	41720	유성구
8001877	삼성화재연수원	41730	유성구
8002141	하우스토리/신협연수원	41740	유성구
8002142	운암네오미아/신협연수원	41750	유성구
8002269	용계동	41760	유성구
8002270	용계동	41770	유성구
8070029	흥도초등학교	41800	유성구
8070030	흥도초등학교	41810	유성구
8003102	목원대네거리	41820	유성구
8002776	탑립육교	41830	유성구
8002775	탑립육교	41840	유성구
8007522	한국과학기술원교수회관	41850	유성구
8007523	한국과학기술원교수회관	41860	유성구
8007540	구암역	41870	유성구
8007541	구암역	41880	유성구
8002363	원신흥동	41910	유성구
8002364	원신흥동	41920	유성구
8007524	한국과학기술원대강당	41930	유성구
8007525	한국과학기술원대강당	41940	유성구
8001758	복용동	41950	유성구
8001759	복용동	41960	유성구
8002597	죽동네거리	41990	유성구
8002596	죽동네거리	42000	유성구
8002404	유성시장	42010	유성구
8002405	유성시장	42020	유성구
8005573	유성시장	42040	유성구
8005574	유성시장	42060	유성구
8002628	중앙로역4번출구	20680	중구
8001282	장대네거리	42070	유성구
8002629	중앙로역4번출구	20720	중구
8002493	유성초네거리	42080	유성구
8002492	유성초네거리	42090	유성구
8002395	유성시장	42100	유성구
8002394	유성시장	42110	유성구
8001194	장대네거리	42120	유성구
8001542	오룡역4번출구	21260	중구
8001196	궁동교	42130	유성구
8002229	오룡역4번출구	21330	중구
8001195	장대네거리	42140	유성구
8001928	서대전네거리역4번출구	21400	중구
8002494	장대중학교	42150	유성구
8002495	장대초등학교	42160	유성구
8001071	갑동	42170	유성구
8001070	갑동	42180	유성구
8002421	유성컨트리클럽	42190	유성구
8002420	유성컨트리클럽	42200	유성구
8001270	노은농수산시장	42210	유성구
8002376	월드컵경기장역	42220	유성구
8001271	노은농수산시장	42240	유성구
8002375	월드컵경기장역	42250	유성구
8001269	노은농수산물시장	42260	유성구
8001268	노은농수산물시장	42270	유성구
8005903	노은동화훼단지	42280	유성구
8005905	노은동화훼단지	42290	유성구
8005553	반석고등학교	42300	유성구
8005554	반석고등학교	42310	유성구
8001272	노은역	42330	유성구
8002663	지족초등학교	42350	유성구
8001273	노은역	42360	유성구
8002664	지족초등학교	42370	유성구
8001206	반석네거리	42380	유성구
8002662	지족역	42420	유성구
8002660	지족역	42430	유성구
8007549	신세계백화점	42440	유성구
8002415	유성장애인복지관	42450	유성구
8002659	지족동	42460	유성구
8002406	유성경찰서	42480	유성구
8002407	유성경찰서	42490	유성구
8005904	유성선병원	42500	유성구
8005575	유성여고	42510	유성구
8005576	유성여고	42520	유성구
8002741	충대서문	42530	유성구
8002742	충대서문	42540	유성구
8002740	북대전세무서/보훈요양원	42550	유성구
8002739	북대전세무서/보훈요양원	42560	유성구
8002348	우주통신연구소	42570	유성구
8002738	충대수의대	42580	유성구
8002722	충남대학교	42590	유성구
8002721	충남대학교	42600	유성구
8005516	충남대학교	42610	유성구
8002720	충남대학교	42620	유성구
8005589	충남대산학연	42630	유성구
8005590	충남대산학연	42640	유성구
8002725	충남대학교입구	42650	유성구
8005587	충남대도서관	42660	유성구
8005588	충남대도서관	42670	유성구
8001296	다솔아파트	42680	유성구
8001192	궁동	42690	유성구
8001193	궁동	42700	유성구
8002735	충대농대입구	42710	유성구
8002941	한빛아파트	42720	유성구
8002939	한빛아파트	42730	유성구
8002736	충대농대종점	42740	유성구
8002737	충대농대종점	42750	유성구
8007072	충대농대종점	42750	유성구
8002398	유성구청	42760	유성구
8002399	유성구청	42770	유성구
8002940	한빛아파트	42780	유성구
8002897	한국항공우주연구원	42790	유성구
8002886	한국항공우주연구원	42800	유성구
8002879	한국생명공학연구원	42810	유성구
8003007	한국지질자원연구원	42820	유성구
8002872	카이스트	42830	유성구
8002873	카이스트	42840	유성구
8001113	카이스트	42850	유성구
8001114	원자력안전기술원	42860	유성구
8001160	구성삼거리	42870	유성구
8001431	대전지방기상청	42890	유성구
8001432	대전지방기상청	42900	유성구
8001742	보건환경연구원	42910	유성구
8001207	금강유역환경청	42920	유성구
8001182	국립중앙과학관	42930	유성구
8002397	유성구노인복지관	42940	유성구
8001997	성덕중학교	42950	유성구
8002956	한울아파트후문	42960	유성구
8002110	신성동주민센터	42980	유성구
8002111	신성동주민센터	42990	유성구
8002955	하나아파트	43000	유성구
8002109	하나아파트	43010	유성구
8002962	한화솔루션중앙연구소	43020	유성구
8002963	한화솔루션중앙연구소	43030	유성구
8002083	시민천문대	43040	유성구
8002084	시민천문대	43050	유성구
8002900	한국화학연구원	43060	유성구
8002901	한국에너지기술연구원	43070	유성구
8002882	한국전자통신연구원	43080	유성구
8002895	한국표준과학연구원	43100	유성구
8001325	대덕중학교	43110	유성구
8002896	한국표준과학연구원	43120	유성구
8001329	연구단지네거리	43140	유성구
8001102	공동관리아파트	43150	유성구
8001312	대덕고등학교	43160	유성구
8001324	대덕중학교	43170	유성구
8001103	공동관리아파트	43180	유성구
8001183	국립중앙과학관	43190	유성구
8001311	대덕고등학교	43200	유성구
8002203	국립중앙과학관입구	43210	유성구
8002202	신세계백화점	43220	유성구
8001326	대덕터널입구	43230	유성구
8002206	신세계백화점	43240	유성구
8002205	신세계백화점	43250	유성구
8001650	한빛탑	43260	유성구
8002204	대전컨벤션센터	43270	유성구
8005901	대전컨벤션센터	43280	유성구
8002745	충렬사삼거리	43340	유성구
8002746	충열사	43350	유성구
8005647	원앙4단지	33510	서구
8002875	한국기계연구원	43360	유성구
8002874	한국기계연구원	43370	유성구
8002890	중소벤처기업청	43380	유성구
8002626	중소벤처기업청	43390	유성구
8001318	대덕대학교	43420	유성구
8001319	대덕대학교	43430	유성구
8001104	대전광역시인재개발원	43440	유성구
8001105	대전광역시인재개발원	43450	유성구
8001293	한국연구재단	43460	유성구
8001705	방현동	43470	유성구
8001706	방현동	43480	유성구
8003004	화암네거리	43490	유성구
8003041	국가정보자원관리원	43500	유성구
8001727	삼양사중앙연구소	43510	유성구
8003005	화암네거리	43520	유성구
8002539	전자디자인고	43530	유성구
8002540	전자디자인고	43560	유성구
8005530	국립과학수사연구원	43570	유성구
8005531	국립과학수사연구원	43580	유성구
8002849	하기중학교	43600	유성구
8002489	합동군사대학교	43650	유성구
8002435	국군대전병원	43670	유성구
8002811	국군대전병원	43680	유성구
8002436	국방지형정보단	43690	유성구
8002491	자운대네거리	43700	유성구
8003098	자운동종점	43700	유성구
8002490	자운대네거리	43710	유성구
8001764	복지관	43720	유성구
8005670	군인아파트	43730	유성구
8001191	군인아파트	43730	유성구
8002103	자운초등학교	43740	유성구
8002070	수운교입구	43750	유성구
8002169	안산산성	43760	유성구
8002166	안산교	43770	유성구
8002167	안산교	43780	유성구
8002170	안산동	43790	유성구
8001186	국방과학연구소입구	43810	유성구
8001188	국방과학연구소입구	43820	유성구
8002264	외삼삼거리	43840	유성구
8001678	반석동	43850	유성구
8001190	군수사령부	43860	유성구
8001189	군수사령부	43870	유성구
8005571	외삼중학교	43900	유성구
8005570	외삼중학교	43910	유성구
8002189	반석마을입구	43920	유성구
8002187	반석마을입구	43940	유성구
8001681	반석역	43970	유성구
8001680	반석역	43980	유성구
8002530	전력연구원	44000	유성구
8002529	국립문화유산연구원	44010	유성구
8001657	문지네거리	44040	유성구
8001656	문지네거리	44050	유성구
8002207	문지초등학교입구	44060	유성구
8001658	문지네거리	44070	유성구
8005599	한남대대덕캠퍼스	44080	유성구
8005600	한남대대덕캠퍼스	44090	유성구
8001331	삼성푸른아파트	44100	유성구
8001691	방동4통	41080	유성구
8001692	방동4통	41090	유성구
8001332	선비마을	44110	유성구
8002409	유성온천역4번출구	41270	유성구
8002535	전민동주민센터	44160	유성구
8002536	전민동주민센터	44170	유성구
8002026	세종아파트	44180	유성구
8002025	세종아파트	44190	유성구
8002533	태광산업중앙연구소	44200	유성구
8007030	태광산업중앙연구소	44210	유성구
8002531	엑스포아파트	44220	유성구
8002532	전민중학교	44230	유성구
8002208	엑스포아파트	44240	유성구
8002537	전민중학교	44250	유성구
8002047	원촌동솔로몬로파크	44260	유성구
8002373	원촌삼거리	44270	유성구
8002374	원촌삼거리	44280	유성구
8002765	탑립동	44330	유성구
8005552	미건테크노월드	44340	유성구
8005551	미건테크노월드	44350	유성구
8002054	송림마을4단지	43620	유성구
8005896	뉴로스	44370	유성구
8005897	뉴로스	44390	유성구
8102775	탑립육교	44400	유성구
8102776	탑립육교	44410	유성구
8005506	대덕밸리용신교	44440	유성구
8005505	대덕밸리용신교	44450	유성구
8001306	테크노밸리4단지	44530	유성구
8005542	대덕밸리용신교	44460	유성구
8005543	대덕밸리용신교	44470	유성구
8001780	협진운수	44480	유성구
8001783	봉산동기점	44490	유성구
8001778	협진운수	44500	유성구
8005993	휴먼시아4단지	45490	유성구
8001556	관평중학교	44550	유성구
8001555	관평중학교	44560	유성구
8002640	중일고등학교	44570	유성구
8002639	중일고등학교	44580	유성구
8001585	롯데마트대덕점	44590	유성구
8007019	노은휴먼시아4단지	45930	유성구
8001586	롯데마트대덕점	44600	유성구
8005609	웅진에너지	44610	유성구
8005608	웅진에너지	44620	유성구
8005601	한신에스메카	44630	유성구
8007356	노은휴먼시아4단지	46460	유성구
8005602	한신에스메카	44650	유성구
8007486	휴먼시아4단지	46660	유성구
8005508	수변공원	44670	유성구
8005507	수변공원	44680	유성구
8005535	바이오니아	44690	유성구
8001200	그린아파트	44710	유성구
8007616	호반써밋그랜드파크4단지	47190	유성구
8002910	한마을아파트	44720	유성구
8002050	송강초등학교	44730	유성구
8002909	한마을아파트	44740	유성구
8002943	한솔아파트	44750	유성구
8002911	한마을아파트후문	44760	유성구
8001179	휴먼시아아파트	44770	유성구
8001794	송강전통시장	44780	유성구
8001178	송강마을아파트	44790	유성구
8001782	송강마을아파트	44800	유성구
8001793	송강전통시장	44810	유성구
8002049	송강전통시장	44820	유성구
8002048	송강전통시장	44830	유성구
8001283	북부여성가족원	44840	유성구
8001284	북부여성가족원	44850	유성구
8001341	대동금탄동입구	44880	유성구
8001340	대동금탄동입구	44890	유성구
8001608	금고동매립장	44900	유성구
8001607	금고동매립장	44910	유성구
8001212	금고동	44930	유성구
8001213	금고동	44950	유성구
8001343	대동보건소	44960	유성구
8001342	대동보건소	44970	유성구
8001334	대동	45000	유성구
8001333	대동	45010	유성구
8001339	대동	45020	유성구
8001338	대동	45030	유성구
8001223	금탄동종점	45060	유성구
8001984	선비마을4단지후문	50990	대덕구
8001983	선비마을4단지	51060	대덕구
8007526	한국과학기술원본관	45110	유성구
8007527	한국과학기술원본관	45120	유성구
8001562	둔곡동	45150	유성구
8001561	둔곡동	45160	유성구
8001146	구룡	45210	유성구
8001147	구룡	45220	유성구
8005900	하기동	45230	유성구
8005857	반석초등학교	45250	유성구
8005921	유림공원	45290	유성구
8001577	한샘근린공원	45300	유성구
8005714	드리움공원	45300	유성구
8001578	한샘근린공원	45310	유성구
8005693	드리움공원	45310	유성구
8005941	구즉동주민센터입구	45330	유성구
8005942	구즉동주민센터입구	45340	유성구
8005930	목원대학사마을	45350	유성구
8005931	목원대학사마을	45360	유성구
8007528	한국과학기술원오리연못	45390	유성구
8005957	한들교	45400	유성구
8005976	중앙백신연구소	45410	유성구
8005953	화인테크	45420	유성구
8005979	하기동	45440	유성구
8005584	진잠초등학교	45460	유성구
8005996	신안인스빌	45470	유성구
8005997	신안인스빌	45480	유성구
8005990	도안센트럴시티	45500	유성구
8005992	도안고등학교	45510	유성구
8005991	도안고등학교	45520	유성구
8006002	노은도서관	45530	유성구
8006003	노은도서관	45540	유성구
8005950	연구개발특구진흥재단	45550	유성구
8003078	한국가스기술공사	45570	유성구
8070002	한국가스기술공사	45570	유성구
8070001	한국가스기술공사	45580	유성구
8003079	한국가스기술공사	45580	유성구
8070004	송강중학교	45590	유성구
8070003	송강중학교	45600	유성구
8070009	한아름아파트	45610	유성구
8070008	대전도시과학고등학교	45620	유성구
8005975	중앙백신연구소	45630	유성구
8070014	봉명베르디움	45660	유성구
8070015	봉명베르디움	45670	유성구
8070023	봉명중학교	45710	유성구
8070025	봉명초등학교	45730	유성구
8070026	도안센트럴시티	45740	유성구
8007529	한국과학기술원오리연못	45750	유성구
8003069	수통골입구	45760	유성구
8003068	수통골입구	45770	유성구
8003071	미학아파트	45780	유성구
8003070	리빙포레아파트	45790	유성구
8003073	학의뜰아파트	45800	유성구
8003072	학하동종점	45810	유성구
8070045	유성숲오투그란데	45820	유성구
8070046	덕명중학교	45830	유성구
8003087	대덕특구체육공원	45840	유성구
8003088	대덕특구체육공원	45850	유성구
8003089	한국방송통신대학교	45860	유성구
8003090	한국방송통신대학교	45870	유성구
8003110	원촌동솔로몬로파크	45900	유성구
8003124	대한항공기술연구원	45910	유성구
8003123	대한항공기술연구원	45920	유성구
8007064	별밭공원	45950	유성구
8007065	별밭공원	45960	유성구
8007066	반석네거리	45970	유성구
8001557	계룡과선교	45980	유성구
8007098	쉼터공동체	45990	유성구
8007099	쉼터공동체	46000	유성구
8005944	한국천문연구원	46010	유성구
8005943	한국천문연구원	46020	유성구
8070035	안산산성	46040	유성구
8070031	청벽산공원네거리	46050	유성구
8070032	청벽산공원네거리	46060	유성구
8070043	수정초등학교	46070	유성구
8070044	수정초등학교	46080	유성구
8007103	유성구청소년수련관	46090	유성구
8007155	법원등기국	46120	유성구
8007156	법원등기국	46130	유성구
8007161	꿈에그린아파트	46160	유성구
8007162	꿈에그린아파트	46170	유성구
8007166	계룡리슈빌아파트	46210	유성구
8007167	새미래중학교	46220	유성구
8007168	새미래중학교	46230	유성구
8007169	오토월드	46240	유성구
8005954	화인테크	46250	유성구
8007181	에이팩	46260	유성구
8007182	에이팩	46270	유성구
8007189	현대아울렛남문	46280	유성구
8007247	안골입구	46320	유성구
8007248	안골입구	46330	유성구
8007263	원내동공영차고지	46340	유성구
8007320	죽동예미지아파트	46360	유성구
8007324	죽동칸타빌아파트	46370	유성구
8007321	죽동천년나무아파트	46380	유성구
8007323	죽동천년나무아파트	46390	유성구
8007322	충대서문	46400	유성구
8007337	꽃묘생산단지	46420	유성구
8007338	꽃묘생산단지	46430	유성구
8007339	영무예다음아파트	46440	유성구
8007340	영무예다음아파트	46450	유성구
8007357	충남대학교	46470	유성구
8007362	월드컵경기장역	46480	유성구
8007395	월드컵경기장역	46490	유성구
8007394	해링턴아파트	46500	유성구
8007177	옥녀봉체육공원	46510	유성구
8001584	롯데마트서대전점	46520	유성구
8001158	신선마을아파트	46530	유성구
8001644	옥녀봉네거리	46540	서구
8003074	학하동	46550	유성구
8007407	육군정보통신학교	46560	유성구
8007419	자운근린공원	46570	유성구
8007420	자운근린공원	46580	유성구
8007443	국방과학연구소	46590	유성구
8007480	유성생명과학고등학교	46600	유성구
8007481	유성생명과학고등학교	46610	유성구
8007482	유성고등학교	46620	유성구
8007483	대전예술고등학교	46630	유성구
8007484	진터네거리	46640	유성구
8007485	상대초등학교	46650	유성구
8007487	국립대전숲체원	46670	유성구
8007490	현대아울렛북문	46680	유성구
8007556	상대네거리	46690	유성구
8007555	상대네거리	46700	유성구
8007554	아이파크시티	46710	유성구
8007553	아이파크시티	46720	유성구
8003133	신동	46730	유성구
8003134	신동	46740	유성구
8003135	신동천교	46750	유성구
8003136	신동천교	46760	유성구
8001285	대광로제비앙아파트	46770	유성구
8001286	대광로제비앙아파트	46780	유성구
8007565	구암동기점지	46800	유성구
8007567	유성구보건소	46810	유성구
8007566	유성구보건소	46820	유성구
8007570	우미린아파트	46870	유성구
8007577	씨에이치씨랩	46930	유성구
8007581	바이오오케스트라	46950	유성구
8007582	바이오오케스트라	46980	유성구
8007578	씨에이치씨랩	47000	유성구
8007590	호반써밋그랜드파크	47040	유성구
8007589	호반써밋그랜드파크	47050	유성구
8007591	수천이들근린공원	47060	유성구
8007593	용산고등학교	47070	유성구
8007594	용산고등학교	47080	유성구
8007607	트리풀시티엘리프	47170	유성구
8007612	트리풀시티힐스테이트	47180	유성구
8007645	대정동원당마을	47250	유성구
8007656	대정동원당마을	47260	유성구
8007676	반석역	47270	유성구
8007677	반석역	47280	유성구
8007649	봉명동 문화원로	47290	유성구
8072544	국제과학비즈니스벨트	47300	유성구
8007650	봉명동 문화원로	47310	유성구
8007648	갑천근린공원	47320	유성구
8007651	갑천근린공원	47330	유성구
8007682	반석네거리	47340	유성구
8007681	반석네거리	47350	유성구
8007674	유성선병원	47360	유성구
8007675	유성선병원	47370	유성구
8007680	대전월드컵경기장	47380	유성구
8007679	대전월드컵경기장	47390	유성구
8072545	국제과학비즈니스벨트	47400	유성구
8007625	둔곡교차로	47420	유성구
8007627	둔곡교차로	47430	유성구
8007626	둔곡교차로	47440	유성구
8007683	더샵도안트위넌스	47450	유성구
8007684	힐스테이트도안퍼스트	47460	유성구
8072552	호산어린이공원	47470	유성구
8072553	호산어린이공원	47480	유성구
8072550	학하리슈빌포레아파트	47490	유성구
8072551	학하리슈빌포레아파트	47500	유성구
8072560	포레나유성아파트	47520	유성구
8072559	포레나유성아파트	47530	유성구
8072557	대전보훈요양원	47540	유성구
8072558	죽동푸르지오아파트	47550	유성구
8072555	죽동천년나무아파트	47560	유성구
8072556	죽동종점	47570	유성구
8072563	머크사	47580	유성구
8005965	엑스포아파트4단지	81380	유성구
8005850	엑스포아파트4단지	82030	유성구
8007029	도안휴먼시아4단지	82580	유성구
9007019	노은휴먼시아4단지	99999	유성구
8005805	테크노밸리4단지	99999	유성구
8005737	테크노밸리4단지	99999	유성구
8102185	반석마을4단지	99999	유성구
8005734	자운대4가	99999	유성구
8002236	오정농수산물시장	50030	대덕구
8002235	오정농수산물시장	50040	대덕구
8002237	오정농수산물시장	50060	대덕구
8002100	신동아아파트	50100	대덕구
8003006	화정초등학교	50110	대덕구
8002244	오정우체국	50140	대덕구
8002234	오정네거리	50150	대덕구
8002245	오정우체국	50160	대덕구
8002243	한남오거리	50170	대덕구
8002233	오정네거리	50180	대덕구
8002242	한남오거리	50190	대덕구
8002250	오정육교	50200	대덕구
8002249	오정육교	50210	대덕구
8002240	한남오거리	50230	대덕구
8002241	한남오거리	50240	대덕구
8002238	오정동	50250	대덕구
8002860	오정동	50260	대덕구
8001457	대화동고개	50270	대덕구
8001398	대전병원	50290	대덕구
8001399	대전병원	50300	대덕구
8002903	한남대학교	50320	대덕구
8002902	한남대학교	50330	대덕구
8002904	한남대학교	50340	대덕구
8002905	한남대학교	50350	대덕구
8001406	대전신학대학교	50360	대덕구
8002947	한숲아파트	50370	대덕구
8001551	동아연필	50380	대덕구
8001552	동아연필	50390	대덕구
8001099	공구백화점	50400	대덕구
8001098	공구백화점	50410	대덕구
8002578	제일사료	50420	대덕구
8001788	부국레미콘	50430	대덕구
8001787	부국레미콘	50440	대덕구
8002577	펜타플렉스	50450	대덕구
8002385	디엔에프	50460	대덕구
8002386	롯데택배	50470	대덕구
8001459	대화동행정복지센터	50480	대덕구
8002024	세원화성	50490	대덕구
8001550	동아교재	50500	대덕구
8001549	동아교재	50510	대덕구
8002023	세원화성	50520	대덕구
8001460	대화동행정복지센터	50530	대덕구
8002361	원명학교	50540	대덕구
8002362	원명학교	50550	대덕구
8002704	체육재활원	50560	대덕구
8001458	대화동육교	50570	대덕구
8001560	대화동육교	50580	대덕구
8001375	대전산업단지삼거리	50590	대덕구
8001374	대전산업단지삼거리	50600	대덕구
8002372	원촌교네거리	50610	대덕구
8002371	원촌교네거리	50620	대덕구
8002462	당아래	50630	대덕구
8002463	당아래	50640	대덕구
8002460	읍내네거리	50650	대덕구
8002461	읍내네거리	50660	대덕구
8003011	회덕동주민센터	50670	대덕구
8003012	회덕동주민센터	50680	대덕구
8001453	대한통운	50690	대덕구
8001454	대한통운	50700	대덕구
8003107	대한통운기점	50710	대덕구
8001455	대한통운종점	50710	대덕구
8003108	대한통운종점	50710	대덕구
8002464	읍내동현대아파트	50720	대덕구
8002465	제월당	50730	대덕구
8002018	성우동산	50740	대덕구
8002019	성우동산	50750	대덕구
8002209	연축아파트/한국수자원공사	50760	대덕구
8002566	정수장	50770	대덕구
8002258	와동초등학교	50790	대덕구
8002093	신대아파트/한국수자원공사	50800	대덕구
8002259	와동현대아파트	50810	대덕구
8001581	들말/신대차고지	50820	대덕구
8005853	와동종점	50830	대덕구
8002930	들말/신대차고지	50840	대덕구
8002501	장동약수터	50870	대덕구
8002180	장동약수터	50880	대덕구
8002500	장동고개	50890	대덕구
8002499	장동고개	50900	대덕구
8001987	선비마을입구	50910	대덕구
8001986	선비마을입구	50920	대덕구
8001554	동춘당	50950	대덕구
8001553	동춘당	50960	대덕구
8001535	적십자혈액원	51000	대덕구
8001039	가양중학교입구	51010	대덕구
8002950	한신휴플러스	51020	대덕구
8002064	송촌고등학교	51040	대덕구
8002447	은어송마을5단지	10490	동구
8002063	송촌고등학교	51050	대덕구
8002448	은어송마을5단지	10500	동구
8002616	중리시장	51070	대덕구
8002826	판암주공5단지	10750	동구
8001889	삼정하이츠타운	51080	대덕구
8002219	영진아파트	51100	대덕구
8002168	안산도서관	51110	대덕구
8002426	유원아파트	51120	대덕구
8006007	대전지방국세청	51130	대덕구
8001430	대전지방국세청	51140	대덕구
8001536	대덕소방서	51150	대덕구
8001427	근로복지공단대전병원	51160	대덕구
8001532	보람아파트	51170	대덕구
8001744	법동전통시장	51180	대덕구
8002912	한마음아파트	51190	대덕구
8001745	보람아파트	51200	대덕구
8002037	소월아파트	51210	대덕구
8002038	소월아파트	51220	대덕구
8001201	그린아파트	51230	대덕구
8001203	그린아파트	51240	대덕구
8001202	그린아파트	51250	대덕구
8002617	중리지구대	51260	대덕구
8002217	영진로얄아파트	51270	대덕구
8002618	중리지구대	51280	대덕구
8002218	영진로얄아파트	51290	대덕구
8002080	스포츠프라자삼거리	51300	대덕구
8001583	럭키스포츠프라자	51310	대덕구
8002658	증산도교육문화회관	51320	대덕구
8002612	중리근린공원	51330	대덕구
8002613	중리동주민센터	51340	대덕구
8002610	중리근린공원	51350	대덕구
8002614	중리동주민센터	51360	대덕구
8002906	한남병원	51370	대덕구
8002615	중리시장	51380	대덕구
8001516	동대전고등학교	51390	대덕구
8001515	동대전고등학교	51400	대덕구
8001721	법동전통시장	51410	대덕구
8002608	중리네거리	51420	대덕구
8002607	중리네거리	51430	대덕구
8002609	중리동	51440	대덕구
8002611	중리동	51450	대덕구
8005894	수도시설관리사업소	51460	대덕구
8005895	수도시설관리사업소	51470	대덕구
8002701	대덕구청소년수련관	51480	대덕구
8002700	대덕구청소년수련관	51490	대덕구
8002951	한신휴플러스	51500	대덕구
8001800	비래검문소	51510	대덕구
8001957	서오아파트	51520	대덕구
8001958	서오아파트	51530	대덕구
8002101	만남웨딩홀	51540	대덕구
8002102	만남웨딩홀	51550	대덕구
8001891	삼호아파트	51560	대덕구
8001802	비래동	51570	대덕구
8001801	비래동	51580	대덕구
8001803	비래동종점	51590	대덕구
8007172	비래동종점	51590	대덕구
8001500	금성백조아파트	51600	대덕구
8001499	금성백조아파트	51610	대덕구
8001033	길치근린공원	51620	대덕구
8001611	명석고등학교	51630	대덕구
8001032	길치근린공원	51640	대덕구
8005503	신탄진기점지	51650	대덕구
8005502	신탄진기점지	51650	대덕구
8002847	금강엑슬루타워	51660	대덕구
8001634	석봉네거리	51670	대덕구
8002848	금강엑슬루타워	51680	대덕구
8002929	한밭아파트	51690	대덕구
8002131	신탄진시장	51700	대덕구
8002132	신탄진시장	51710	대덕구
8001241	남경마을	51720	대덕구
8002889	한국타이어	51730	대덕구
8001631	목상동주민센터	51740	대덕구
8001632	목상동주민센터	51750	대덕구
8002891	한국타이어후문	51760	대덕구
8002892	한국타이어후문	51770	대덕구
8002092	신구교	51780	대덕구
8001231	기흥기계	51790	대덕구
8003021	효성신탄진공장	51800	대덕구
8001310	한국교통안전공단	51810	대덕구
8002091	신구교	51820	대덕구
8001230	기흥기계	51830	대덕구
8002945	한솔제지	51840	대덕구
8002944	한솔제지	51850	대덕구
8003020	효성신탄진공장	51860	대덕구
8001001	대덕우체국네거리	51870	대덕구
8002907	신일네거리	51880	대덕구
8001599	신일네거리	51890	대덕구
8001002	대덕우체국네거리	51900	대덕구
8005509	장고개삼거리	51910	대덕구
8005510	장고개삼거리	51920	대덕구
8001309	한국교통안전공단	51930	대덕구
8005592	을미기네거리	51940	대덕구
8005863	을미기네거리	51950	대덕구
8005545	동건운수	51960	대덕구
8005544	동건운수	51970	대덕구
8002120	시알들삼거리	51980	대덕구
8002121	시알들삼거리	51990	대덕구
8002666	직업능력개발원	52000	대덕구
8002667	직업능력개발원	52010	대덕구
8001728	벤처타운장영실관	52020	대덕구
8001729	벤처타운장영실관	52030	대덕구
8001633	석봉네거리	52040	대덕구
8001477	덕암우체국	52050	대덕구
8001423	대전이문고	52060	대덕구
8001424	대전이문고	52070	대덕구
8001479	행복한마을아파트	52080	대덕구
8001475	덕암동	52090	대덕구
8002137	신탄중앙중학교	52100	대덕구
8002138	신탄중앙중학교	52110	대덕구
8002230	오룡역5번출구	21160	중구
8001314	대덕구보건소	52120	대덕구
8001931	서대전네거리역5번출구	21200	중구
8001313	대덕구보건소	52130	대덕구
8001978	선바위	52140	대덕구
8001840	새일초등학교	52150	대덕구
8001977	선바위	52160	대덕구
8001909	새일초등학교	52170	대덕구
8001841	선바위삼거리	52180	대덕구
8001842	선바위삼거리	52190	대덕구
8001975	선바위	52200	대덕구
8001976	선바위	52210	대덕구
8001838	상서삼거리	52220	대덕구
8001839	상서삼거리	52230	대덕구
8001476	덕암우체국	52240	대덕구
8002139	신탄진한일병원	52260	대덕구
8002140	신탄진한일병원	52270	대덕구
8001478	행복한마을아파트	52290	대덕구
8002840	평촌동	52310	대덕구
8002839	평촌동	52320	대덕구
8001473	덕암동주민센터	52330	대덕구
8001474	덕암동주민센터	52340	대덕구
8002777	태양마을	52380	대덕구
8001904	새뜸마을	52390	대덕구
8001905	새뜸마을	52400	대덕구
8002505	장동초등학교	52410	대덕구
8002506	장동초등학교	52420	대덕구
8002507	장동초등학교	52430	대덕구
8001836	산디마을삼거리	52440	대덕구
8001837	산디마을삼거리	52450	대덕구
8002504	장동지구산림욕장	52460	대덕구
8002503	장동지구산림욕장	52470	대덕구
8005937	장동	52500	대덕구
8001752	보조댐	52520	대덕구
8001751	보조댐	52530	대덕구
8002477	이현동	52540	대덕구
8002476	이현동	52550	대덕구
8002479	이현동마을정보센터	52560	대덕구
8002478	이현동마을정보센터	52570	대덕구
8002475	이현동	52580	대덕구
8002474	이현동	52590	대덕구
8001067	갈전동	52600	대덕구
8001066	갈전동	52610	대덕구
8001886	갈전동.아래갈밭	52620	대덕구
8001885	갈전동.아래갈밭	52630	대덕구
8001967	삼정취수장	52640	대덕구
8001966	삼정취수장	52650	대덕구
8001881	삼정동	52660	대덕구
8001882	삼정동	52670	대덕구
8001883	삼정동.근장골길	52680	대덕구
8001884	삼정동.근장골길	52690	대덕구
8001888	삼정동.소골마을	52700	대덕구
8001887	삼정동.소골마을	52710	대덕구
8003033	미호교	52720	대덕구
8003034	미호교	52730	대덕구
8001671	숯골	52740	대덕구
8001672	숯골	52750	대덕구
8002079	벌말	52760	대덕구
8002078	벌말	52770	대덕구
8001446	대청댐	52780	대덕구
8002133	신탄진역	52790	대덕구
8002116	신양마을	52800	대덕구
8002134	신탄진역	52810	대덕구
8002129	신탄진과선교	52820	대덕구
8001242	남경마을	52830	대덕구
8002130	신탄진네거리	52840	대덕구
8001965	석봉과선교	52850	대덕구
8002959	신탄진네거리	52860	대덕구
8001968	석봉초등학교	52870	대덕구
8001969	석봉초등학교	52900	대덕구
8001906	새여울아파트	52910	대덕구
8002128	신탄진고등학교	52930	대덕구
8002127	신탄진고등학교	52940	대덕구
8002319	용정초등학교	52950	대덕구
8002320	동일스위트리버스카이	52960	대덕구
8001753	보훈병원종점	52970	대덕구
8002327	용호동종점	52980	대덕구
8002136	금강로하스타워	52990	대덕구
8002135	금강로하스타워	53000	대덕구
8005913	초록마을5단지	30080	서구
8005585	초록마을5단지	30090	서구
8005616	달수정	53010	대덕구
8005613	상서동	53030	대덕구
8002427	유창산업	53040	대덕구
8001433	철도차량정비단	53050	대덕구
8002841	평촌동	53060	대덕구
8002584	용화5길입구	30630	서구
8005878	비래동노인회관	53070	대덕구
8005936	장동예비군훈련장	53080	대덕구
8005940	장동예비군훈련장	53090	대덕구
8002502	장동	53100	대덕구
8005939	진골마을	53110	대덕구
8002279	용문역5번출구	31160	서구
8005938	진골마을	53120	대덕구
8005960	한남대북문	53130	대덕구
8005980	신탄진정수장	53140	대덕구
8003082	대덕구장애인복지관	53170	대덕구
8005882	안골	53180	대덕구
8007008	금강로하스대청공원	53190	대덕구
8007009	금강로하스대청공원	53200	대덕구
8005631	대청댐(종점)	53210	대덕구
8007010	비래검문소	53220	대덕구
8007174	신대차고지	53250	대덕구
8007175	들말	53260	대덕구
8007176	들말	53270	대덕구
8007187	장동주민문화센터	53280	대덕구
8007188	장동주민문화센터	53290	대덕구
8005981	신탄진정수장	53300	대덕구
8007210	지수체육공원입구	53310	대덕구
8007211	회덕과선교	53320	대덕구
8007212	회덕과선교	53330	대덕구
8001153	구봉마을5단지	33330	서구
8001407	대전신학대학교	53340	대덕구
8007249	신탄진동행정복지센터	53350	대덕구
8007250	신탄진동행정복지센터	53360	대덕구
8007252	금강엑슬루타워정문	53370	대덕구
8007253	금강엑슬루타워정문	53380	대덕구
8007262	보훈병원	53390	대덕구
8007273	대덕구청	53400	대덕구
8007274	대덕구청	53410	대덕구
8007277	오정동행정복지센터	53440	대덕구
8007278	오정동행정복지센터	53450	대덕구
8007279	오정농수산오거리	53460	대덕구
8007280	오정농수산오거리	53470	대덕구
8007288	오정농수산시장	53480	대덕구
8007289	대덕산업단지	53490	대덕구
8007290	대덕산업단지	53500	대덕구
8007413	길치근린공원네거리	53510	대덕구
8007414	길치근린공원네거리	53520	대덕구
8007416	평화아파트	53530	대덕구
8007417	삼호아파트	53540	대덕구
8007453	국방신뢰성연구센터	53550	대덕구
8007545	로하스캠핑장	53560	대덕구
8007546	로하스캠핑장	53570	대덕구
8007547	삼정마을회관	53580	대덕구
8007548	삼정마을회관	53590	대덕구
8072538	금강서희스타힐스	53600	대덕구
8072539	금강로하스엘크루	53610	대덕구
8007615	공구백화점	53620	대덕구
8001694	방동5통	41100	유성구
8001693	방동5통	41110	유성구
8002410	유성온천역5번출구	41290	유성구
8005563	스마트시티5단지	43310	유성구
8007542	송림마을5단지	43660	유성구
8005906	반석마을5단지	43930	유성구
8005929	용계54통	45370	유성구
8005932	용계54통	45380	유성구
8001305	테크노밸리5단지	44540	유성구
8005907	반석마을5단지	45240	유성구
8007163	해랑숲마을5단지	46180	유성구
8007164	해랑숲마을5단지	46190	유성구
8007583	국제과학5로	46960	유성구
8001985	선비마을5단지	51030	대덕구
8002210	열매마을5.6단지	42400	유성구
8002211	열매마을5.6단지	42410	유성구
8005860	송림마을5.6단지	43630	유성구
8005619	송림마을5.6단지	43640	유성구
8005699	진잠감리교회	5699	유성구
8002055	송림마을5.6단지	99999	유성구
8005700	원내동	5700	유성구
8005707	원내동	5707	유성구
8005708	진잠농협	5708	유성구
8005887	충남대농대앞	5887	유성구
8005888	충남대농대앞	5888	유성구
8001679	반석마을5단지	99999	유성구
8101679	반석마을5단지	99999	유성구
8005854	초록마을5단지	99999	서구
8002449	은어송마을6단지	10420	동구
8002450	은어송마을6단지	10440	동구
8005879	테크노밸리6.10단지	44640	유성구
8005880	테크노밸리6.10단지	44660	유성구
8002330	중앙로역6번출구	20300	중구
8002631	중앙로역6번출구	20310	중구
8001543	오룡역6번출구	21170	중구
8002411	유성온천역6번출구	41320	유성구
8007165	해랑숲마을6단지	46200	유성구
8007047	테크노밸리6단지	47100	유성구
8005738	테크노밸리6단지	47110	유성구
8005804	테크노밸리6단지	99999	유성구
8001349	대동역7번출구	11210	동구
8002632	중앙로역7번출구	20280	중구
8002231	오룡역7번출구	21180	중구
8002277	용문역7번출구	30990	서구
8001152	구봉마을7단지	33340	서구
8001154	구봉마을7단지	33380	서구
8002412	유성온천역7번출구	41330	유성구
8070013	예미지7단지	45640	유성구
8007184	예미지7단지	45650	유성구
8070024	예미지7단지	45720	유성구
8007208	에코힐7단지	46290	유성구
8007244	예미지7단지	46310	유성구
8005972	테크노밸리7단지	82220	유성구
8005971	테크노밸리7단지	82290	유성구
8005705	샘물타운	80040	유성구
8005715	화물터미널	80230	유성구
8005658	목련아파트	80450	유성구
8005826	유성고후문	80460	유성구
8007100	유성생명과학고	80470	유성구
8005660	원불교유성교당	80480	유성구
8005829	구암동	80550	유성구
8005832	다솔아파트	80730	유성구
8005772	유성구청	80780	유성구
8005770	한빛아파트후문	80830	유성구
8005771	한빛아파트정문	80840	유성구
8005664	럭키하나아파트	81170	유성구
8005758	신성동주민센터	81220	유성구
8005783	신성동주민센터	81230	유성구
8005663	탄동농협	81270	유성구
8005662	애경연구원	81290	유성구
8005655	아리랑보쌈앞	81320	유성구
8005744	한의학연구원	81460	유성구
8005740	엑스포코아	81490	유성구
8005739	청구나래아파트	81530	유성구
8005802	청구나래아파트	81540	유성구
8005747	중앙백신연구소	81610	유성구
8005794	중앙백신연구소	81630	유성구
8005653	자운상가	81680	유성구
8005807	용산고	81770	유성구
8005665	엑스포코아	81940	유성구
8005782	럭키하나아파트	81990	유성구
8005784	탄동농협	82000	유성구
8002633	중앙로역8번출구	20010	중구
8005757	애경연구원	82010	유성구
8005756	아리랑보쌈앞	82020	유성구
8002293	용산고	82060	유성구
8005969	군인아파트노인정	82070	유성구
8005968	구암역	82080	유성구
8005726	유성온천역	82090	유성구
8005711	교촌동	82110	유성구
8005652	샘물타운	82130	유성구
8005681	유성온천역	82160	유성구
8005967	구암역	82170	유성구
8005736	복지관	82180	유성구
8005966	군인아파트	82190	유성구
8005671	자운상가	82200	유성구
8005970	군인아파트종점	82210	유성구
8005825	목련아파트	82240	유성구
8005828	원불교유성교당	82260	유성구
8005656	구암동	82270	유성구
8007222	한텍	82310	유성구
8007223	한텍	82320	유성구
8007224	대전테크노파크	82330	유성구
8007225	대전테크노파크	82340	유성구
8007226	조은정밀	82350	유성구
8007227	조은정밀	82360	유성구
8007228	청벽산공원	82370	유성구
8007023	미학아파트	82440	유성구
8007230	미학아파트	82450	유성구
8007241	학하중앙로	82460	유성구
8007229	학하중앙로	82470	유성구
8007025	자광사	82480	유성구
8007024	자광사	82490	유성구
8007234	공병단	82500	유성구
8007235	구즉동주민센터	82510	유성구
8007236	구즉동주민센터	82520	유성구
8003056	구즉초등학교	82530	유성구
8007237	구즉초등학교	82540	유성구
8007027	한라비발디아파트	82560	유성구
8007026	한라비발디아파트	82570	유성구
8007410	별밭공원	82590	유성구
8007409	국군대전병원	82600	유성구
8007408	육군정보통신학교	82610	유성구
8002280	용문역8번출구	30980	서구
8001156	구봉마을8단지	33390	서구
8001155	구봉마을8단지	33400	서구
8001163	구암8통	41430	유성구
8001162	구암8통	41440	유성구
8002630	중앙로역9번출구	20030	중구
8001157	구봉마을9단지	33410	서구
8003099	트리풀시티9단지	45880	유성구
8003100	트리풀시티9단지	45890	유성구
8007579	국제과학9로	46940	유성구
8007580	국제과학9로	46990	유성구
8005844	대전전자디자인고등학교	99999	유성구
8005814	대전전자디자인고등학교	99999	유성구
8005754	한국타이어중앙연구소	99999	유성구
9005527	남대전종합물류단지	99999	동구
9003109	낭월공영차고지기점	99999	동구
8005745	대한항공기술연구원	99999	유성구
9001028	동구아름다운복지관	99999	동구
8005638	신생병원임시정류장	99999	유성구
8005639	신생병원임시정류장	99999	유성구
8005798	연구단지골프장입구	99999	유성구
8002239	오정동주민센터입구	99999	대덕구
8005680	유성시외버스정류장	99999	유성구
8005824	유성시외버스정류장	99999	유성구
8005596	평송청소년문화센터	99999	서구
8005595	평송청소년문화센터	99999	서구
8005752	한국전자통신연구원	99999	유성구
8005789	한국전자통신연구원	99999	유성구
8005751	한국표준과학연구소	99999	유성구
8005790	한국표준과학연구소	99999	유성구
8102948	한승미메이드아파트	99999	유성구
8102949	한승미메이드아파트	99999	유성구
9005919	가장제일장로교회	99999	서구
9001365	대성여자고등학교	99999	동구
9007514	대전역동광장종점	99999	동구
9005621	대전역동광장종점	99999	동구
8101449	대청호자연생태관	99999	동구
8101448	대청호자연생태관	99999	동구
8001517	동도초등학교입구	99999	대덕구
9001956	서남부터미널기점	99999	서구
9003105	서남부터미널종점	99999	중구
8005618	수자원공사연수원	99999	유성구
8005617	수자원공사연수원	99999	유성구
9002174	안영동검바위마을	99999	중구
9002355	원내동공영차고지	99999	유성구
8102355	원내동공영차고지	99999	유성구
8005780	유성구노인복지관	99999	유성구
8005731	유성구노인복지관	99999	유성구
8102435	육군정보통신학교	99999	유성구
8005735	육군정보통신학교	99999	유성구
8005776	장대동신성아파트	99999	유성구
8003055	정보통신공사협회	99999	유성구
8002646	중촌동주공아파트	99999	중구
9002683	한국효문화진흥원	99999	중구
8005695	홈플러스서대전점	99999	유성구
8007661	건양대병원신관	99999	서구
8005842	공동관리아파트	99999	유성구
8005816	공동관리아파트	99999	유성구
8005839	국립중앙과학관	99999	유성구
8005819	금강유역환경청	99999	유성구
9001246	남대전고등학교	99999	중구
9005538	낭월공영차고지	99999	동구
8005788	다름고개삼거리	99999	유성구
8005759	담배인삼연구소	99999	유성구
8001367	대성중고등학교	99999	중구
8101384	대전대학교종점	99999	동구
9001545	대전동신과학고	99999	동구
8007267	대전시립박물관	99999	유성구
9007267	대전역사박물관	99999	유성구
8005837	대전지방기상청	99999	유성구
8005820	대전지방기상청	99999	유성구
8002731	대전충남병무청	99999	중구
8002732	대전충남병무청	99999	중구
9007074	배재대학교종점	99999	서구
8005838	보건환경연구원	99999	유성구
8005743	삼성푸른아파트	99999	유성구
9002017	성북동산림욕장	99999	유성구
8002046	솔랑마을아파트	99999	동구
8002045	솔랑마을아파트	99999	동구
8005620	송촌소방파출소	99999	대덕구
8005565	스마트시티종점	99999	유성구
8005818	엑스포과학공원	99999	유성구
8005840	엑스포과학공원	99999	유성구
8005742	엑스포정형외가	99999	유성구
8005791	연구단지네거리	99999	유성구
8002246	오정중학교입구	99999	대덕구
8002216	오정중학교입구	99999	대덕구
8005779	우주통신연구소	99999	유성구
9002381	월평주공아파트	99999	서구
8005661	유성고속터미널	99999	유성구
8005763	유성고속터미널	99999	유성구
8005582	읍내네거리종점	99999	대덕구
8005795	정보통신연구원	99999	유성구
8005746	정보통신연구원	99999	유성구
8005698	제이파크아파트	99999	유성구
8005709	제이파크아파트	99999	유성구
8005712	중고차유통단지	99999	유성구
9001433	철도차량정비단	99999	대덕구
8005610	철도차량정비창	99999	대덕구
8002749	침례신학대학교	99999	유성구
8005836	한국과학기술원	99999	유성구
8005785	한국기계연구원	99999	유성구
8005755	한국기계연구원	99999	유성구
8002931	한밭자이아파트	99999	동구
8002992	한밭자이아파트	99999	동구
8005796	한진종합연구원	99999	유성구
8007491	현대아울렛동문	99999	유성구
8003023	효촌마을아파트	99999	동구
8072537	산정마을종점(출발)	99999	동구
9007565	구암동기점지	99999	유성구
9003056	구즉초등학교	99999	유성구
8005675	국군대전병원	99999	유성구
9007379	기성동기점지	99999	서구
8005615	담배인삼공사	99999	대덕구
8005792	대덕고등학교	99999	유성구
8005749	대덕고등학교	99999	유성구
9001376	대전고등학교	99999	중구
8005547	대전역동광장	99999	동구
9005548	대전역동광장	99999	동구
9005547	대전역동광장	99999	동구
9005504	대전역동광장	99999	동구
9007021	대전역동광장	99999	동구
8007021	대전역동광장	99999	동구
9007268	대전역동광장	99999	동구
8205504	대전역종점지	99999	동구
8105504	대전역종점지	99999	동구
9003107	대한통운기점	99999	대덕구
9001455	대한통운종점	99999	대덕구
8001456	대한통운종점	99999	대덕구
8101455	대한통운종점	99999	대덕구
8101544	동신고교종점	99999	동구
8001544	동신고교종점	99999	동구
9005908	둔천초등학교	99999	서구
8005713	드리움아파트	99999	유성구
8005694	드리움아파트	99999	유성구
9001595	만년고등학교	99999	서구
8005683	방송통신대학	99999	유성구
8005724	방송통신대학	99999	유성구
8005956	배재대산학협	99999	유성구
9005952	버드내아파트	99999	중구
8101714	버드내아파트	99999	중구
8005809	보덕초등학교	99999	유성구
9001753	보훈병원종점	99999	대덕구
8101845	산서초등학교	99999	중구
8005659	생명고등학교	99999	유성구
8005827	생명고등학교	99999	유성구
8101953	서부종합상가	99999	중구
8001961	서일고등학교	99999	유성구
8102077	수통골기점지	99999	유성구
9002077	수통골기점지	99999	유성구
8005636	신계초등학교	99999	서구
8005672	신봉초등학교	99999	유성구
8005677	신성동사무소	99999	유성구
8005733	신성동사무소	99999	유성구
9005503	신탄진기점지	99999	대덕구
8005766	아드리아호텔	99999	유성구
9002200	어덕마을종점	99999	중구
8002282	용문치안센터	99999	서구
8002318	용정초등학교	99999	대덕구
9007040	윗사정삼거리	99999	중구
9007515	윗사정삼거리	99999	중구
8005725	유성고등학교	99999	유성구
8005682	유성고등학교	99999	유성구
8102506	장동초등학교	99999	대덕구
8002534	전민동구종점	99999	유성구
8005799	전민동사무소	99999	유성구
8002552	정부대전청사	99999	서구
9005583	정부청사광장	99999	서구
8005773	충대농대입구	99999	유성구
8005833	충대농대입구	99999	유성구
8007073	충대농대종점	99999	유성구
9002737	충대농대종점	99999	유성구
8102737	충대농대종점	99999	유성구
9002736	충대농대종점	99999	유성구
9002745	충렬사삼거리	99999	유성구
8005673	통신학교후문	99999	유성구
8002813	통일농원입구	99999	서구
8002812	통일농원입구	99999	서구
8005686	학하초등학교	99999	유성구
8105721	학하초등학교	99999	유성구
8105686	학하초등학교	99999	유성구
8005721	학하초등학교	99999	유성구
8005703	한아름아파트	99999	유성구
8005831	한진오피스텔	99999	유성구
8105604	현충원주차장	99999	유성구
8005604	현충원주차장	99999	유성구
8003040	흥도초등학교	99999	유성구
8003039	흥도초등학교	99999	유성구
9007071	갈마아파트	99999	서구
8007071	갈마아파트	99999	서구
8007662	건양대병원	99999	서구
9001079	건양대병원	99999	서구
8007663	건양대병원	99999	서구
8101138	교도소입구	99999	유성구
8101137	교도소입구	99999	유성구
8005710	교도소입구	99999	유성구
8005697	교도소입구	99999	유성구
8001161	구성삼거리	99999	유성구
8101184	국립현충원	99999	유성구
8101185	국립현충원	99999	유성구
8101189	군수사령부	99999	유성구
8101190	군수사령부	99999	유성구
8105670	군인아파트	99999	유성구
8005679	궁동네거리	99999	유성구
8005777	궁동네거리	99999	유성구
8101223	금탄동종점	99999	유성구
8002643	금호아파트	99999	중구
8105538	낭월차고지	99999	동구
9001265	냉천골종점	99999	동구
9001318	대덕대학교	99999	유성구
8005817	대덕중학교	99999	유성구
8005841	대덕중학교	99999	유성구
8005995	대전대학교	99999	동구
9001384	대전대학교	99999	동구
8005750	도룡파출소	99999	유성구
8001487	도마네거리	99999	서구
9005546	동물원기점	99999	중구
8105546	동물원기점	99999	중구
8005546	동물원기점	99999	중구
9001524	동물원종점	99999	중구
8005765	리베라호텔	99999	유성구
8005727	리베라호텔	99999	유성구
8005830	리베라호텔	99999	유성구
8005549	만년교종점	99999	유성구
8001637	목원대입구	99999	유성구
8101638	목원대입구	99999	유성구
8101637	목원대입구	99999	유성구
8001639	목원대입구	99999	유성구
8001640	목원대입구	99999	유성구
8001638	목원대입구	99999	유성구
9007517	목원대학교	99999	서구
9001641	목원대학교	99999	서구
8101642	목원대학교	99999	서구
9001746	보문오거리	99999	중구
9001769	봉곡동종점	99999	서구
8101783	봉산동기점	99999	유성구
9001783	봉산동기점	99999	유성구
9007010	비래검문소	99999	대덕구
9001803	비래동종점	99999	대덕구
8101803	비래동종점	99999	대덕구
8005748	삼양연구소	99999	유성구
9001891	삼호아파트	99999	대덕구
9001932	서대전여고	99999	서구
8201956	서부터미널	99999	중구
8101955	서부터미널	99999	중구
8101956	서부터미널	99999	중구
8005732	성덕중학교	99999	유성구
8005669	성덕중학교	99999	유성구
8005800	세종아파트	99999	유성구
8005741	세종아파트	99999	유성구
8005768	소비자마트	99999	유성구
9002062	송정소징이	99999	유성구
9002070	수운교입구	99999	유성구
8005564	스마트시티	99999	유성구
8002086	시영아파트	99999	동구
8002085	시영아파트	99999	대덕구
9002089	시청환승지	99999	서구
9002090	시청환승지	99999	서구
9007174	신대차고지	99999	대덕구
8002113	신성삼거리	99999	유성구
8002112	신성삼거리	99999	유성구
9005568	신흥동종점	99999	동구
8005514	안산휴게소	99999	유성구
8005849	엑스포코아	99999	유성구
8002256	와동기점지	99999	대덕구
8002257	와동기점지	99999	대덕구
9002273	용계동종점	99999	유성구
9002327	용호동종점	99999	대덕구
9002335	우명동종점	99999	서구
9002337	우성아파트	99999	서구
8005657	유성고후문	99999	유성구
8005823	유성네거리	99999	유성구
8005579	유성우체국	99999	유성구
8005723	유성중학교	99999	유성구
8005684	유성중학교	99999	유성구
9002471	이사동상사	99999	동구
8102491	자운동종점	99999	유성구
9003098	자운동종점	99999	유성구
8005729	장대네거리	99999	유성구
8005762	장대네거리	99999	유성구
9002516	장안동종점	99999	서구
9007195	정림동종점	99999	서구
9007447	정림동종점	99999	서구
9007448	정림동종점	99999	서구
8005786	중소기업청	99999	유성구
8005674	지도창입구	99999	유성구
9002684	천개동종점	99999	동구
8005815	천문연구소	99999	유성구
8005843	천문연구소	99999	유성구
8005767	충남대학교	99999	유성구
8005774	충남대학교	99999	유성구
8007670	충대농대앞	99999	유성구
8007669	충대농대앞	99999	유성구
8005760	충대수의대	99999	유성구
8005761	충대운동장	99999	유성구
8005778	충대운동장	99999	유성구
8105643	침산교입구	99999	중구
8005643	침산교입구	99999	중구
8005591	침신대종점	99999	유성구
9002842	평촌동종점	99999	서구
9007516	평촌동종점	99999	서구
8005835	한빛아파트	99999	유성구
8005811	한솔아파트	99999	유성구
8005781	한울아파트	99999	유성구
8005654	한울아파트	99999	유성구
9002968	향촌아파트	99999	서구
9005978	화물터미널	99999	유성구
8005692	화물터미널	99999	유성구
9003016	효동네거리	99999	동구
8103026	효평삼거리	99999	동구
8003029	효평삼거리	99999	동구
9003028	효평삼거리	99999	동구
9003027	효평삼거리	99999	동구
8103029	효평삼거리	99999	동구
9002509	효문화마을/뿌리공원	99999	중구
9001027	가수원역	99999	서구
8070016	계룡대교	99999	유성구
8005810	구즉농협	99999	유성구
8005847	구즉농협	99999	유성구
9001224	기성농협	99999	서구
8005536	기흥정공	99999	유성구
8001316	대덕구청	99999	대덕구
8001315	대덕구청	99999	대덕구
8005753	대덕대학	99999	유성구
8005787	대덕대학	99999	유성구
9001029	대덕대학	99999	유성구
8005540	대전교통	99999	중구
8105541	대전버스	99999	중구
8005541	대전버스	99999	중구
8101753	보훈병원	99999	대덕구
9007157	사정공원	99999	중구
9003122	상소룡골	99999	동구
9001936	서대전역	99999	중구
9002022	세동종점	99999	유성구
8105687	신생병원	99999	유성구
8005720	신생병원	99999	유성구
8005687	신생병원	99999	유성구
8105720	신생병원	99999	유성구
8102170	안산종점	99999	유성구
8102184	양지마을	99999	유성구
8102183	양지마을	99999	유성구
8002248	오정철교	99999	대덕구
8002247	오정철교	99999	대덕구
9005853	와동종점	99999	대덕구
8005834	유성구청	99999	유성구
8005821	유성구청	99999	유성구
8005728	유성시장	99999	유성구
8005577	유성여고	99999	유성구
8005612	유창산업	99999	대덕구
8102459	음지마을	99999	유성구
8102458	음지마을	99999	유성구
8002458	음지마을	99999	유성구
8002459	음지마을	99999	유성구
8102502	장동종점	99999	대덕구
8002510	장수마을	99999	중구
8002511	장수마을	99999	중구
8002606	중구청역	99999	중구
8102665	직동종점	99999	동구
9002665	직동종점	99999	동구
8005689	진미식품	99999	유성구
8005718	진미식품	99999	유성구
8005702	진잠타운	99999	유성구
8005704	진잠타운	99999	유성구
9002714	추동종점	99999	동구
8102714	추동종점	99999	동구
8005730	충대후문	99999	유성구
8005678	충대후문	99999	유성구
8102858	하소룡골	99999	동구
8102859	하소룡골	99999	동구
8002918	한밭대교	99999	대덕구
8002919	한밭대교	99999	대덕구
9002937	한빛고교	99999	중구
8005775	홍인호텔	99999	유성구
8007068	원주산 안심승강장	99999	동구
8007067	원주산 안심승강장	99999	동구
8105630	목달동(송곡식당)	99999	중구
8105629	목달동(송곡식당)	99999	중구
8005630	목달동(송곡식당)	99999	중구
8005629	목달동(송곡식당)	99999	중구
8007404	계족산(황토길)	99999	대덕구
8007403	대청댐(헬기장)	99999	대덕구
9005631	대청댐(종점)	99999	대덕구
8005688	계산동	99999	유성구
8005719	계산동	99999	유성구
8001106	공병단	99999	유성구
8101136	교도소	99999	유성구
9001136	교도소	99999	유성구
8005696	교촌동	99999	유성구
8001143	교촌동	99999	유성구
8001142	교촌동	99999	유성구
9007678	구완동	99999	중구
9005529	구완동	99999	중구
8005848	구즉동	99999	유성구
8001297	달수정	99999	대덕구
8005690	대정동	99999	유성구
8005717	대정동	99999	유성구
8003066	덕암동	99999	대덕구
8003067	덕암동	99999	대덕구
8001509	도안동	99999	서구
8001511	도안동	99999	서구
9007518	동춘당	99999	대덕구
9001553	동춘당	99999	대덕구
8101677	반석길	99999	유성구
8101678	반석동	99999	유성구
9001678	반석동	99999	유성구
8001898	상서동	99999	대덕구
8105560	세정골	99999	동구
9002115	신안동	99999	동구
9002114	신안동	99999	동구
9002170	안산동	99999	유성구
8102232	오리골	99999	동구
9002232	오리골	99999	동구
9002254	옥계동	99999	중구
8005716	용머리	99999	유성구
8105807	용산고	99999	유성구
8005706	원내동	99999	유성구
8005701	원내동	99999	유성구
8002455	은행동	99999	중구
8005676	자운동	99999	유성구
9002512	장안동	99999	서구
8002567	정수장	99999	대덕구
8002599	중간뜸	99999	중구
8002598	중간뜸	99999	중구
8005806	중일고	99999	유성구
8005642	침산동	99999	중구
8105642	침산동	99999	중구
9002765	탑립동	99999	유성구
8005605	평촌동	99999	대덕구
8005685	학하동	99999	유성구
8005722	학하동	99999	유성구
8105722	학하동	99999	유성구
8105685	학하동	99999	유성구
9003074	학하동	99999	유성구
8003013	회덕역	99999	대덕구
8005769	궁동	99999	유성구
8002224	오동	99999	동구
8002223	오동	99999	동구
8002711	추동	99999	동구
8102711	추동	99999	동구
9102765	탑립	99999	유성구
8102765	탑립	99999	유성구
8070022	트리풀시티9단지	99999	유성구
8070021	트리풀시티9단지	99999	유성구
8001594	마산B지구	12620	동구
8001593	마산B지구	12630	동구
8007275	한남오거리(BRT)	53420	대덕구
8007276	한남오거리(BRT)	53430	대덕구
8007240	씨엔씨티에너지학하CES	82420	유성구
8007231	씨엔씨티에너지학하CES	82430	유성구
8005925	DCC종점	45320	유성구
8001254	e편한세상아파트	13430	동구
8001253	e편한세상아파트	13440	동구
8001489	도마e편한세상아파트	30750	서구
8001483	도마e편한세상아파트 	30780	서구
8002761	e편한세상아파트	31220	서구
8002762	e편한세상아파트	31230	서구
8005955	대청ENG	45430	유성구
8003046	GS칼텍스저유소	33220	서구
8002830	판암IC	10830	동구
8001946	서대전IC	40100	유성구
8001944	서대전IC	40180	유성구
8001321	북대전IC네거리	43550	유성구
8005813	대덕밸리IC	99999	유성구
8005845	대덕밸리IC	99999	유성구
8002175	안영IC	99999	중구
8005899	조폐공사ID본부	44360	유성구
8005898	조폐공사ID본부	44380	유성구
8002884	KAIST문지캠퍼스	44030	유성구
8003044	KT인재개발원	31340	서구
8003043	KT인재개발원	31350	서구
8001941	KT서대전지사입구	31390	서구
8001942	KT서대전지사입구	31400	서구
8005917	KT서대전지사입구	31410	서구
8002417	KT유성지사	42030	유성구
8002416	KT유성지사	42050	유성구
8001795	KT북대전지사	43400	유성구
8005793	KT연구원	99999	유성구
8001299	KT&G연구소	42970	유성구
8081299	KT&G연구소	42971	유성구
8001298	KT&G	53020	대덕구
8007069	KT&G사택	53240	대덕구
8002073	k-water인재개발원	44120	유성구
8003045	LG생활건강기술연구원	43410	유성구
8002885	LG화학기술연구원	44020	유성구
8002074	LH연구원	44130	유성구
8002071	LH연구원	44140	유성구
8002072	LH연구원	44150	유성구
8003047	MBC/TJB방송국	43320	유성구
8003048	MBC/TJB방송국	43330	유성구
8002653	중촌SK뷰아파트	20430	중구
8002851	SK브로드밴드	32220	서구
8001330	SK뷰아파트	43130	유성구
8005797	SK주유소	81470	유성구
8002883	과학기술연합대학원(UST)	43090	유성구
