연번,piece,기준커밋,조회일,road_name,rds_man_no,sig_cd,road_bt_단위미확인,road_lt,ref_nearest_link_id,ref_nearest_link_road_name,ref_nearest_link_dist_m,unmatched_reason,link_id,link_road_name,dist_m,confidence,ref_same_name_link_dist_m
1,계족로330번길,3a36588,2026-09-18,계족로330번길,720.0,30110,4.0,254.0,1830011112,계족로,49.0,U1 대전 표준노드링크 전체에 같은 도로명 링크 없음,,,,,
1,계족로330번길,3a36588,2026-09-18,계족로330번길,1079.0,30110,3.0,122.0,1830033605,우암로,82.5,U1 대전 표준노드링크 전체에 같은 도로명 링크 없음,,,,,
1,계족로330번길,3a36588,2026-09-18,계족로330번길,1087.0,30110,3.0,177.0,1830033602,우암로,59.0,U1 대전 표준노드링크 전체에 같은 도로명 링크 없음,,,,,
1,계족로336번길,3a36588,2026-09-18,계족로336번길,1068.0,30110,3.0,116.0,1830011103,계족로,93.7,U1 대전 표준노드링크 전체에 같은 도로명 링크 없음,,,,,
1,계족로336번길,3a36588,2026-09-18,계족로336번길,1069.0,30110,3.0,145.0,1830473602,계족로368번길,63.7,U1 대전 표준노드링크 전체에 같은 도로명 링크 없음,,,,,
1,계족로336번길,3a36588,2026-09-18,계족로336번길,1074.0,30110,3.0,43.0,1830011103,계족로,151.2,U1 대전 표준노드링크 전체에 같은 도로명 링크 없음,,,,,
1,계족로336번길,3a36588,2026-09-18,계족로336번길,7125.0,30110,4.0,62.071,1830011114,계족로,96.0,U1 대전 표준노드링크 전체에 같은 도로명 링크 없음,,,,,
1,계족로336번길,3a36588,2026-09-18,계족로336번길,719.0,30110,4.0,370.0,1830011112,계족로,0.0,U1 대전 표준노드링크 전체에 같은 도로명 링크 없음,,,,,
2,동대전로110번길,3a36588,2026-09-18,동대전로110번길,459.0,30110,4.0,1340.0,1830025105,동대전로,0.0,U1 대전 표준노드링크 전체에 같은 도로명 링크 없음,,,,,
2,대동 산 1번지,3a36588,2026-09-18,,,,,,,,,U4 지번 조각(도로명 없음),,,,,
3,역전시장길7,3a36588,2026-09-18,역전시장길,1683.0,30110,3.0,321.0,1830024902,대전로,0.0,U1 대전 표준노드링크 전체에 같은 도로명 링크 없음,,,,,
3,역전시장길75,3a36588,2026-09-18,역전시장길,1683.0,30110,3.0,321.0,1830024902,대전로,0.0,U1 대전 표준노드링크 전체에 같은 도로명 링크 없음,,,,,
4,대전천서로277,3a36588,2026-09-18,대전천서로,1683.0,30140,15.0,7854.0,1840042504,대흥로,0.0,,1840180800,대전천서로,0.0,상,
4,대전천서로277,3a36588,2026-09-18,대전천서로,949.0,30140,15.0,48.0,1840066102,대전천서로,0.4,,1840066102,대전천서로,0.4,상,
4,대전천서로277,3a36588,2026-09-18,대전천서로,948.0,30140,15.0,46.0,1840066102,대전천서로,0.4,,1840066102,대전천서로,0.4,상,
4,문창로10번길46,3a36588,2026-09-18,문창로10번길,545.0,30140,8.0,76.0,1840027803,보문로,88.9,U1 대전 표준노드링크 전체에 같은 도로명 링크 없음,,,,,
4,문창로10번길46,3a36588,2026-09-18,문창로10번길,1032.0,30140,8.0,250.0,1840066305,문창로,0.0,U1 대전 표준노드링크 전체에 같은 도로명 링크 없음,,,,,
5,목척3길,3a36588,2026-09-18,목척3길,1703.0,30140,8.0,279.0,1840048504,대종로,0.0,U1 대전 표준노드링크 전체에 같은 도로명 링크 없음,,,,,
5,목척5길,3a36588,2026-09-18,목척5길,1692.0,30140,6.0,31.0,1840049600,대전천서로,62.3,U1 대전 표준노드링크 전체에 같은 도로명 링크 없음,,,,,
5,목척5길,3a36588,2026-09-18,목척5길,1704.0,30140,6.0,165.0,1840050903,선화로,0.0,U1 대전 표준노드링크 전체에 같은 도로명 링크 없음,,,,,
5,목척5길,3a36588,2026-09-18,목척5길,1707.0,30140,6.0,35.0,1840049600,대전천서로,89.3,U1 대전 표준노드링크 전체에 같은 도로명 링크 없음,,,,,
5,목척5길,3a36588,2026-09-18,목척5길,6945.0,30140,2.0,63.687,1840050902,선화로,55.6,U1 대전 표준노드링크 전체에 같은 도로명 링크 없음,,,,,
5,목척5길,3a36588,2026-09-18,목척5길,6946.0,30140,2.0,86.337,1840048504,대종로,60.4,U1 대전 표준노드링크 전체에 같은 도로명 링크 없음,,,,,
5,목척5길,3a36588,2026-09-18,목척5길,6947.0,30140,2.0,86.135,1840048504,대종로,60.7,U1 대전 표준노드링크 전체에 같은 도로명 링크 없음,,,,,
5,목척5길,3a36588,2026-09-18,목척5길,6948.0,30140,6.0,85.96,1840048504,대종로,61.0,U1 대전 표준노드링크 전체에 같은 도로명 링크 없음,,,,,
5,목척5길,3a36588,2026-09-18,목척5길,6944.0,30140,4.0,85.32,1840050902,선화로,40.6,U1 대전 표준노드링크 전체에 같은 도로명 링크 없음,,,,,
5,목척5길,3a36588,2026-09-18,목척5길,1690.0,30140,6.0,45.0,1840050902,선화로,40.0,U1 대전 표준노드링크 전체에 같은 도로명 링크 없음,,,,,
5,목척5길,3a36588,2026-09-18,목척5길,1688.0,30140,6.0,73.0,1840049600,대전천서로,0.0,U1 대전 표준노드링크 전체에 같은 도로명 링크 없음,,,,,
6,진수길,3a36588,2026-09-18,진수길,1607.0,30110,3.0,167.0,1830009700,계족로,0.0,U1 대전 표준노드링크 전체에 같은 도로명 링크 없음,,,,,
6,진보길,3a36588,2026-09-18,진보길,1595.0,30110,3.0,198.0,1830009702,계족로,0.0,U1 대전 표준노드링크 전체에 같은 도로명 링크 없음,,,,,
6,수양길,3a36588,2026-09-18,수양길,1615.0,30110,3.0,227.0,1830009700,계족로,27.1,U1 대전 표준노드링크 전체에 같은 도로명 링크 없음,,,,,
7,대종로601번길,3a36588,2026-09-18,대종로601번길,194.0,30140,8.0,106.0,1840053403,대종로593번길,81.9,U1 대전 표준노드링크 전체에 같은 도로명 링크 없음,,,,,
7,대종로601번길,3a36588,2026-09-18,대종로601번길,841.0,30140,8.0,312.0,1840054803,대종로,0.0,U1 대전 표준노드링크 전체에 같은 도로명 링크 없음,,,,,
9,대전천북로116번길,3a36588,2026-09-18,대전천북로116번길,681.0,30110,4.0,275.0,1830476806,대전천북로,0.0,U1 대전 표준노드링크 전체에 같은 도로명 링크 없음,,,,,
10,갈마중로28번길,3a36588,2026-09-18,갈마중로28번길,99.0,30170,6.0,108.0,1850092406,갈마중로,20.8,U1 대전 표준노드링크 전체에 같은 도로명 링크 없음,,,,,
10,갈마중로28번길,3a36588,2026-09-18,갈마중로28번길,259.0,30170,6.0,209.0,1850092412,갈마중로,0.0,U1 대전 표준노드링크 전체에 같은 도로명 링크 없음,,,,,
10,갈마중로30번길,3a36588,2026-09-18,갈마중로30번길,1266.0,30170,6.0,52.0,1850092404,갈마중로,52.0,U1 대전 표준노드링크 전체에 같은 도로명 링크 없음,,,,,
10,갈마중로30번길,3a36588,2026-09-18,갈마중로30번길,1290.0,30170,6.0,430.0,1850092405,갈마중로,0.0,U1 대전 표준노드링크 전체에 같은 도로명 링크 없음,,,,,
10,갈마중로46번길,3a36588,2026-09-18,갈마중로46번길,250.0,30170,6.0,449.0,1850092411,갈마중로,0.0,U1 대전 표준노드링크 전체에 같은 도로명 링크 없음,,,,,
11,문정로170번길,3a36588,2026-09-18,문정로170번길,855.0,30170,6.0,1043.0,1850099600,유등로,27.9,U1 대전 표준노드링크 전체에 같은 도로명 링크 없음,,,,,
11,문정로170번길,3a36588,2026-09-18,문정로170번길,1487.0,30170,6.0,71.0,1850097802,둔산남로,51.5,U1 대전 표준노드링크 전체에 같은 도로명 링크 없음,,,,,
12,문정로112번안길,3a36588,2026-09-18,문정로112번안길,822.0,30170,6.0,62.0,1850090202,문정로,89.9,U1 대전 표준노드링크 전체에 같은 도로명 링크 없음,,,,,
12,문정로112번안길,3a36588,2026-09-18,문정로112번안길,820.0,30170,6.0,343.0,1850090202,문정로,89.5,U1 대전 표준노드링크 전체에 같은 도로명 링크 없음,,,,,
12,문정로112번안길,3a36588,2026-09-18,문정로112번안길,823.0,30170,6.0,73.0,1850090202,문정로,89.7,U1 대전 표준노드링크 전체에 같은 도로명 링크 없음,,,,,
12,남선로9번길,3a36588,2026-09-18,남선로9번길,1519.0,30170,6.0,423.0,1850068907,도솔로,77.0,U1 대전 표준노드링크 전체에 같은 도로명 링크 없음,,,,,
13,중리로 74-1,3a36588,2026-09-18,중리로,224.0,30230,20.0,831.0,1870020101,한밭대로,0.0,,1870022802,중리로,3.4,상,
13,중리로64번길 2,3a36588,2026-09-18,중리로64번길,222.0,30230,8.0,108.0,1870039303,중리북로,82.5,U1 대전 표준노드링크 전체에 같은 도로명 링크 없음,,,,,
13,중리로64번길 2,3a36588,2026-09-18,중리로64번길,93.0,30230,8.0,318.0,1870023407,중리동로,0.0,U1 대전 표준노드링크 전체에 같은 도로명 링크 없음,,,,,
13,중리로64번길 2,3a36588,2026-09-18,중리로64번길,57.0,30230,8.0,107.0,1870022703,중리로,31.9,U1 대전 표준노드링크 전체에 같은 도로명 링크 없음,,,,,
14,계족산로5번안길 22,3a36588,2026-09-18,계족산로5번안길,529.0,30230,8.0,301.0,1870036102,쌍청당로,0.0,U1 대전 표준노드링크 전체에 같은 도로명 링크 없음,,,,,
14,계족로608번길 30,3a36588,2026-09-18,계족로608번길,527.0,30230,8.0,114.0,1870033400,계족산로5번길,34.4,U1 대전 표준노드링크 전체에 같은 도로명 링크 없음,,,,,
14,계족로608번길 30,3a36588,2026-09-18,계족로608번길,528.0,30230,8.0,114.0,1870034503,계족산로17번길,32.6,U1 대전 표준노드링크 전체에 같은 도로명 링크 없음,,,,,
14,계족로608번길 30,3a36588,2026-09-18,계족로608번길,247.0,30230,8.0,114.0,1870043300,동춘당로,40.6,U1 대전 표준노드링크 전체에 같은 도로명 링크 없음,,,,,
14,계족로608번길 30,3a36588,2026-09-18,계족로608번길,508.0,30230,8.0,241.0,1870033500,계족산로5번길,0.0,U1 대전 표준노드링크 전체에 같은 도로명 링크 없음,,,,,
14,계족로608번길 30,3a36588,2026-09-18,계족로608번길,526.0,30230,8.0,114.0,1870034403,계족산로17번길,34.2,U1 대전 표준노드링크 전체에 같은 도로명 링크 없음,,,,,
15,대전로1375번길 22-14,3a36588,2026-09-18,대전로1375번길,137.0,30230,3.0,86.0,1870053702,대전로,74.5,U1 대전 표준노드링크 전체에 같은 도로명 링크 없음,,,,,
15,대전로1375번길 22-14,3a36588,2026-09-18,대전로1375번길,140.0,30230,3.0,48.0,1870053702,대전로,113.9,U1 대전 표준노드링크 전체에 같은 도로명 링크 없음,,,,,
15,대전로1375번길 22-14,3a36588,2026-09-18,대전로1375번길,794.0,30230,3.0,253.0,1870053702,대전로,0.0,U1 대전 표준노드링크 전체에 같은 도로명 링크 없음,,,,,
15,대전로1375번길 22-14,3a36588,2026-09-18,대전로1375번길,138.0,30230,3.0,28.0,1870053702,대전로,85.2,U1 대전 표준노드링크 전체에 같은 도로명 링크 없음,,,,,
15,대전로1375번길 22-14,3a36588,2026-09-18,대전로1375번길,141.0,30230,3.0,78.0,1870053702,대전로,90.6,U1 대전 표준노드링크 전체에 같은 도로명 링크 없음,,,,,
16,대전로1397번길 50,3a36588,2026-09-18,대전로1397번길,148.0,30230,5.0,117.0,1870053703,대전로,176.4,U1 대전 표준노드링크 전체에 같은 도로명 링크 없음,,,,,
16,대전로1397번길 50,3a36588,2026-09-18,대전로1397번길,147.0,30230,5.0,55.0,1870053703,대전로,149.0,U1 대전 표준노드링크 전체에 같은 도로명 링크 없음,,,,,
16,대전로1397번길 50,3a36588,2026-09-18,대전로1397번길,796.0,30230,5.0,415.0,1870053703,대전로,0.0,U1 대전 표준노드링크 전체에 같은 도로명 링크 없음,,,,,
16,대전로1397번길 50,3a36588,2026-09-18,대전로1397번길,145.0,30230,5.0,30.0,1870053703,대전로,108.5,U1 대전 표준노드링크 전체에 같은 도로명 링크 없음,,,,,
17,청자마을길 28,3a36588,2026-09-18,청자마을길,954.0,30230,5.0,178.0,1870088912,평촌2길,136.5,U1 대전 표준노드링크 전체에 같은 도로명 링크 없음,,,,,
17,청자마을길 28,3a36588,2026-09-18,청자마을길,958.0,30230,5.0,57.0,1870088912,평촌2길,192.3,U1 대전 표준노드링크 전체에 같은 도로명 링크 없음,,,,,
17,청자마을길 28,3a36588,2026-09-18,청자마을길,959.0,30230,5.0,90.0,1870088912,평촌2길,258.6,U1 대전 표준노드링크 전체에 같은 도로명 링크 없음,,,,,
17,청자마을길 28,3a36588,2026-09-18,청자마을길,957.0,30230,5.0,90.0,1870088912,평촌2길,243.1,U1 대전 표준노드링크 전체에 같은 도로명 링크 없음,,,,,
18,태양마을길 28,3a36588,2026-09-18,태양마을길,951.0,30230,5.0,349.0,1870088912,평촌2길,53.4,U1 대전 표준노드링크 전체에 같은 도로명 링크 없음,,,,,
19,동심9길,3a36588,2026-09-18,동심9길,1177.0,30230,1.4,7.0,1870484201,대화로,73.6,U1 대전 표준노드링크 전체에 같은 도로명 링크 없음,,,,,
19,동심9길,3a36588,2026-09-18,동심9길,906.0,30230,3.0,180.0,1870484201,대화로,73.3,U1 대전 표준노드링크 전체에 같은 도로명 링크 없음,,,,,
20,늘봄2길,3a36588,2026-09-18,늘봄2길,905.0,30230,4.0,211.0,1870039402,대화로,190.2,U1 대전 표준노드링크 전체에 같은 도로명 링크 없음,,,,,
23,동춘당로31번길,3a36588,2026-09-18,동춘당로31번길,282.0,30230,3.0,856.0,1870024502,동춘당로,0.0,U1 대전 표준노드링크 전체에 같은 도로명 링크 없음,,,,,
24,신성남로 43,3a36588,2026-09-18,신성남로,92.0,30200,12.0,1489.0,1860124701,신성로,0.0,,1860116500,신성남로,0.0,상,
25,유성대로718번길,3a36588,2026-09-18,유성대로718번길,873.0,30200,3.0,448.0,1860060500,장대로,0.0,U1 대전 표준노드링크 전체에 같은 도로명 링크 없음,,,,,
25,온천서로 38,3a36588,2026-09-18,온천서로,805.0,30200,15.0,1065.0,1860058501,온천로,0.0,,1860054101,온천서로,0.0,상,
25,온천서로 38,3a36588,2026-09-18,온천서로,1574.0,30200,15.0,260.0,1860065304,온천서로,0.0,,1860065304,온천서로,0.0,중,
25,온천서로 38,3a36588,2026-09-18,온천서로,939.0,30200,15.0,141.0,1860059001,온천서로,0.0,,1860059001,온천서로,0.0,중,
25,온천서로 38,3a36588,2026-09-18,온천서로,1575.0,30200,15.0,189.0,1860058900,온천서로,0.0,,1860058900,온천서로,0.0,중,
25,온천서로 38,3a36588,2026-09-18,온천서로,1573.0,30200,15.0,177.0,1860674801,문화원로6번길,0.0,,1860065404,온천서로,0.0,상,
25,온천서로 38,3a36588,2026-09-18,온천서로,1576.0,30200,15.0,298.0,1860059001,온천서로,0.0,,1860059001,온천서로,0.0,중,
26,도마5길 56,3a36588,2026-09-18,도마5길,350.0,30170,15.0,466.0,1850155500,유등로,0.0,,1850046901,도마5길,0.0,상,
27,도솔로175번길,3a36588,2026-09-18,도솔로175번길,1173.0,30170,6.0,283.0,1850050105,도솔로,0.0,U1 대전 표준노드링크 전체에 같은 도로명 링크 없음,,,,,
28,변정1길,3a36588,2026-09-18,변정1길,1890.0,30170,6.0,352.0,1850049315,도마로,0.0,U1 대전 표준노드링크 전체에 같은 도로명 링크 없음,,,,,
28,변정7길,3a36588,2026-09-18,변정7길,1784.0,30170,6.0,432.0,1850049400,유등로,65.0,U1 대전 표준노드링크 전체에 같은 도로명 링크 없음,,,,,
29,당디로124번길,3a36588,2026-09-18,당디로124번길,794.0,30140,8.0,505.0,1840025604,계백로1566번길,0.0,U1 대전 표준노드링크 전체에 같은 도로명 링크 없음,,,,,
31,충무로68번길,3a36588,2026-09-18,충무로68번길,657.0,30140,6.0,462.0,1840026800,보문산공원로,0.0,U1 대전 표준노드링크 전체에 같은 도로명 링크 없음,,,,,
32,보문산공원로530번길,3a36588,2026-09-18,보문산공원로530번길,612.0,30140,5.0,118.0,1840026800,보문산공원로,40.7,U1 대전 표준노드링크 전체에 같은 도로명 링크 없음,,,,,
32,보문산공원로530번길,3a36588,2026-09-18,보문산공원로530번길,1236.0,30140,5.0,139.0,1840026800,보문산공원로,63.3,U1 대전 표준노드링크 전체에 같은 도로명 링크 없음,,,,,
32,보문산공원로530번길,3a36588,2026-09-18,보문산공원로530번길,1254.0,30140,5.0,735.0,1840026800,보문산공원로,0.0,U1 대전 표준노드링크 전체에 같은 도로명 링크 없음,,,,,
32,보문산공원로530번길,3a36588,2026-09-18,보문산공원로530번길,6949.0,30140,5.0,28.672,1840026802,보문산공원로,83.7,U1 대전 표준노드링크 전체에 같은 도로명 링크 없음,,,,,
32,보문산공원로530번길,3a36588,2026-09-18,보문산공원로530번길,1501.0,30140,5.0,52.0,1840026800,보문산공원로,101.4,U1 대전 표준노드링크 전체에 같은 도로명 링크 없음,,,,,
33,대둔산로414번길,3a36588,2026-09-18,대둔산로414번길,855.0,30140,6.0,662.0,1840016901,산성로,0.0,U1 대전 표준노드링크 전체에 같은 도로명 링크 없음,,,,,
34,천근로 8,3a36588,2026-09-18,천근로,276.0,30140,12.0,730.0,1840021401,송리로,0.0,,1840022000,천근로,0.0,상,
34,천근로 8,3a36588,2026-09-18,천근로,1054.0,30140,12.0,98.0,1840022105,천근로,0.0,,1840022105,천근로,0.0,상,
34,천근로 8,3a36588,2026-09-18,천근로,1078.0,30140,12.0,117.0,1840022101,천근로,0.0,,1840022101,천근로,0.0,상,
34,천근로 8,3a36588,2026-09-18,천근로,1099.0,30140,12.0,14.0,1840022104,천근로,40.2,U2 같은 도로명 링크는 있으나 30 m 밖,,,,,40.2
34,천근로 8,3a36588,2026-09-18,천근로,1652.0,30140,12.0,16.0,1840025000,산성로,33.1,U2 같은 도로명 링크는 있으나 30 m 밖,,,,,52.1
35,보문산로122번길,3a36588,2026-09-18,보문산로122번길,1230.0,30140,5.0,17.0,1840120400,사정공원로,43.8,U1 대전 표준노드링크 전체에 같은 도로명 링크 없음,,,,,
35,보문산로122번길,3a36588,2026-09-18,보문산로122번길,699.0,30140,6.0,160.0,1840120400,사정공원로,0.0,U1 대전 표준노드링크 전체에 같은 도로명 링크 없음,,,,,
35,대둔산로386번길,3a36588,2026-09-18,대둔산로386번길,637.0,30140,4.0,96.0,1840016200,보문산로,50.2,U1 대전 표준노드링크 전체에 같은 도로명 링크 없음,,,,,
35,대둔산로386번길,3a36588,2026-09-18,대둔산로386번길,815.0,30140,4.0,734.0,1840002103,대둔산로,0.0,U1 대전 표준노드링크 전체에 같은 도로명 링크 없음,,,,,
36,계백로1158번길,3a36588,2026-09-18,계백로1158번길,757.0,30170,8.0,876.0,1850004302,계백로,0.0,U1 대전 표준노드링크 전체에 같은 도로명 링크 없음,,,,,
36,계백로1158번길,3a36588,2026-09-18,계백로1158번길,1191.0,30170,8.0,75.0,1850032704,벌곡로1353번길,36.4,U1 대전 표준노드링크 전체에 같은 도로명 링크 없음,,,,,
37,문화로 133,3a36588,2026-09-18,문화로,114.0,30140,4.0,96.0,1840026900,문화로,0.0,,1840027200,문화로,0.0,중,
37,문화로 133,3a36588,2026-09-18,문화로,829.0,30140,24.0,3003.0,1840025601,계백로1566번길,0.0,,1840027200,문화로,0.0,상,
37,문화로 133,3a36588,2026-09-18,문화로,1063.0,30140,25.0,128.0,1840025700,문화로,0.0,,1840025700,문화로,0.0,상,
37,문화로134번길,3a36588,2026-09-18,문화로134번길,800.0,30140,4.0,132.0,1840025700,문화로,0.0,U1 대전 표준노드링크 전체에 같은 도로명 링크 없음,,,,,
37,당디로36번길,3a36588,2026-09-18,당디로36번길,1.0,30140,8.0,108.0,1840023700,산성로,39.3,U1 대전 표준노드링크 전체에 같은 도로명 링크 없음,,,,,
37,당디로36번길,3a36588,2026-09-18,당디로36번길,116.0,30140,8.0,117.0,1840023700,산성로,38.2,U1 대전 표준노드링크 전체에 같은 도로명 링크 없음,,,,,
37,당디로36번길,3a36588,2026-09-18,당디로36번길,372.0,30140,8.0,1017.0,1840027200,문화로,0.0,U1 대전 표준노드링크 전체에 같은 도로명 링크 없음,,,,,
37,당디로36번길,3a36588,2026-09-18,당디로36번길,1064.0,30140,8.0,99.0,1840023700,산성로,36.8,U1 대전 표준노드링크 전체에 같은 도로명 링크 없음,,,,,
