p,n,x0,x1,y0,y1,xm,ym
100,1944,195859.66273120762,202069.36037929024,551809.0893656584,557497.6543000005,198167.33292252454,552930.8918686099
101,1696,196735.93538784055,202152.8310192328,549797.5234797484,552500.7878389567,199530.65825979598,551490.4823101935
102,1978,195084.4219999998,201334.57803056575,545465.6794008423,550837.0570706537,197693.41980681353,548308.9832080018
103,1753,200877.5342491037,206514.3723243422,548213.5682499995,552613.8925641709,203351.46080995532,550136.646184257
104,1595,205065.93403187496,210043.32706783884,547520.060985388,552466.4240882553,207446.73888683022,549508.9166626923
105,2182,202046.1863500001,206855.27647606016,551223.1783899986,556415.7041109597,205080.2563429244,553083.0001155671
106,2382,206185.66960000014,210450.89122381236,552365.6572150209,557910.8089060623,207784.19676199614,555730.3562885944
107,2693,198535.64850221446,206277.03099999996,553051.7106036996,558308.32215939,201989.4316193204,555995.0745768409
108,1689,200159.98925079394,204345.20084999967,556663.5284499992,562857.2630540347,202008.17058894096,559002.4629280736
109,1919,201204.6564511885,204889.31445143442,559083.2556274716,565920.3028417169,203670.99738440983,562106.8871013435
110,3213,203685.47210885934,209776.95259248276,557171.6664146008,565483.7072189532,206127.8528454304,560710.2409477746
111,2697,189621.48417510788,195631.2678376492,553095.3644600589,562111.2152939024,192833.20781169186,556399.2349235865
112,1869,191418.47373014723,197250.24301020752,550632.6109448259,556207.1026073829,194292.49844165024,552801.0286559351
113,3059,187533.28484999994,196674.72868400277,548364.9017000003,554315.8020483395,192695.29798347488,550606.8127314481
114,2468,184249.38566629248,191268.91537119093,541463.6467083914,549962.9201365793,187332.83516913443,547044.3224084589
115,4189,179471.01251816656,189434.56233728258,547480.7689375789,555456.0385471347,185618.32567789656,551007.423939267
116,3112,183687.19411836134,191428.40321584296,541574.42593669,546206.0646460899,187872.5309162559,544106.8674700018
117,1492,188801.2649533758,193048.1077499984,537193.5541563556,543016.022347931,190915.25613463935,540688.2633067055
118,3796,189174.33972412345,195361.62942439716,542868.7356635772,550413.5962859555,191566.39778883627,546675.4611543863
119,1727,191680.4647384072,198667.60188326432,541796.658961134,546455.2275999999,195083.44403392845,544732.3097999999
120,1916,191126.05695000011,198809.35920376345,538775.047986383,543908.8056048625,194517.5686526601,542176.2134530633
121,3027,198207.82385000028,208489.7977038449,536880.0377983302,547216.4476000005,201436.84696250389,542887.8990485969
122,4712,201161.65046533203,211055.02057688936,540156.8354615616,548475.8279338675,204381.90807156297,544763.4084191313
123,3644,206005.4827978469,214221.69860033877,540875.0135986556,549234.3733563384,210823.12870749302,544512.0881845852
124,2631,209791.51651104953,216162.58254072198,546409.5335125669,553146.6509999996,212679.2834904049,549936.5631479492
130,505,384288.4899194478,386319.5488356865,279664.68577456864,281749.489008257,385342.72924999986,280425.1108795574
131,876,382693.93625764875,385213.33924871753,275241.43955000024,283179.8540926754,383998.2420328409,280419.5717134052
132,951,385025.0735057583,388384.82993449643,281074.5449747234,285032.3120847368,386528.98763194354,283121.4078427271
133,1078,385398.6106805728,390146.6015702795,275748.36126146826,281041.0188368905,388176.43667755404,278560.2448619603
134,2418,383503.4293081245,389657.02173492237,284716.3114947875,291110.4712448695,386842.65807373065,286848.0907126538
135,1926,386599.120259039,392847.069929022,289525.16714664537,294171.5515314558,389812.47473137075,291630.51082069706
136,1817,388032.4610555818,393816.74548728205,280330.61759999953,286857.3406499997,390551.19075345725,283586.0827419851
137,1923,381059.6729866834,386931.9100698487,290549.8640515617,299517.7232429546,383382.66237815074,294153.48076352273
138,3660,391984.3282559954,401062.3048222671,286269.2701112762,295567.1178342091,396447.48622295546,288389.42224342725
139,2759,376375.46643748647,383708.3451727579,273975.91877294605,282187.7853003525,380078.67761633586,278327.59109766845
140,2662,386353.5162673894,394845.11074631376,292467.93262257637,303249.5344455675,390472.4691255419,295714.2266969613
141,9679,360589.80273238523,381660.12915800745,269243.7159875721,294783.0686113563,371667.2055039344,281168.6284114416
142,1500,386462.6649284373,392755.95614535897,286820.00281750516,291387.52412237716,389377.7849198874,289746.99922043504
143,1139,390605.24782189867,394628.69721683103,284177.76387231715,289608.0424001727,392843.1868869616,286666.7188854206
144,2187,378771.87284994486,383751.1473059887,282130.49804283574,290948.77455804177,380528.4888007868,286056.14266081934
145,7836,391957.96788602794,408544.9879523979,289630.57684010034,311939.630835712,401783.4204069942,300957.0080536365
150,1263,342140.24256796355,345793.84067311883,363138.66432561923,366034.98350152455,343947.9085582465,364539.55839536776
151,6727,344999.0007526532,358856.2137761292,363767.4222656974,378913.48554330855,352756.42653136404,365865.2690638944
152,1448,337761.5780810093,342741.50310372596,362986.2792233564,367408.29798098817,340246.24019901885,364937.4131857116
153,1283,340577.1489171271,345332.830406131,360072.2194828478,363653.02590381436,343695.4491670483,361657.31722707616
154,7810,336096.4148562043,347310.1231681764,365287.577489808,375260.99676137086,342156.84233939194,370496.4682193825
155,5171,344352.3554736534,355969.35961950227,357589.8710877199,365796.3680098317,348694.29638718785,361642.4340209473
156,6989,332917.10874999966,343261.40267578006,356212.52899025945,364260.8581075837,337586.7912987551,361334.27321822336
157,9861,322757.2686981015,352204.9744500001,335430.08846971544,372169.68803310243,331769.8759098001,353538.4679025582
163,2681,167116.39548424698,173716.23816875948,536866.7125390535,542795.5209667955,170165.5101231386,539649.6285836024
164,5008,163036.93864131373,174299.03788908897,527616.2770829872,537808.4962495929,169223.51386848252,533487.893643469
165,5566,170516.8319332794,180345.4553461927,531297.1356039061,542403.1068502868,174430.20795935873,535397.320353681
166,3215,172122.7009703019,178734.72862974834,540681.3039130798,547371.5857469025,175472.86852196069,544675.1623032354
167,2456,172180.13353654448,182027.19876857504,547057.5391029071,554597.8175792344,176677.2999826467,548750.3022224153
169,3408,132582.91435853377,159257.50550111406,554791.4666653196,581072.6703635314,152985.5932322096,569622.0304201726
170,845,120489.52921749037,159102.20025700983,513042.6851371547,549565.6812486743,152372.05688248575,517675.67220378923
171,2005,164009.6778137423,171173.48423987918,536608.2978870017,544375.8023538345,166891.75660301425,541619.8001048244
172,6605,143118.37180889028,163128.84154739734,530750.6680643325,549584.9045865193,155963.42352723615,543401.0083201515
173,6484,163070.7854609111,174043.8606076535,541648.5498531321,552655.2831260212,169676.93915405107,548035.3096114116
174,3890,162738.2547586229,175559.21521668718,551529.7626999998,558719.2974239724,170893.6435901571,555185.5439704241
175,2007,191565.9876986346,197360.51052675868,275775.8840565812,285466.3193264953,193503.7691763122,283223.9757288821
176,8078,182156.69750135732,191743.69087257818,277310.22277974396,286808.6331380545,187337.9792761608,283324.77834964776
177,4243,177722.74270347736,193592.00214338046,272910.96654500085,284022.6193130674,190512.39232438867,280360.8549504479
178,9121,184982.04512453373,200923.92254242083,282985.8169,295464.76914065884,190289.0070549344,288630.2562703863
179,14389,167827.54621847777,187100.30569777795,275346.25531816576,295123.23519631603,182473.43428478343,287570.52679320844
183,3764,237143.30539923158,248397.18916683827,400282.5747936672,425147.62651115307,240637.44374951214,414547.89634205366
184,2902,233487.16173364728,241012.75475600973,401694.30086507864,416823.89513834787,236718.1253597191,413555.9605688865
185,5642,225077.24875411208,236365.72199012648,399762.1387499999,419688.47614520823,233628.7123524382,415304.736335169
186,9569,222183.09771829186,237412.95564453048,407484.28545445343,432924.27734823123,230367.83495655033,419837.0650280621
187,3594,235081.87196140672,242749.37226974312,416042.96980186016,430908.637392356,237929.5579912013,419685.34590790776
192,4893,404646.4747412078,413361.1345148329,330317.28566635266,335836.1629363843,410466.8999811269,333114.19398671406
193,7477,403476.00613578025,416678.7533831532,320604.97109875607,331143.91548501595,411224.4763002973,329104.016102956
194,2031,417130.40471016197,422857.71134682535,322459.8151413826,333275.1970679016,420175.17458584957,325383.92494868196
195,7593,408065.97928077367,423209.4215233433,327576.75080405234,344481.0160325527,413891.35690644744,337988.35211264854
196,16810,382199.1646012796,415095.5673339735,306615.64697484544,349284.7251031877,400705.9321013356,330279.2199553439
200,2223,196682.75534030405,202934.0195452814,520727.48050609545,527482.0111859237,199373.70199529384,522317.0047356589
201,4895,194058.7984769896,203704.69974603917,514355.8765749589,522564.85026064655,198116.08278653986,517782.99903257354
202,1647,198023.5889513545,203898.254138718,517482.9143371957,521615.9181263976,201279.28884815756,519876.27644058975
203,2686,202762.82375466346,207695.65606025403,514723.1841744982,524092.3129963835,204985.9857280683,518205.73480362224
204,2629,205995.03743514512,215438.4951076407,533181.185051892,541620.62508461,211344.0422606598,538950.2743061677
205,2055,210309.40705150494,217507.23987397546,534518.2091333733,541615.0723123504,214362.23608155333,537339.4438322306
206,5996,203490.97243486298,213998.6500047638,526085.7729954589,535467.5638789701,210334.5870275546,531214.423335684
207,7639,200662.3990654213,210724.1438795639,565237.2481605161,575279.1631986705,205278.61554951733,571480.0301252614
208,2276,189231.71018663122,194963.05694917648,530218.3272984074,538657.424318842,192340.88455696433,533709.1522835372
209,2586,193480.56189170823,198396.06263303023,529148.5041763198,536072.3336800413,196335.08226132608,532562.9507283613
213,2516,185122.4778992833,191107.487732842,533657.9634492539,543919.7827966091,188962.337213194,539225.6455890664
214,19005,181575.86260789703,213637.93951727095,478244.88469484885,504027.57149214717,204394.15486595564,489954.1929690121
215,3547,200954.927146395,212340.6463474511,584889.1355782462,597663.7323106319,204953.81400978263,589173.2563588929
216,4191,183690.9856830675,194502.6693782393,519458.70450555615,530208.1223820036,187449.4800116917,522983.7850635517
217,8196,159291.2696049033,186078.9816017496,510443.9131605443,529286.0809046684,180580.18427963628,523970.08319373766
218,7769,180148.73395820046,196837.53800262767,552964.33885,571973.5295144778,187891.70855192398,560469.4208725684
219,3068,171731.0577289904,180571.9791001801,561238.6415285341,567387.7538000001,178306.51487837362,565056.4507572872
220,1133,197780.6450011501,202973.61377305945,533775.0322941864,540083.6126519348,199655.04911389825,536439.240304145
221,2329,209325.26550545814,214763.83025352797,551163.6552658133,560693.1108659683,211997.95089581667,556087.4360636219
222,11502,208306.98472981542,233160.05612049258,546122.4093042675,574875.7997207013,218143.72819924518,561655.8111875576
223,4669,199335.6268368548,208572.1704416571,503038.88285089855,511260.54294298554,204925.76578503932,506756.5329580402
224,12828,167311.87980529098,189335.5248842176,523421.13033414783,541386.6713312592,177526.9408420378,528875.4567823028
225,3395,189137.96903265538,196653.24647976278,522917.71316890046,530980.7124974797,194413.3155329912,527330.3586895114
226,2585,193778.46302842005,203313.0947814785,522542.309132095,534209.2636208758,197723.96947936402,528439.8425212033
227,3638,212465.565988777,225064.31194444041,540985.1774418917,554579.2183080998,217191.07449326123,549049.6430393264
229,13502,167102.9164256018,201294.7279614175,565893.1236977887,600282.2756561501,179710.0548831966,574664.0432578485
230,9335,230000.04891664133,256654.98653535105,493944.459753372,527590.8690737754,240866.44790887716,517108.11251336016
231,10764,209496.6611502596,245870.14202367663,478469.85551645956,505400.4891236179,223201.77918198047,490748.9747292133
232,10292,158129.90691733925,182426.74599912434,553635.9531416139,574358.817616334,169431.280314864,560073.4714916997
233,29026,166009.00461103808,213269.215027286,490681.1532952606,521447.49902427534,192618.06457844126,509786.92725443456
234,7716,212877.5035142104,239425.22921015782,519093.88375000004,548186.018952636,223007.03762562675,532445.9415414787
235,8972,191795.5188312855,210445.8556591341,563163.5374026052,592417.6865647248,204166.03793461545,580465.5219131943
236,7117,208601.67970861637,238785.04725776293,572401.9622982718,619806.3356918059,218505.91562210594,589401.1538079148
237,9249,236920.8972,267870.79216372286,505490.12445,537664.4191231383,255550.51720384587,522104.3899830632
238,5054,183113.75479104777,213716.67800913102,592790.5286473022,626404.4687864305,205955.95202371012,604506.9347123367
239,6243,224715.49641558947,251606.5704816691,554661.3412133155,604604.1249935228,242345.8218766693,578900.6684595756
240,7371,227392.54212232743,271203.20940146846,530534.555173306,562334.3709439607,246366.1663975361,544142.8498108358
241,3944,176731.03877174616,187142.37664989446,558730.2328298173,570450.752488658,181339.36059191916,563092.6057405958
242,7044,177157.9475842927,185218.89924029505,540097.8315440759,550091.2611504234,180622.49333388754,544662.9168536286
243,8571,209686.86996904097,237535.45851654868,498631.97912667936,528799.082378139,219346.19078261277,514671.5655078396
244,5256,205801.78720672723,215617.05830000015,512744.6623037622,525043.7468125522,209783.56114143837,519329.48046171066
245,3089,203931.74759484647,212750.23621897312,521627.54215024435,528665.3753101688,208312.91539884335,525252.0736652974
250,8514,245160.50274345186,286284.2827952183,564196.9423054182,606351.7828015607,264387.7049295939,585569.842500526
251,20338,266266.9344865171,307366.5653001494,505514.9989624916,542242.9704949927,283434.3927395456,527047.305366881
252,10158,341872.04174999986,382970.44923554733,547936.5192956715,592258.5360371148,365842.2883687208,574961.1612571015
253,3224,375547.05288272677,390895.8276217762,542076.9969422694,557888.9717753706,386861.9867931815,547497.284140103
254,2429,366015.5621342785,383095.0517000002,498574.67364463373,527830.3078941712,376714.06389999995,508689.70638470084
255,3279,331662.2538831729,341068.6093298786,618437.1824471848,626468.977244422,338856.17877654993,622679.4909050278
256,6467,364053.6530269254,409962.97624999983,500275.8594000004,543871.3529973547,391627.75865534466,529582.9973332048
257,8496,248931.52439119335,338871.3711250039,552745.1080999998,591073.9036703075,279691.4495016133,566906.7085903899
258,6661,268562.18983698764,314737.2517246634,526389.2331499998,563113.1866811214,292686.62810144643,544080.3831557776
259,4666,305335.57714487845,368500.12949718774,498165.3427794953,530168.3108999999,329548.995543679,510738.8575009953
260,6415,310300.9867743748,355229.134777227,522504.0420168136,575172.9919691109,328603.8951933944,554199.7156309811
261,5501,338516.2306973628,373378.72598557227,507163.20450026676,552666.9175605865,352411.52192539634,531719.967801458
262,4731,213208.73617703328,251474.41305410565,611103.0452843048,634466.4428550215,226994.37601914594,623340.5204522318
263,3178,238896.12060000002,277642.942356835,599853.8258375656,628561.0592480281,259957.99639482025,611248.27106582
264,3824,274584.5386836119,302246.7470653895,602577.7153348362,636059.89635,287007.6831665288,612461.9909734123
265,4921,290057.4760556966,331853.98262158816,579958.3649149006,632593.527205223,305751.45824611385,607916.1729299335
266,3867,318321.17405682383,338438.5187782898,623939.9501353556,665618.5700500002,328413.76357458794,642437.9499605147
267,4268,323351.64688932244,358951.1875008027,588009.3323400475,618972.7176695664,342836.0359872782,608517.500662816
270,7890,240462.80831215874,267397.2789555638,428743.26238430315,457753.2212461281,245746.36618810182,446885.0650802401
271,9554,224708.2954675678,243184.0169494865,440454.5302107064,458243.95724309096,238070.99402550736,448937.4574323306
272,15043,258342.31339531962,297758.0134759877,468664.03668378736,511912.15132828837,281641.1982022114,488196.46703716484
273,10244,282620.8851334358,317588.9835183218,471207.41606517375,516784.9063717127,306596.13413386425,504651.59826216067
275,4391,247496.53615530577,278447.17519617814,419729.40080134437,444995.27572677087,264925.7626553577,431194.5558728579
276,5022,244230.9920035638,279626.09468936565,398303.45667961333,427665.79374673154,254188.79032313876,411864.1681666656
277,6053,254024.81844522964,294308.1767320351,379982.9697172204,412818.1468162227,270948.88703873835,398725.53057038115
278,2444,248556.34915074887,258169.16188505013,456692.1523552498,471432.20832054963,252636.31687052007,465202.80835008656
279,7146,225944.4500793994,250933.70429692778,461427.403472148,490001.3572571494,240536.32658209314,477242.46833620704
280,6053,255462.6503320509,292194.54141339095,446055.7502791289,483191.36531841743,271597.0103607923,466876.4234720693
281,9836,239698.38663791245,271149.9595444531,470895.290387155,505828.62622382026,253221.6126261246,485341.601821219
282,4327,309434.60998174973,345591.13681284315,467952.12254738,507368.10222702904,320225.4521451127,492623.5821759699
283,3901,233649.44393949793,244477.13631056173,428111.25137406634,449870.0239767304,241479.87503292994,446002.7762262281
284,7487,229226.87696379525,254679.38771308988,449709.28722875705,464252.2007537485,243389.52709612017,456894.3521117554
286,8255,191200.09971368546,224914.27641729242,409227.44510351494,450916.73647804104,209759.025750104,430430.3532460171
287,8630,145836.98182931042,175444.93365000002,397262.66110520426,435102.75633949984,163731.54797494496,416550.2328815999
288,14553,185486.64287297562,210617.2581291017,450465.6654309757,482083.49976372544,201153.76591907337,465482.0262256197
289,9643,140042.4790262377,167987.0996228397,444867.9568262985,490692.49678286817,151208.65795029298,464832.978894925
290,7831,200014.62812200174,228690.26089474448,386104.61289786454,414704.5217412751,208900.39535878424,399449.7319816252
291,2048,219148.17580156773,226086.9941084836,404024.17536622426,415413.60819465533,222292.61842970393,408569.01341527665
292,4544,228850.1602648723,254010.57633738912,376326.68512726226,408094.05207769957,243630.98745023904,391729.4757481574
294,5845,171979.35627636372,205972.91979527535,386382.77131502365,421114.5403157702,188477.00197116155,406983.15715632896
295,5807,154406.00517074717,187493.99608267786,377698.9567478909,398729.56440508063,172100.87325320608,387198.5627444432
296,4436,171776.9403975155,202447.0725480485,414108.96551520046,441450.94877961965,184660.18489859707,426505.62134189164
297,7668,150199.46993697988,179509.2478755552,430651.3898724505,452611.4267150685,169537.5245358114,444143.255090566
298,7383,162991.94655596837,195685.94415242953,437294.25917723856,466900.47071836144,179863.4941652562,454208.5011964772
299,5412,122632.69333840784,148495.9447890407,422289.0321284738,485532.4865000006,137434.60532419244,461163.2752066512
300,12053,148589.0407576427,187315.86372796993,462646.74426513916,494911.93443071324,168816.58155260098,477770.7275485436
301,9382,201158.9979202593,237406.67998156563,450271.11151263746,476136.5107477371,214242.19835371024,464763.811848528
302,12576,207137.51489332895,225667.07880425634,465370.8705075578,485632.07976620283,211802.9139526253,470474.66477950604
305,9118,205205.71227779207,219343.59685190726,350358.3255043088,360316.63058591314,210539.94771756296,357450.2401299096
306,8823,199839.50165662204,220731.36468690005,356352.7524500082,366999.0521567614,211120.436065934,360960.8232791923
307,16038,145652.53006681148,192255.4057715396,356217.0503127338,384244.9863640101,174313.17596745165,374074.0838230015
308,16166,187032.50640831992,211970.11579923678,365294.1757833331,394443.41831538535,197182.98639708775,373874.87007032125
309,11041,174228.84620155292,210394.23148392182,319042.7048716606,351260.4346387577,187552.70599999977,332266.39941463654
310,9189,216925.9406999997,259006.2247665855,301032.403560307,329181.97784521745,235023.64803527005,313271.8837329666
311,10586,153214.59380190246,206106.07750231662,343321.20511415636,368193.4967510392,189944.22670421874,357455.1521950377
312,7989,199631.36545830098,232364.22796124348,335820.0449332007,392109.6737448551,213358.32896009792,369545.526000697
313,5046,224869.01295215276,255752.640675994,337089.7966672629,379066.30471293745,238226.60722528544,355337.9633826377
314,4016,248141.1695207308,281294.11895000003,357840.51383834635,384109.29819999915,260405.03490572725,373715.60901380575
315,4579,233096.16078652593,259743.62599865557,319373.89200349513,360160.46758467786,248670.36916828598,340293.06258824887
316,5412,207739.23994999984,235914.13244052083,318492.2886826236,352420.38520000037,224971.3683926678,333912.03727149055
317,5346,190834.23318430604,225757.32001312578,301402.26033746806,327444.53385077603,211835.80777873233,311087.7336105687
318,8731,148694.4918999998,179471.9636441717,300778.2331634383,330782.72932116024,167895.83381777414,315797.6444037049
319,8466,132509.7106212632,185008.15263578307,330399.97832481354,357957.13427808945,172368.8207364111,345786.2141323531
324,10103,140709.8410803195,150400.35160820285,239618.2954500001,249808.82857498864,145207.33517696682,245446.85723809787
325,11190,246295.1376456148,273593.1866216038,212819.28694999963,256731.01532406168,260868.328055701,240535.71527530043
326,11791,217050.49277703738,255514.39915789143,249145.07131877047,288048.28544696956,244645.5541875077,261655.8633306682
327,10174,157162.54647722485,190854.95386570855,252708.3693316755,279485.4702205707,174283.51265863152,267984.4947038354
328,10360,248239.3461710472,271689.2599875103,255466.30635534006,287441.88605806034,262830.6416711815,262726.5851534632
329,5808,188040.93775999342,209097.9395797446,281145.976165122,316236.9717661499,198685.87175744824,301625.5094398593
330,5039,208917.14886510847,237020.6742371869,276331.3778398753,303736.2463164128,223310.01064492713,295820.3708206543
331,3311,233546.64945220467,256736.28176442476,280334.9918876572,307258.5680882584,242264.5190710739,291238.186754747
332,7757,208855.45375000034,247548.1968977256,202787.36641626788,247863.17712919653,226588.454866733,222841.5886516404
333,5097,198987.63697306748,238192.55560247076,226916.68318815157,264370.9197682429,213893.04905000003,245521.90009433537
334,5932,185448.11346459427,216738.3643809841,248262.78085055173,288575.8402833538,199017.25158313065,270227.45044448593
335,5651,181931.63175825545,204098.17931441806,204354.14674999937,253311.9683690844,193432.16834876043,230692.36563582608
336,5081,170107.1121618236,188731.7070875226,205771.9289145865,241722.06971060246,178893.34144744356,226891.0040004902
337,9413,132089.33468780827,175543.383581041,189757.38411489179,240825.9706306011,156511.50579343847,220002.69367802926
338,8329,142115.62066421757,186602.6392234107,229676.37311893541,261041.84433268715,162879.90650000004,241819.6518345103
339,7524,131614.0880466362,158700.31222875544,243350.75555103988,285146.4601769798,150960.62757193076,260240.51526855142
340,5138,142932.60113972556,169946.35001341102,264570.61716669693,292641.75203067774,157117.74484158703,277640.73042277904
341,5450,136560.4853349715,165892.6264045364,285355.7488859842,314854.15386934,152259.66022915312,298089.050714366
342,6631,162427.6049777198,192879.8675834181,288680.2050848658,318973.60701729124,180046.86544805445,299782.7770114374
343,3022,165751.40194114513,195114.39323834275,188539.85790000018,205380.2246899492,176728.07617865008,193163.1170439232
344,4420,117352.85501471971,142959.70719596883,196489.13241091336,221290.54353178374,132267.3653395605,209031.3276592006
345,2769,101867.46354602312,142715.64294540204,218040.8625446295,282882.5737850741,121602.79820874537,251878.21483686002
350,9818,405684.06927651673,432506.03642634634,363387.0517935067,390564.4593998517,416333.7783703441,379475.2400819112
351,9754,208844.138451805,419414.7272858849,382177.34122949315,513739.24362504424,412395.78389818995,389799.43263569917
352,16902,378805.9149088028,427489.353516179,340917.6431472885,388268.55282117723,400780.9199845682,363031.6880417903
353,9181,280936.36417091324,317211.4368671934,362157.20184429444,406381.8092295022,301307.0548424431,392436.5118179425
354,12239,328200.17641427944,378790.0001612132,412682.0771219756,469178.1016290259,354060.56387350266,442376.5836245563
355,13348,302213.91650308185,340623.37541269953,386455.3636884123,418047.30027729046,323281.78766197024,394890.6589058265
356,5875,328249.0812244853,355242.2979510754,457049.07802341715,496125.77681834996,343896.9945137482,470742.4268239032
357,7742,354256.935292645,392768.13714183355,362297.36286386586,399239.4965643146,374525.102320266,377673.1497883458
358,9153,271492.607643272,319964.23297136603,405505.70129328687,451216.92063739424,303187.3725673312,425398.3408630807
359,7755,278754.1222431776,321679.9045209283,436846.7418500008,475009.17058260716,305955.1885542529,449585.92739832797
360,10485,354441.76463685266,376879.7092994469,347123.96045667824,377862.0031499993,362278.91614999995,360822.89032208314
361,3810,327792.40486509935,370446.82988229376,381525.37959946715,414383.3541961248,344443.3464345515,399241.2899308689
362,6420,316203.2556214017,370381.0760440123,401646.2582814859,437583.684151928,347826.19124019705,418560.5732934399
363,3764,367481.8535536351,402240.0623598554,399290.8062050324,445039.3646327679,383632.6023375557,419945.7149905744
364,2757,377852.98876276566,404922.6144803534,435085.40078795515,477665.74779044767,390335.6573429898,453766.55484726705
365,4915,392618.40752547,419463.19955,410343.2979651067,453712.94741100445,413262.92632652255,429735.4296539667
366,4068,340172.6305483681,385016.0589147124,331642.99520850746,362110.1357733457,357588.74839695427,341692.9035384329
367,3630,306057.1354913427,333306.2249784526,336320.3768670439,361771.24312732986,317609.8957783794,349689.10551908513
368,5729,295557.60400205344,325988.64608179877,354763.6370272252,384021.060059606,315434.0661460055,369916.6713959623
369,7482,317144.9477401146,347130.3218806475,367378.88491946587,393012.2711050848,327402.58257343795,379654.5243926425
370,6478,312941.6927267385,342188.8166,431816.4559993186,472697.3501548801,328882.284480786,449946.3458922379
371,4048,346335.7792592308,392164.22373498033,463422.5334664603,500285.9791857675,366315.4492271126,480194.38148925325
372,5573,385818.26327771717,421244.1397179487,452215.9716456776,507729.7869516765,413454.3125832894,484643.16757189727
373,335,536419.2389650242,546249.9883073207,546912.1944911045,557037.8459532212,541313.6150727454,551316.7799404429
381,14064,280904.4440396737,323336.0666455508,275869.8448000001,305561.4681075688,300963.2504014849,287917.999349144
383,4129,319061.34256117,340518.1645272069,241198.9093865506,264548.3358056336,329639.8573547709,252549.55502591393
384,8702,280762.4925013147,306620.756316389,258787.1643551889,284999.0609306498,297784.47754965635,272027.71017779
385,19622,354935.7204315931,383363.9499221198,285449.5369762806,312113.0801599609,367231.05901684426,295127.8507227287
386,7588,343199.852518766,383168.0451188092,307743.1215919971,336525.9674128373,359023.5295746321,322379.3878036911
387,6795,334902.0375560898,360121.6537109085,235480.19308645674,271884.92248665646,349595.79134451365,255275.32357271493
388,12475,371343.52010346006,399945.75815119105,299669.62673077156,327509.3553532877,386675.7811801501,310479.2614477639
389,4649,299552.21589394717,329970.2722499999,296368.222466949,325024.62090347015,315752.0727315466,308351.4105466175
390,6122,316258.69786316867,343046.2151758268,287622.7247979153,311535.2583187236,329771.1707253713,301519.391389437
391,7346,322855.5566691004,349987.0774505269,309781.08711290645,339788.1831,334892.0138426096,323668.51334933634
392,5464,301955.6715696516,335488.0661410206,256719.43050000072,282278.28103648056,321144.09624893585,267716.1409551677
393,3072,274541.7393613793,297117.73122042126,234763.02167741134,261488.1821886354,284118.4403164679,248881.16911522712
394,5768,255545.17717826305,284585.58319021657,260976.20011287066,299435.2707755021,274537.49860423635,275194.5171944085
395,5835,265555.24012876913,299358.3217528487,291766.4272800926,331241.39093681145,281869.5004972293,308198.63634478743
396,5386,256681.07023214485,278610.7494905065,307203.63790000044,350491.7918316062,267116.61572084023,327527.5886628473
397,6141,263998.28326800215,297134.36133435916,324920.5920167067,367748.38250722224,283092.632149357,344414.86122267507
398,6501,287231.49587349367,324180.2338303447,309139.3976999996,355616.1010760052,304675.78371673025,330401.66216155945
405,20293,122036.69876209533,191902.90183603414,75785.33996927593,107881.24807892466,154069.36414988944,99098.68444582357
406,16794,122618.82742986361,194044.63335922002,67603.10955000017,98776.35621890832,159994.60379202792,75983.67706725044
413,11984,212569.80329049745,236754.50129482851,423394.08043887455,459404.5393502796,224028.09548977643,435482.36191771884
414,6577,342223.21209329634,359186.0262000002,292497.7146473404,311751.84893081395,349794.3598663149,299745.31345233263
415,3577,344882.5266006798,358760.1241444771,285640.7523587936,295675.97383860906,353375.524520866,291746.7517403973
416,4919,323540.32819369296,349086.94172645384,274572.55568540865,292927.32418826025,341967.4061327125,285098.6332281479
417,2645,335199.44276118174,347925.51187610615,289102.0974390801,298146.80856686994,341235.4722632049,294162.63854546053
418,9042,350067.7580688307,367990.33229689614,277725.49600685434,288055.79035759624,355572.06630078686,284243.18547089235
