a_LINK_ID,b_LINK_ID,a_T_NODE,theta,nx,ny,target
1020010801,1020009601,1020003102,90.07484589851656,199470.4703399968,548327.6838576006,서울 이태원동
1020035801,1020037301,1020021402,105.51020540594828,199619.05127234408,548167.5828231969,서울 이태원동
1020008701,1020009502,1020020004,96.30426160458013,199555.97672880304,548008.4305900375,서울 이태원동
1020045505,1020041800,1020026204,103.27117176386355,199582.45405571064,548535.9637676614,서울 이태원동
1020007603,1020035001,1020018104,92.68694129691093,199708.98794235956,547885.1462826917,서울 이태원동
1020032201,1020007203,1020016601,90.27823730385342,199244.19460000927,547772.9720998771,서울 이태원동
1020035000,1020007602,1020018104,126.40149250933436,199708.98794235956,547885.1462826917,서울 이태원동
1020039802,1020011202,1020024202,96.66038289494159,199617.51641549767,548340.3100889724,서울 이태원동
1020035102,1020035802,1020019601,101.19791470974451,199709.1155602387,547996.7207453378,서울 이태원동
1020009604,1020011201,1020003102,97.90675810704182,199470.4703399968,548327.6838576006,서울 이태원동
1020011204,1020010006,1020025302,92.96353192629586,199896.42006282997,548416.4219853985,서울 이태원동
1020011203,1020039801,1020024202,100.165781085928,199617.51641549767,548340.3100889724,서울 이태원동
1020037300,1020035800,1020021402,107.15591779610862,199619.05127234408,548167.5828231969,서울 이태원동
1020009501,1020010801,1020003103,90.09855332700751,199458.39642700285,548326.658323471,서울 이태원동
1020041802,1020011101,1020024204,105.25107231355561,199601.98877727424,548351.0723837436,서울 이태원동
1020009906,1020011204,1020025303,94.7828584974219,199887.426720792,548407.9641088456,서울 이태원동
1020045601,1020044201,1020026201,98.25162176798406,199593.12859376462,548542.6488550847,서울 이태원동
1020011104,1020041801,1020024204,101.80503717513777,199601.98877727424,548351.0723837436,서울 이태원동
1020044201,1020045501,1020026204,94.41176925899406,199582.45405571064,548535.9637676614,서울 이태원동
1020052500,1020013601,1020025302,120.31492795743297,199896.42006282997,548416.4219853985,서울 이태원동
1020010004,1020013601,1020025302,100.6280448801689,199896.42006282997,548416.4219853985,서울 이태원동
1020009502,1020008801,1020020003,104.88569783592223,199561.68265970112,547996.5980092945,서울 이태원동
1020007202,1020032200,1020016601,157.53210382867834,199244.19460000927,547772.9720998771,서울 이태원동
1020009503,1020008700,1020020004,107.70417617696944,199555.97672880304,548008.4305900375,서울 이태원동
1020035701,1020039701,1020021404,104.35260727532877,199603.61136442612,548179.8255414248,서울 이태원동
1020035702,1020035102,1020019602,100.03093526615456,199712.6705659948,547985.2401972017,서울 이태원동
1020035101,1020007603,1020018101,101.81726748006932,199721.12409937897,547875.5680370507,서울 이태원동
1320029301,1300009603,1300002806,90.00002337317589,385879.3996378565,281393.1730656103,부산 초량동
1320005100,1320005900,1320002401,119.86898171208756,385782.2467476291,282068.4882522799,부산 초량동
1300009102,1300010900,1300003204,120.88629066139625,385378.0515675782,281481.6751852582,부산 초량동
1320029102,1320029700,1320010001,91.110224286062,385950.29430190724,281560.1025679673,부산 초량동
1300009301,1320031901,1300003504,114.4030210701233,385346.52654142847,281754.9221366312,부산 초량동
1300009401,1300011101,1300003502,115.0609977484458,385344.47305141966,281734.0441722664,부산 초량동
1320004701,1320005101,1320002401,129.7497846413803,385782.2467476291,282068.4882522799,부산 초량동
1320031501,1300010101,1300003103,110.14862359873882,385604.953400819,281419.1013600606,부산 초량동
1300012100,1300013801,1320000113,106.87651736687387,385814.6924297729,281413.85440051777,부산 초량동
1320004501,1320004901,1320002201,90.94648962763836,385851.6543283125,282043.9478517102,부산 초량동
1320031405,1320004000,1320002103,150.7776146458966,385798.30762644764,281908.00766046986,부산 초량동
1320029000,1320029300,1320010003,90.23361563148876,385935.00068957417,281552.5178832497,부산 초량동
1300010602,1320031400,1300003101,109.17287326572033,385621.4752888693,281432.21715900913,부산 초량동
1320005401,1320005201,1320002203,91.35433679026751,385836.0787766933,282036.09387214994,부산 초량동
1320004600,1320004700,1320002101,147.1830836338837,385802.2490447948,281947.62561343267,부산 초량동
1320029802,1320029002,1320010003,90.66470924960073,385935.00068957417,281552.5178832497,부산 초량동
1320029402,1320029101,1320010001,90.67487749277012,385950.29430190724,281560.1025679673,부산 초량동
1300009603,1320029401,1300002805,90.00002544161565,385890.66460712336,281389.0335524132,부산 초량동
1300010001,1300008701,1300002902,104.80940501215079,385488.99372195423,281414.1780367895,부산 초량동
1320028800,1320029800,1320009803,90.92068704982175,385985.54333297565,281700.5309713307,부산 초량동
1320000107,1300012101,1320000113,101.69862063814138,385814.6924297729,281413.85440051777,부산 초량동
1300013501,1300013601,1300004103,91.41028775360459,385781.92587122845,281257.18863037316,부산 초량동
1300009801,1300008802,1300002904,114.49059082628281,385477.10202755086,281431.902699376,부산 초량동
1320000203,1320029000,1320000104,90.141169924909,385879.0624751468,281571.6032714433,부산 초량동
1320004904,1320005300,1320002201,91.3734691895264,385851.6543283125,282043.9478517102,부산 초량동
1320028700,1320000202,1320000107,90.77339074189402,385932.744943526,281730.2211532144,부산 초량동
1320031604,1320004800,1320002403,146.32094877896012,385772.25845769607,282041.4863893738,부산 초량동
1320003901,1320004601,1320002101,143.98379597939288,385802.2490447948,281947.62561343267,부산 초량동
1320029401,1300009503,1300002804,90.18262515173113,385899.2767447417,281412.4700276787,부산 초량동
1320029701,1320029501,1320009801,90.5757431114888,386000.84433804237,281708.0662520392,부산 초량동
1320029700,1320029600,1320009802,90.2233906218164,385996.92394934717,281696.72465940006,부산 초량동
1320004700,1320004701,1320002402,104.36842817873327,385777.1488219277,282054.97298832436,부산 초량동
1320004700,1320005200,1320002402,168.5342702814902,385777.1488219277,282054.97298832436,부산 초량동
1320003500,1320031400,1300003101,131.08934527951897,385621.4752888693,281432.21715900913,부산 초량동
1300013901,1300009601,1320000112,94.43692934882951,385825.87477642845,281412.84175215417,부산 초량동
1320031402,1300010601,1300003101,108.7241506167773,385621.4752888693,281432.21715900913,부산 초량동
1320031701,1300011401,1300003008,96.96293467383562,385534.0823565062,281492.209633193,부산 초량동
1320005002,1320000300,1320000303,90.20722195859787,386018.3951286991,281958.63220740133,부산 초량동
1300009105,1300009104,1300002704,106.83749475386293,385374.8492999999,281494.19030000083,부산 초량동
1320005200,1320004600,1320002203,93.02769143245408,385836.0787766933,282036.09387214994,부산 초량동
1300011100,1300009400,1300003502,114.6954973372405,385344.47305141966,281734.0441722664,부산 초량동
1320004801,1320031401,1320002103,149.7785095695228,385798.30762644764,281908.00766046986,부산 초량동
1320029300,1300009502,1300002807,90.92151434150739,385887.9985992416,281416.57362240576,부산 초량동
1320004502,1320005000,1320002202,92.2700372881654,385846.6960415459,282032.03267988964,부산 초량동
1300010200,1300012200,1300003002,90.85035057820099,385546.69399014936,281430.10439484904,부산 초량동
1300013902,1300009504,1320000111,93.4595046703756,385833.3268586382,281436.4661341765,부산 초량동
1300008702,1300009700,1300002902,90.36699659893591,385488.99372195423,281414.1780367895,부산 초량동
1300009201,1300011400,1300002703,98.32926202261216,385386.08545925026,281495.27122555923,부산 초량동
1300012202,1300011301,1300003006,102.77965789196654,385549.8283168632,281500.51867834653,부산 초량동
1320029501,1320029801,1320009804,90.5685352724885,385989.2364370221,281711.94856145553,부산 초량동
1300009104,1300009204,1300002703,90.48148530500367,385386.08545925026,281495.27122555923,부산 초량동
1300011001,1300009203,1300003202,97.48211897557297,385388.6402065829,281465.03357472684,부산 초량동
1300009103,1300011001,1300003203,90.6039669559931,385374.32436775044,281469.1196267689,부산 초량동
1300009901,1300009103,1300003204,90.66224164745053,385378.0515675782,281481.6751852582,부산 초량동
1840192701,1850051101,1840012003,99.03032156171335,234834.25535468906,413913.8477322915,대전 변동
1850052401,1850051701,1850018202,108.15257994579075,234737.20004450507,414228.38757399557,대전 변동
1850053901,1850054101,1850018504,98.76145987741535,234845.85281674992,414447.16722996865,대전 변동
1840192201,1840192401,1840012001,98.88818979587064,234851.77318829394,413919.7044086822,대전 변동
1850052501,1850052201,1850018204,105.57824349124282,234731.2698253914,414247.43832756777,대전 변동
1840193101,1850053401,1840014503,97.04190706841196,235091.81132512033,414396.6690849117,대전 변동
1840192601,1840192801,1840014501,98.34205038087265,235109.27218359496,414402.12967906904,대전 변동
1850054000,1850053400,1850018703,95.08248040688805,234880.46194925962,414502.35394801537,대전 변동
1850053500,1850054600,1850018702,127.55423518485682,234890.8587928403,414510.57208502904,대전 변동
1850054804,1850054200,1850018705,121.05142339766635,234866.99186638516,414513.1232820224,대전 변동
1850054201,1850054401,1850018604,143.51979696842685,234736.440301589,414487.9752366892,대전 변동
1850053900,1850054300,1850018602,143.51855850365678,234774.4653496523,414483.0779321214,대전 변동
1850054001,1850053501,1850018702,110.12475320432189,234890.8587928403,414510.57208502904,대전 변동
1850051602,1850051400,1850018004,119.69760986963061,234611.77451942037,414005.9746322528,대전 변동
1850053801,1850052301,1850018502,100.01722067961646,234853.04139663736,414430.0393359626,대전 변동
1840192803,1840193000,1840014501,103.16389955298217,235109.27218359496,414402.12967906904,대전 변동
1850054801,1850054302,1850018704,96.13784491561165,234866.99563394228,414500.9016177053,대전 변동
1850054300,1850054100,1850018704,122.38118262260102,234866.99563394228,414500.9016177053,대전 변동
1850051501,1850049501,1850018002,99.17404552598856,234622.40281252455,413989.38807262515,대전 변동
1850053400,1840192700,1840014503,95.14238240538468,235091.81132512033,414396.6690849117,대전 변동
1850052200,1850052500,1850018204,91.91179022104652,234731.2698253914,414247.43832756777,대전 변동
1850051100,1840192300,1840012003,99.40194220048323,234834.25535468906,413913.8477322915,대전 변동
1850051001,1850051601,1850018004,106.59434139759355,234611.77451942037,414005.9746322528,대전 변동
1850051507,1850049400,1850018003,94.4376028460705,234611.05852896287,413993.40960855724,대전 변동
1840192404,1840192600,1840012001,98.53682171165116,234851.77318829394,413919.7044086822,대전 변동
1850054100,1850053900,1850018504,95.50260992792577,234845.85281674992,414447.16722996865,대전 변동
1850054301,1850053902,1850018602,143.51884816608364,234774.4653496523,414483.0779321214,대전 변동
2840073101,2840073301,2840053304,90.35102572724648,243004.72421332687,450870.89182524214,청주 내덕동
2840088900,2840000100,2840053201,90.32803045814161,243011.76803541445,451488.7386725673,청주 내덕동
2840014203,2840092100,2840056904,90.45813357651217,243202.58117309088,451626.7439572394,청주 내덕동
2840072400,2840073000,2840053302,91.34376014011077,243021.5657859671,450867.57382595784,청주 내덕동
2840085001,2840086201,2840051101,110.18365002955592,242872.67607839638,451456.4276887501,청주 내덕동
2840080103,2840080600,2840049501,100.91759930170693,242729.36445197352,451280.7762649968,청주 내덕동
2840082900,2840083400,2840049001,91.68785756646336,242688.18678219678,451340.9164130777,청주 내덕동
2840083300,2840083600,2840050701,94.37871816807366,242815.5776436125,451344.930013858,청주 내덕동
2840080701,2840080001,2840049503,95.91335912990175,242726.1945557701,451263.3008133987,청주 내덕동
2840083601,2840085102,2840050101,91.92070026335169,242776.83212212048,451406.01373802224,청주 내덕동
2840076402,2840079600,2840062902,94.50731190697397,243631.39302817572,451220.0889742,청주 내덕동
2840086300,2840083300,2840052203,109.64541002510948,242910.9293717574,451415.54383107316,청주 내덕동
2840085702,2840082801,2840050103,91.18315085272268,242774.2414017857,451388.92942778574,청주 내덕동
2840080101,2840080701,2840049504,93.7101166256494,242719.11660834606,451275.8347384327,청주 내덕동
2840014400,2840088900,2840055404,91.3332365221368,243111.4952873035,451561.0017915206,청주 내덕동
2840088500,2840085100,2840051103,110.18354823123803,242850.9387191679,451456.67188093223,청주 내덕동
2840086101,2840086301,2840052203,109.21496561470684,242910.9293717574,451415.54383107316,청주 내덕동
2840079801,2840081901,2840062401,90.13210891725201,243605.9278738435,451318.72871232714,청주 내덕동
2840081801,2840079801,2840062402,90.1026460193364,243609.20892475746,451306.10101036157,청주 내덕동
2840082800,2840083700,2840050103,94.12902773840199,242774.2414017857,451388.92942778574,청주 내덕동
2840079800,2840081800,2840062402,93.14285110997919,243609.20892475746,451306.10101036157,청주 내덕동
2840097701,2840097402,2840058104,130.07973658770277,243251.72241388488,451662.521862577,청주 내덕동
2840095601,2840097501,2840058102,90.05495551999647,243281.63770409068,451669.24228725693,청주 내덕동
2840097500,2840097600,2840058102,132.14684985855348,243281.63770409068,451669.24228725693,청주 내덕동
2840083201,2840076802,2840052201,108.44882120610968,242932.2688536114,451415.80066255666,청주 내덕동
2840085101,2840088501,2840051103,110.18357234620845,242850.9387191679,451456.67188093223,청주 내덕동
2840073201,2840079100,2840049501,94.67960194917535,242729.36445197352,451280.7762649968,청주 내덕동
2840079001,2840073300,2840049503,90.12537566892368,242726.1945557701,451263.3008133987,청주 내덕동
2840076810,2840086000,2840052201,108.02383588778024,242932.2688536114,451415.80066255666,청주 내덕동
2840014803,2840069700,2840054003,90.56976568029295,243039.47392101996,450823.2249343341,청주 내덕동
2840073301,2840073001,2840053303,90.47650534968862,243012.0937734684,450860.64277071453,청주 내덕동
