관리번호,시군구명,시군구코드,우편번호,주소,연락처,위도,경도,위치,교차로수,대표이미지,기준일자,기타,CCTV수
3680000_CCTV_00019,대덕구,3680000,34309,대전광역시 대덕구 신탄진북로 33,042-608-5283,36.45121274,127.434912,"[1828197.2693,994246.9304],[1828328.1493,994147.2662],[1828035.1791,994211.6740]",3,19,20-08-31,,1
3680000_CCTV_00020,대덕구,3680000,34305,대전광역시 대덕구 대덕대로 1591,042-608-5283,36.45050677,127.4245164,"[1828109.5279,993336.5531],[1828239.7033,993187.8689],[1828055.0119,993041.9357]",3,20,20-08-31,,1
3680000_CCTV_00021,대덕구,3680000,34407,대전광역시 대덕구 계족산로81번길,042-608-5283,36.36405798,127.4434347,"[1818853.4728,994275.1196],[1818649.7803,994495.3619]",4,21,20-08-31,,1
3680000_CCTV_00024,대덕구,3680000,34395,대전광역시 대덕구 중리남로 39,042-608-5283,36.36070803,127.4274066,"[1818159.2251,993327.7266],[1818185.0986,993625.4783]",4,24,20-08-31,"중리남로 40번길, 한밭대로 115번길 흰색선",1
3680000_CCTV_00026,대덕구,3680000,34437,대전광역시 대덕구 한밭대로1024번길 20,042-608-5283,36.35743098,127.4124086,"[1817815.1521,991963.1142],[1817603.6524,992175.8654]",3,26,20-08-31,한밭대로 994번길 흰색선,1
3680000_CCTV_00027,대덕구,3680000,34304,대전광역시 대덕구 대덕대로 1555,042-608-5283,36.45094809,127.4220296,"[1828062.5440,992733.7991],[1827819.8719,992880.3306]",4,27,20-09-16,카메라 방향 애매,1
3680000_CCTV_00028,대덕구,3680000,34441,대전광역시 대덕구 오정로75번길 1,042-608-5283,36.35281313,127.409771,"[1817407.9699,991791.5333],[1817198.2371,992006.0348],[1817257.2411,991755.4546]",5,28,20-08-31,오정로 75방향길 한쪽은 흰선,1
3670000_CCTV_00183,유성구,3670000,34199,대전광역시 유성구 상대동 467-18(상대초),042-609-2852,36.34619849,127.3401062,"[1816797.1075,985098.9677],[1816647.1075,985248.9677],[1816797.1075,985398.9677]",3,183,20-09-16,,1
3670000_CCTV_00184,유성구,3670000,34195,대전광역시 유성구 원신흥동 598(홍도초),042-609-2852,36.33407887,127.3401497,"[1815289.1857,985326.3806],[1815139.1857,985476.3806],[1815289.1857,985626.3806],[1815439.1857,985476.3806]",4,184,20-09-16,,1
3670000_CCTV_00185,유성구,3670000,34194,대전광역시 유성구 원신흥동 578-6(라도무스아트센터),042-609-2852,36.33295882,127.3339783,"[1815007.3949,984855.1372],[1814857.3949,985005.1372],[1815157.3949,985005.1372],[1815007.3949,985155.1372]",4,185,20-09-16,,1
3670000_CCTV_00186,유성구,3670000,34052,대전광역시 유성구 전민로 42(문지초),042-609-2852,36.39652804,127.4004501,"[1822110.5784,990910.3281],[1821960.5784,991060.3281],[1822110.5784,991210.3281],[1822260.5784,991060.3281]",4,186,20-09-16,문지 초 중 사이 도로 흰색선인대 카메라가 찍고 있음,1
3670000_CCTV_00187,유성구,3670000,34050,대전광역시 유성구 문지로 300(문지효성해링턴플레이스),042-609-2852,36.39422252,127.4091231,"[1821641.3753,991651.7692],[1821791.3753,991501.7692],[1821941.3753,991651.7692]",3,187,20-09-16,,1
3670000_CCTV_00188,유성구,3670000,34202,대전광역시 유성구 복용동 175-3(오토월드 앞 대로),042-609-2852,36.34010204,127.3193341,"[1815787.2678,983745.0249],[1816050.8855,983887.8048]",1,188,20-09-16,,1
3670000_CCTV_00189,유성구,3670000,34202,대전광역시 유성구 복용동 175-3(오토월드 앞 대로 맞은편),042-609-2852,36.34010204,127.3193341,"[1815793.9091,983731.7813],[1816057.7964,983873.8184]",1,189,20-09-16,,1
3670000_CCTV_00190,유성구,3670000,34202,대전광역시 유성구 복용동 504-1(디오토몰 정문),042-609-2852,36.33788834,127.3186257,"[1815634.8470,983686.6315],[1815570.5155,983909.2879]",1,190,20-09-16,,1
3670000_CCTV_00191,유성구,3670000,34125,대전광역시 유성구 도룡동 4-25(MBC 주변),042-609-2852,36.37656202,127.3930248,"[1819758.1494,990701.3366],[1819907.9973,990558.0903],[1819970.0867,990708.0903]",3,191,20-09-16,,1
3670000_CCTV_00192,유성구,3670000,34016,대전광역시 유성구 관평동 1343(메종드세이),042-609-2852,36.42928976,127.3873168,"[1825836.8229,990002.5335],[1825627.8883,990080.2575]",2,192,20-09-16,,1
3670000_CCTV_00193,유성구,3670000,34185,대전광역시 유성구 봉명동 637(파스구찌 앞),042-609-2852,36.3569954,127.3454165,"[1817779.7939,985923.1964],[1817900.3970,986076.7593],[1817723.9422,986200.0376]",3,193,20-09-16,,1
3670000_CCTV_00194,유성구,3670000,34185,대전광역시 유성구 봉명동 639(불이야 봉명점 앞),042-609-2852,36.35898128,127.3462964,"[1818001.2864,985996.6292],[1817833.8031,986070.0325],[1817954.1811,986243.2092]",3,194,20-09-16,,1
3670000_CCTV_00195,유성구,3670000,34185,대전광역시 유성구 봉명동 638(뉴욕공인중개사 주변),042-609-2852,36.35780454,127.3469789,"[1817972.4280,986147.0228],[1817796.6730,986264.3987],[1817917.0905,986441.8666]",3,195,20-09-16,,1
3670000_CCTV_00196,유성구,3670000,34184,대전광역시 유성구 봉명동 661(유성지구대),042-609-2852,36.35873808,127.349921,"[1817927.6868,986383.7055],[1817753.5420,986502.1412],[1817874.6519,986678.9788]",3,196,20-09-16,,1
3670000_CCTV_00199,유성구,3670000,34030,대전광역시 유성구 용산동 672(현대아울렛 정문),042-609-2852,36.41955895,127.3959062,"[1825042.4905,990660.9922],[1824911.7637,990930.9386]",1,199,20-09-16,,1
3670000_CCTV_00198,유성구,3670000,34030,대전광역시 유성구 용산동 604(현대아울렛 삼거리),042-609-2852,36.42460315,127.4025901,"[1825091.2466,991090.1362],[1824930.3799,991003.8821],[1824926.8205,991203.7476]",3,198,20-09-16,,1
3670000_CCTV_00197,유성구,3670000,34030,대전광역시 유성구 용산동 604(현대아울렛 후문),042-609-2852,36.42460315,127.4025901,"[1825315.2749,990817.4957],[1825163.6165,991075.7729]",1,197,20-09-16,,1
3670000_CCTV_00182,유성구,3670000,34121,대전광역시 유성구 도룡동 410(대덕초 앞),042-609-2852,36.38376607,127.3802914,"[1820877.1489,989265.3081],[1820920.1339,989115.3081],[1820924.9100,989289.5867],[1821070.1339,989265.3081]",4,182,20-09-16,,1
3670000_CCTV_00200,유성구,3670000,34219,대전광역시 유성구 대정동 318(유통네거리),042-609-2852,36.315882,127.3202632,"[1813100.5805,983837.3770],[1813192.5587,983699.0532],[1813250.5805,983987.3770],[1813400.5805,983837.3770]",4,200,20-09-16,,1
3680000_CCTV_00002,대덕구,3680000,34438,대전광역시 대덕구 한밭대로 990,042-608-5283,36.35738421,127.4087076,"[1817744.6308,991624.5382],[1817839.7964,991909.0440]",1,2,20-08-31,,1
3680000_CCTV_00003,대덕구,3680000,34438,대전광역시 대덕구 한밭대로 972,042-608-5283,36.35686867,127.4065542,"[1817710.5732,991538.2943],[1817782.7580,991750.0997]",1,3,20-08-31,,1
3680000_CCTV_00004,대덕구,3680000,34401,대전광역시 대덕구 동춘당로94번길 11,042-608-5283,36.36570605,127.4398567,"[1818755.5735,994479.6060],[1818557.6966,994705.0937],[1818766.5539,994694.4177],[1818549.4364,994487.4287]",4,4,20-08-31,,1
3680000_CCTV_00005,대덕구,3680000,34398,대전광역시 대덕구 동춘당로 178,042-608-5283,36.36970203,127.4313173,"[1818879.7498,993735.7780],[1818945.4854,994028.4874]",1,5,20-08-31,계족산로 17번길 흰색선,1
3680000_CCTV_00006,대덕구,3680000,34311,대전광역시 대덕구 신탄진로 808,042-608-5283,36.4496015,127.4294573,"[1827855.1528,993679.6436],[1828149.3861,993621.1050]",1,6,20-08-31,,1
3680000_CCTV_00007,대덕구,3680000,34318,대전광역시 대덕구 대덕대로 1596,042-608-5283,36.45021638,127.4250712,"[1828065.6225,993139.3034],[1828121.7935,993433.9979]",1,7,20-08-31,,1
3680000_CCTV_00008,대덕구,3680000,34304,대전광역시 대덕구 대덕대로 1585,042-608-5283,36.45171159,127.4229969,"[1828143.5999,993180.6697],[1828443.5999,993180.6697],[1828261.8369,993034.0712]",3,8,20-08-31,,1
3680000_CCTV_00009,대덕구,3680000,34306,대전광역시 대덕구 신탄진로 830,042-608-5283,36.45171879,127.429099,"[1828057.6008,993646.8928],[1828354.3964,993616.0534]",1,9,20-08-31,,1
3680000_CCTV_00010,대덕구,3680000,34431,대전광역시 대덕구 한남로38번길 3,042-608-5283,36.35115404,127.423918,"[1817121.3033,993020.9766],[1817080.4977,993313.0573],[1816932.6342,993195.5123]",3,10,20-08-31,,1
3680000_CCTV_00011,대덕구,3680000,34438,대전광역시 대덕구 오정로120번길,042-608-5283,36.35580798,127.4061703,"[1817694.4547,991520.5703],[1817504.0125,991711.9646]",3,11,20-08-31,오정로 120번길 흰샌선,1
3680000_CCTV_00013,대덕구,3680000,34443,대전광역시 대덕구 대전로 1045,042-608-5283,36.34774084,127.4159028,"[1816630.0688,992586.4058],[1816842.8220,992374.8967]",5,13,20-08-31,,1
3680000_CCTV_00016,대덕구,3680000,34417,대전광역시 대덕구 비래동로 1,042-608-5283,36.35733854,127.4635988,"[1817469.2595,995299.0245],[1817424.5545,995587.5956],[1817333.7445,995401.0927],[1817549.8165,995499.3859]",4,16,20-08-31,,1
3680000_CCTV_00018,대덕구,3680000,34422,대전광역시 대덕구 계족산로 2,042-608-5283,36.3613046,127.4320395,"[1818093.7500,993954.4541],[1818273.7202,994066.7516],[1818210.9106,993773.4425]",3,18,20-08-31,전자랜드 방향 한쪽은 노란색선 한쪽은 주차선,1
3680000_CCTV_00012,대덕구,3680000,34419,대전광역시 대덕구 비래서로 8,042-608-5283,36.35526439,127.4454347,"[1817580.0117,995063.6000],[1817487.0439,995262.9915],[1817686.5800,995189.9988]",4,12,20-08-31,비래서로 10번길 흰색선,1
3680000_CCTV_00017,대덕구,3680000,34320,대전광역시 대덕구 덕암북로 37,042-608-5283,36.44636624,127.4224143,"[1827815.3219,992897.9218],[1827736.2829,993147.6124],[1827582.6553,993075.8168]",3,17,20-08-31,,1
3680000_CCTV_00025,대덕구,3680000,34395,대전광역시 대덕구 중리남로 23,042-608-5283,36.36092989,127.4290442,"[1818217.9881,993808.2050],[1818164.5363,993513.0052]",1,25,20-08-31,,1
3670000_CCTV_00181,유성구,3670000,34127,대전광역시 유성구 죽동 778(푸르지오 앞),042-609-2852,36.37344673,127.338308,"[1819657.8435,985489.6346],[1819468.5323,985651.8563],[1819359.2477,985509.5234]",3,181,20-09-16,,1
3680000_CCTV_00022,대덕구,3680000,34385,대전광역시 대덕구 계족로 663번길 29,042-608-5283,36.37016124,127.4265763,"[1819359.2871,993197.2901],[1819224.9045,993325.2643],[1819064.3451,993143.5816]",3,22,20-08-31,,1
3680000_CCTV_00023,대덕구,3680000,34401,대전광역시 대덕구 동춘당로 114번길,042-608-5283,36.3664047,127.4376678,"[1818760.9292,994418.8466],[1818933.7476,994584.9068]",4,23,20-08-31,,1
3670000_CCTV_00201,유성구,3670000,34130,대전광역시 유성구 가정동 237(도룡SK뷰아파트),042-609-2852,36.38375673,127.3751285,"[1820806.5800,988853.6566],[1820861.1745,988689.7008],[1820617.3793,988838.9576]",3,201,20-09-16,,1
3680000_CCTV_00001,대덕구,3680000,34312,대전광역시 대덕구 신탄진로 783,042-608-5283,36.44724728,127.4292,"[1827599.0564,993690.7555],[1827896.2953,993661.0973],[1827778.9033,993831.3791]",3,1,20-08-31,,1
3680000_CCTV_00015,대덕구,3680000,34431,대전광역시 대덕구 한남로 19,042-608-5283,36.35098174,127.4260399,"[1817075.5390,993235.7046],[1816946.8147,993318.9795],[1817114.0929, 993531.8262],[1817111.7932,993408.1236]",4,15,20-08-31,한남로 17번길 한쪽읜 흰선 한쪽은 노란선,1
3680000_CCTV_00014,대덕구,3680000,,대전광역시 대덕구 비래동 520,042-608-5283,36.35792285,127.4462356,,0,,20-08-31,카메라 없음,0
3670000_CCTV_00133,유성구,3670000,34049,대전광역시 유성구 전민동 467-5(엑스포코아 삼거리),042-611-2574,36.39935584,127.4062244,"[1822317.398,991610.089],[1822617.398,991610.089],[1822467.398,991487.852]",3,"1, 2, 3",20-08-31,,1
3670000_CCTV_00134,유성구,3670000,34227,대전광역시 유성구 원내동 321-11(새마을금고 주변),042-611-2574,36.2999772,127.3202147,"[1811256.629,983851.2811],[1811399.1461,983695.6388],[1811405.0965,983995.4505]",3,"1, 2, 3",20-08-31,,1
3670000_CCTV_00135,유성구,3670000,34178,대전광역시 유성구 구암동 610-24(진터벌 삼거리),042-611-2574,36.35061796,127.3374627,"[1817042.49, 985282.666],[1816995.209,985578.917],[1817162.423,985474.226]",3,"1, 2",20-08-31,,1
3670000_CCTV_00137,유성구,3670000,34139,대전광역시 유성구 어은동 110-9(유성구의회청사 옆),042-611-2574,36.36297801,127.35703,"[1818301.777,987216.725],[1818438.015,987124.375]",2,"1, 2, 3",20-08-31,,1
3670000_CCTV_00138,유성구,3670000,34009,대전광역시 유성구 송강동 49-1(송강프라자 네거리),042-611-2574,36.43553429,127.3868089,"[1826365.907,989953.053],[1826386.12,989741.886],[1826619.199,989797.863],[1826578.789,989971.829]",4,"1, 2, 3",20-08-31,,1
3670000_CCTV_00139,유성구,3670000,34009,대전광역시 유성구 반석로 10 반석역프라자,042-611-2574,36.39211788,127.3134695,"[1821566.565,983110.606],[1821627.474,983352.918],[1821747.921,983216.884],[1821457.42,983291.689]",4,"1, 2, 3",20-08-31,"하나로마트 없음, 반석동 690(하나로마트 앞)",1
3670000_CCTV_00140,유성구,3670000,34068,대전광역시 유성구 반석로 24(올리브영 반석점),042-611-2574,36.3917269,127.3120446,"[1821532.405,982979.19],[1821715.452,983086.399],[1821423.845,983156.779],[1821606.32,983269.935]",4,"1, 2, 3",20-08-31,"반석동 676,  올리브영 건물 앞 카메라",1
3670000_CCTV_00141,유성구,3670000,34019,대전광역시 유성구 테크노4로 141,042-611-2574,36.42226008,127.387805,"[1824863.949,989851.332],[1825128.863,989992.12]",2,"1, 2, 3",20-08-31,관평동 913(대덕테크노 9블럭 앞),1
3670000_CCTV_00142,유성구,3670000,34032,"대전광역시 유성구 용산동 666(용산초등학교 앞, 우림필유 아파트 1101동 앞)",042-611-2574,36.41779082,127.3930463,"[1824599.531,990677.376],[1824717.559,990406.47]",2,"1, 2, 3",20-08-31,,1
3670000_CCTV_00144,유성구,3670000,34171,대전광역시 유성구 문화원로 18 (장대동),042-611-2574,36.36115465,127.3382314,"[1818284.223,985375.189],[1818139.893,985638.189],[1818343.344,985579.242],[1818111.252,985451.127]",4,"1, 2, 3",20-08-31,장대동 354-9(장대초교 앞),1
3670000_CCTV_00145,유성구,3670000,34077,"대전광역시 유성구 지족로 368 (지족동, 옥타브상가) (농협 앞)",042-611-2574,36.3864557,127.3174378,"[1821087.679,983419.909],[1820924.166,983681.053],[1821082.916, 983675.496]",3,"1, 2, 3",20-08-31,지족동 997(반석마을 3블럭 앞),1
3670000_CCTV_00146,유성구,3670000,34086,대전광역시 유성구 은구비남로33번길 18,042-611-2574,36.37304058,127.319517,"[1819665.161,983795.166],[1819443.732,983795.166]",2,"1, 2, 3",20-08-31,지족동 907-4(하나은행 주변),1
3670000_CCTV_00147,유성구,3670000,34086,대전광역시 유성구 지족동 910-8(노은역 환승주차장 앞),042-611-2574,36.37444299,127.3195178,"[1819519.324,983795.423],[1819819.324,983795.423],[1819668.81,983731.189]",3,"1, 2, 3",20-08-31,,1
3670000_CCTV_00149,유성구,3670000,34019,대전광역시 유성구 관평동 995(동화중 삼거리),042-611-2574,36.4233843,127.3894567,"[1825208.461,990123.243],[1824967.458,989999.964],[1825131.865,990008.546]",3,"1, 2, 3",20-08-31,,1
3670000_CCTV_00148,유성구,3670000,34086,대전광역시 유성구 지족동 905-4(씨네위 앞),042-611-2574,36.37254105,127.3185038,"[1819281.525,983663.945],[1819431.525,983513.945],[1819431.525,983813.945],[1819581.525,983663.945]",4,"1, 2, 3",20-08-31,,1
3670000_CCTV_00150,유성구,3670000,34199,대전광역시 유성구 상대동 465(휴먼시아 아파트 401동 앞),042-611-2574,36.34687429,127.3375364,"[1816654.103,985550.864],[1816504.103,985400.864],[1816504.103,985645.94],[1816355.854,985530.831]",4,"1, 2, 3",20-08-31,상대동 494(상대동로 네거리),1
3670000_CCTV_00151,유성구,3670000,34190,대전광역시 유성구 봉명서로20번길 17-23 앞 사거리,042-611-2574,36.3456015,127.3420317,"[1816652.819,985795.839],[1816502.819,985692.652],[1816352.819,985795.839],[1816502.819,985945.839]",4,"1, 2, 3",20-08-31,봉명동 1066(봉명서로 네거리),1
3670000_CCTV_00152,유성구,3670000,34178,대전광역시 유성구 계룡로52번길 11 유성세움펠리피아 아파트 앞 봉명네거리,042-611-2574,36.3544713,127.336859,"[1817483.04,985497.484],[1817385.387,985305.103],[1817575.077,985211.979],[1817675.908,985334.834]",4,"1, 2, 3",20-08-31,봉명동 466-22(장터길 네거리)(봉명동네거리),1
3670000_CCTV_00153,유성구,3670000,34083,대전광역시 유성구 은구비로 31 열매마을5단지 LBA노은합동공인중개사사무소 앞 지족네거리,042-611-2574,36.37679814,127.3190059,"[1819699.166,983665.46],[1819849.166,983515.46],[1819849.166, 983815.46],[1819999.166, 983665.46]",4,"1, 2, 3",20-08-31,지족동 952(지족네거리),1
3670000_CCTV_00154,유성구,3670000,34086,대전광역시 유성구 노은로 158 스위스안경본점 앞,042-611-2574,36.37367899,127.3184062,"[1819461.465,983664.962],[1819611.465,983664.962],[1819761.465,983664.962]",2,"1, 2, 3",20-08-31,지족동 900 노은역4번출구 앞(노은로),1
3670000_CCTV_00155,유성구,3670000,34179,대전광역시 유성구 계룡로 92 유성CJ나인파크 짬뽕의진수 앞 사거리,042-611-2574,36.35347454,127.340594,"[1817353.771,985508.669],[1817393.459,985680.119],[1817279.555, 985724.569]",3,"1, 2, 3",20-08-31,봉명동 532(유성구종합사회복지관 옆),1
3670000_CCTV_00156,유성구,3670000,34116,대전광역시 유성구 신성동 137-1 (탄동농협 앞 사거리),042-611-2574,36.39042823,127.3497131,"[1821606.387,986594.516],[1821365.177,986418.01]",2,"1, 2",20-08-31,"신성로 구간만 황색실선, 신성로 83, 84번길은 흰색",1
3670000_CCTV_00157,유성구,3670000,34199,"대전광역시 유성구 상대로 40 (상대동, 도안휴먼시아4단지) 408동 앞 유성중삼거리",042-611-2574,36.3472663,127.3372731,"[1816354.601,985246.719],[1816654.601,985246.719],[1816504.601,985396.719]",3,"1, 2, 3",20-08-31,상대동 493 (유성중학교 앞),1
3670000_CCTV_00158,유성구,3670000,34125,대전광역시 유성구 엑스포로123번길 46-15 스마트시티 501동 옆,042-611-2574,36.37717513,127.3948698,"[1820116.623,990447.755],[1820012.127,990297.755],[1819862.127,990447.755]",3,"1, 2, 3",20-08-31,도룡동 스마트시티 주변,1
3670000_CCTV_00159,유성구,3670000,34049,대전광역시 유성구 엑스포로466번길 97 꿈돌이슈퍼 앞 삼거리,042-611-2574,36.40148024,127.4053055,"[1822689.194,991485.82],[1822689.194,991741.638],[1822539.194,991611.511]",3,"1, 2, 3",20-08-31,전민동 전민중 주변(엑스포로446번길),1
3670000_CCTV_00160,유성구,3670000,34164,대전광역시 유성구 장대로71번길 12 유성초등학교 드림아트미술교습소 옆,042-611-2574,36.36229056,127.3332305,"[1818350.152,985161.837],[1818154.746,985114.807],[1818161.715,985251.697]",3,"1, 2, 3",20-08-31,장대동 155 유성초등학교 주변,1
3670000_CCTV_00161,유성구,3670000,34137,대전광역시 유성구 궁동 413-1(궁동로 18번길 2),042-611-2574,36.3626747,127.3475221,"[1818236.097,986327.31],[1818433.637,986324.463],[1818384.822,986457.794]",3,"1, 2, 3",20-08-31,,1
3670000_CCTV_00162,유성구,3670000,34137,대전광역시 유성구 궁동 413-7(궁동로18번길 24),042-611-2574,36.36259887,127.3485312,"[1818472.134,986438.763],[1818213.372,986438.763],[1818384.425,986588.763],[1818384.4247,986307.7939]",4,"1, 2, 3",20-08-31,,1
3670000_CCTV_00163,유성구,3670000,34138,대전광역시 유성구 궁동 409(대학로151번길 46),042-611-2574,36.36261338,127.3503057,"[1818511.028, 986556.238],[1818229.247,986554.65],[1818383.631,986405.822],[1818382.44,986706.238]",4,"1, 2, 3",20-08-31,,1
3670000_CCTV_00164,유성구,3670000,34138,대전광역시 유성구 궁동 1-28(농대로 25),042-611-2574,36.36288132,127.3528316,"[1818382.202,986668.375],[1818532.084,986803.361],[1818235.993,986838.614]",3,"1, 2, 3",20-08-31,,1
3670000_CCTV_00165,유성구,3670000,34138,대전광역시 유성구 궁동 1-36(궁동로 74),042-611-2574,36.3638467,127.3527615,"[1818362.953,986820.306],[1818512.218,986683.238],[1818646.759,986768.566]",3,"1, 2, 3",20-08-31,,1
3670000_CCTV_00166,유성구,3670000,34137,대전광역시 유성구 궁동 393 (궁동로 47),042-611-2574,36.36405779,127.3499715,"[1818526.724,986665.152],[1818505.716,986533.652]",2,"1, 2, 3",20-08-31,좌우 150미터 반경인 반면 골목 굴곡으로 카메라 시야 한계로 보정한 범위 좌표사용,1
3670000_CCTV_00167,유성구,3670000,34188,대전광역시 유성구 계룡로132번길 22(봉명동 유시티 네거리),042-611-2574,36.35164583,127.3442659,"[1817114.066,986210.612],[1817239.613,986093.638],[1817208.312,985925.806],[1817016.22,986026.348]",4,"1, 2, 3",20-08-31,,1
3670000_CCTV_00168,유성구,3670000,34090,대전광역시 유성구 은구비남로 56(노은동 열매마을9단지) 901동 앞,042-611-2574,36.37153172,127.322614,"[1819578.575,983906.721],[1819428.575,984056.721],[1819428.575,983756.721]",3,"1, 2, 3",20-08-31,,1
3670000_CCTV_00169,유성구,3670000,34085,대전광역시 유성구 은구비로 52(지족동 지족우체국),042-611-2574,36.37573927,127.3208506,"[1819848.969,983761.296],[1819699.841,983908.662],[1819848.969,984061.296]",3,"1, 2, 3",20-08-31,,1
3670000_CCTV_00170,유성구,3670000,34049,대전광역시 유성구 엑스포로 488(전민네거리),042-611-2574,36.39998968,127.4057004,"[1822467.263,991602.023],[1822617.263,991469.924],[1822467.263,991319.924],[1822317.263,991469.924]",4,"1, 2, 3",20-08-31,,1
3670000_CCTV_00171,유성구,3670000,34209,대전광역시 유성구 계산동 801-1(진잠농협 앞),042-611-2574,36.34247165,127.3038485,"[1816072.953,982513.743],[1816044.172,982315.153],[1816294.625,982316.62]",3,"1, 2, 3",20-08-31,,1
3670000_CCTV_00172,유성구,3670000,28475,대전광역시 유성구 봉명동 528(리베라호텔 네거리),042-611-2574,36.35438508,127.3390842,"[1817315.948,985520.216],[1817409.223,985704.735],[1817603.144,985606.926],[1817505.861,985420.758]",4,"1, 2, 3",20-08-31,,1
3670000_CCTV_00173,유성구,3670000,34070,대전광역시 유성구 지족로 283(CU 지족센터점 앞) 고래들네거리,042-611-2574,36.38773921,127.3080603,"[1821169.936,982972.084],[1821088.275,982685.444],[1821287.886,982776.761],[1820995.546,982824.08]",4,"1, 2",20-08-31,지족동 1060-1(노은3동 고래들네거리),1
3670000_CCTV_00174,유성구,3670000,34138,대전광역시 유성구 대학로 151 e-미래공인중개사사무소 앞,042-611-2574,36.36074555,127.3502814,"[1818290.12,986554.346],[1818112.477,986701.776],[1818185.4390,986411.3555]",2,"1, 2, 3",20-08-31,궁동 27-2(미래부동산 앞) 미래공인중개사 앞,1
3670000_CCTV_00175,유성구,3670000,34137,대전광역시 유성구 궁동 418-8(해피씨드 앞),042-611-2574,36.36116199,127.3486783,"[1818361.679,986437.99],[1818190.371,986429.122]",2,"1, 2, 3",20-08-31,,1
3670000_CCTV_00176,유성구,3670000,34137,대전광역시 유성구 궁동 410-13(파리바게트 궁동점),042-611-2574,36.36183011,127.3499111,"[1818267.09,986705.152],[1818417.09, 986555.152],[1818267.09, 986437.99],[1818151.003,986555.152]",4,"1, 2, 3",20-08-31,,1
3670000_CCTV_00177,유성구,3670000,34138,대전광역시 유성구 궁동 428-1(궁동노인정),042-611-2574,36.36147177,127.3517722,"[1818267.214,986819.791],[1818267.214,986531.844]",2,"1, 2, 3",20-08-31,"카메라 4대지만 대학로 163번길은 흰색실선, 양측만 qgis에 표시",1
3670000_CCTV_00178,유성구,3670000,34173,대전광역시 유성구 유성대로 735(유성중고만물상 앞),042-611-2574,36.35895808,127.3331366,"[1817852.407,984925.851],[1818054.779,985147.314]",2,"1, 2, 3",20-08-31,장대동 268-3(장대철물 앞),1
3670000_CCTV_00179,유성구,3670000,34172,대전광역시 유성구 유성대로 756 울엄마양평해장국 주차장 앞 사거리,042-611-2574,36.35975079,127.3350778,"[1818139.009,985253.708],[1817945.428,985044.003],[1818143.309,985067.754]",3,"1, 2, 3",20-08-31,장대동 273-8(장대푸르지오 입구),1
3670000_CCTV_00180,유성구,3670000,34219,대전광역시 유성구 대정동 303-2(모다아울렛 앞),042-611-2574,36.31264805,127.3189803,"[1812752.634,983833.389],[1813039.851,983833.389],[1812889.851,983950.227]",3,"1, 2, 3",20-08-31,,1
3670000_CCTV_00143,유성구,3670000,34032,대전광역시 유성구 배울2로 114 대덕테크노밸리11단지아파트 예인유치원 앞,042-611-2574,36.41933534,127.3935191,"[1824542.3595,990801.5747],[1824665.3645,990527.9513]",2,"1, 2, 3",20-08-31,용산동 666(용산초교 네거리),1
3650000_CCTV_00203,중구,3650000,35055,대전광역시 중구 대둔산로 394(산성동 279-1/산성4가),042-606-6885,36.30446041,127.3864849,"[1811976.8911,989924.6708],[1812068.1981,989825.3807],[1811916.5187,989633.7856],[1811773.3214,989783.4692]",4,"1,2",20-09-16,,1
3650000_CCTV_00204,중구,3650000,34921,대전광역시 중구 중앙로 160(은행동 48-1/밀라노 21),042-606-6885,36.32891275,127.4273121,"[1814581.8502,993324.2936],[1814706.6564,993597.1002]",2,1,20-09-16,,1
3650000_CCTV_00205,중구,3650000,35047,대전광역시 중구 보문로 57(부사동 151-1/ 부사4가),042-606-6885,36.31297654,127.4345906,"[1812933.6190,994289.4452],[1813006.1880,994089.5279],[1812886.7181,994004.0485],[1812788.9248,994280.4642]",4,1,20-09-16,,1
3650000_CCTV_00206,중구,3650000,34938,대전광역시 중구 수도산로 12(대흥동 365-5/대흥초교) - 어린이(초),042-606-6885,36.31982362,127.4265379,"[1813709.9780,993490.1347],[1813586.4991,993215.2944]",4,1,20-09-16,,1
3650000_CCTV_00207,중구,3650000,35032,대전광역시 중구 문창로 3(부사동149-13/문창시장입구),042-606-6885,36.31394665,127.4363436,"[1813002.4734,994437.1331],[1812875.3048,994164.9128]",2,1,20-09-16,,1
3650000_CCTV_00208,중구,3650000,34924,대전광역시 중구 중앙로 156번길 50(은행동 163-5 중교통 은행4가),042-606-6885,36.32693874,127.4279302,"[1814447.4193,993676.7403],[1814324.0539,993402.1527]",2,1,20-09-16,,1
3650000_CCTV_00209,중구,3650000,34923,대전광역시 중구 중교로 91-3(은행동 76-29/ 중교통 중교),042-606-6885,36.32748391,127.4293036,"[1814497.8311,993795.5210],[1814379.0455,993520.0397]",2,1,20-09-16,,1
3650000_CCTV_00210,중구,3650000,35027,대전광역시 중구 문창로 55(부사동 94-15/문창초교) - 어린이(초),042-606-6885,36.31730948,127.4344623,"[1813281.4102,994152.8655],[1813553.6223,994026.8437]",2,1,20-09-16,,1
3650000_CCTV_00211,중구,3650000,35030,대전광역시 중구 보문로 26(문창동 365-12/문창신협),042-606-6885,36.31453234,127.4378038,"[1813069.1413,994566.4258],[1812943.7886,994293.8699]",2,1,20-09-16,,1
3650000_CCTV_00212,중구,3650000,34937,대전광역시 중구 충무로 95(대사동 77-44/보문5가),042-606-6885,36.31805944,127.4275185,"[1813446.3556,993631.5765],[1813323.9735,993357.6739]",2,1,20-09-16,,1
3650000_CCTV_00213,중구,3650000,34935,대전광역시 중구 충무로 117(대사동 63-17/충무로 4가),042-606-6885,36.31885297,127.4297647,"[1813542.1868,993834.4521],[1813416.7437,993561.9378]",2,1,20-09-16,,1
3650000_CCTV_00214,중구,3650000,34964,대전광역시 중구 계룡로 942(대사동 248-229/대사동4가)충대병원4가,042-606-6885,36.31866168,127.4160991,"[1813443.7527,992502.8373],[1813544.7161,992502.8373],[1813407.5768,992458.2613],[1813286.7194,992624.8377]",4,1,20-09-16,,1
3650000_CCTV_00215,중구,3650000,35055,대전광역시 중구 보문산로 82(산성동 298-2/산성3가),042-606-6885,36.30535324,127.38931,"[1812017.1995,990206.4309],[1812084.9180,990193.8552],[1811975.5758,989914.7733]",3,1,20-09-16,,1
3650000_CCTV_00216,중구,3650000,34900,대전광역시 중구 계백로 1615번길 25(유천동 205-1/원평초교) - 어린이(초),042-606-6885,36.32003336,127.3989363,"[1813799.6004,990896.5350],[1813510.7142,990976.9574]",2,"1,2",20-09-16,,1
3650000_CCTV_00217,중구,3650000,34892,대전광역시 중구 동서대로 1218(태평동 381-16/ 태평5가),042-606-6885,36.32551954,127.3952721,"[1814319.5036,990424.8785],[1814406.9590,990618.1440],[1814315.0959,990707.1826],[1814123.6597,990519.7584],[1814122.3322,990606.3147]",5,1,20-09-16,,1
3650000_CCTV_00218,중구,3650000,35015,대전광역시 중구 문화로 266(대사동 642/충대부속병원),042-606-6885,36.31631936,127.4138005,"[1813410.4363,992463.4155],[1813344.1370,992172.6091]",2,1,20-09-16,,1
3650000_CCTV_00219,중구,3650000,35032,대전광역시 중구 문창로 25-1(부사동 93-2/문창시장 통),042-606-6885,36.31583139,127.4352705,"[1813319.7834,994135.0526],[1813047.9284,994261.9182]",2,1,20-09-16,,1
3650000_CCTV_00220,중구,3650000,34939,대전광역시 중구 중앙로 100(대흥동507/보건지소 앞),042-606-6885,36.32557439,127.4212947,"[1814306.6480,992994.1985],[1814014.4957,993062.3674],[1814220.4191,993165.8268],[1814100.7245,992890.7391]",4,1,20-09-16,,1
3650000_CCTV_00221,중구,3650000,34811,대전광역시 중구 목중로 53(목동52-106/세종약국 앞),042-606-6885,36.33795945,127.408749,"[1815732.3123,991715.2980],[1815778.0694,991808.8746],[1815519.7455,991926.8463]",3,1,20-09-16,,1
3650000_CCTV_00222,중구,3650000,34924,대전광역시 중구 대종로 476(은행동 157-2/국민은행 앞) - 어린이(유),042-606-6885,36.32714109,127.4271118,"[1814551.2287,993368.3953],[1814278.0614,993492.4099]",2,1,20-09-16,,1
3650000_CCTV_00223,중구,3650000,34833,대전광역시 중구 보문로 346번길 19(선화동260-1/세무서삼거리),042-606-6885,36.33241183,127.4201249,"[1815015.6623,992557.2219],[1815107.7635,992773.6692],[1814839.7205,992764.4629]",3,1,20-09-16,,1
3650000_CCTV_00224,중구,3650000,34980,대전광역시 중구 대둔산로 460(산성동144-9/도마교4거리),042-606-6885,36.31018263,127.3885095,"[1812674.5302,990005.1782],[1812549.4826,989812.4592],[1812542.8011,990110.8681],[1812387.6008,989917.5912]",4,1,20-09-16,,1
3650000_CCTV_00225,중구,3650000,35008,대전광역시 중구 당디로6번길 90(문화동 773/문화2동주민센터),042-606-6885,36.30774779,127.3992397,"[1812376.1953,991062.1461],[1812197.9175,990820.8841]",2,1,20-09-16,,1
3650000_CCTV_00226,중구,3650000,34956,대전광역시 중구 계백로 1712(문화동1-31/서대전시민공원),042-606-6885,36.32114983,127.40974,"[1813861.1498,992063.8492],[1813760.3154,991781.3028],[1813667.0193,991965.5468]",3,1,20-09-16,,1
3650000_CCTV_00227,중구,3650000,34944,대전광역시 중구 계룡로 911(문화동 1-143/서대전우체국),042-606-6885,36.32118036,127.4144831,"[1813831.9476,992222.7052],[1813818.3298,992447.4693],[1813619.6596,992434.6781]",3,1,20-09-16,,1
3650000_CCTV_00228,중구,3650000,34887,대전광역시 중구 태평로 30(유천동 324-22/버드내2단지) - 어린이(초),042-606-6885,36.31947796,127.3926754,"[1813729.2352,990390.8050],[1813442.7159,990301.8852]",2,"1,2,3",20-09-16,,1
3650000_CCTV_00229,중구,3650000,34891,대전광역시 중구 태평로 10(유천동 327-15/버드내초교) - 어린이(초),042-606-6885,36.31784213,127.3920064,"[1813302.1587,990258.2135],[1813545.9336,990337.6309]",2,"1,2,3",20-09-16,,1
3650000_CCTV_00230,중구,3650000,34894,대전광역시 중구 수침로 70(태평동 263-12/대전중원장로교회),042-606-6885,36.32587764,127.4003458,"[1814397.1164,991000.2781],[1814125.8278,991085.7451]",2,"1,2",20-09-16,,1
3650000_CCTV_00231,중구,3650000,34882,대전광역시 중구 수침로 103(태평동 339-2/푸른뫼@),042-606-6885,36.32858331,127.3987895,"[1814723.4819,990887.2424],[1814437.5691,990978.0932]",2,"1,2,3",20-09-16,,1
3650000_CCTV_00232,중구,3650000,35023,대전광역시 중구 대종로315번길 42(부사동135-1/)보운초등학교,042-606-6885,36.31402354,127.4327092,"[1813094.3339,993957.1344],[1812965.0699,993686.4117],[1812955.4578,993857.2229]",3,1,20-09-16,,1
3650000_CCTV_00234,중구,3650000,35008,대전광역시 중구 송리로 11(문화동583-1)대문초등학교,042-606-6885,36.30663788,127.400726,"[1812270.4139,991087.3104],[1812303.3946,991178.1905],[1812077.6604,991167.1969]",3,1,20-09-16,,1
3650000_CCTV_00233,중구,3650000,35020,대전광역시 중구 서문로 10(문화동157)한밭도서관,042-606-6885,36.30992435,127.409677,"[1812606.2421,991761.2548],[1812351.1572,991744.3244],[1812456.5714,991602.5415],[1812496.8811,991653.1119],[1812557.2865,991862.4806]",5,1,20-09-16,,1
3650000_CCTV_00235,중구,3650000,34957,대전광역시 중구 계룡로918번길 97(문화동1-258)글꽃초등학교,042-606-6885,36.3190395,127.410353,"[1813607.3414,992149.6713],[1813519.5071,991862.8488],[1813706.9166,991955.7543],[1813426.2281,992061.4602]",4,1,20-09-16,,1
3650000_CCTV_00236,중구,3650000,34907,대전광역시 중구 오류로 46(오류동175-2)오류초등학교,042-606-6885,36.32503838,127.4048626,"[1814063.6270,991404.1322],[1814349.8625,991314.3030],[1814256.0959,991500.8667]",3,1,20-09-16,,1
3650000_CCTV_00237,중구,3650000,34886,대전광역시 중구 유천로 117(태평동385-10)태평초등학교,042-606-6885,36.32309681,127.3955761,"[1813917.0433,990808.9264],[1814013.6505,990624.7657],[1813823.1854,990523.9886],[1813725.8740,990709.5216]",4,1,20-09-16,,1
3650000_CCTV_00238,중구,3650000,34816,대전광역시 중구 목중로19번길 70(목동26-1)목동초등학교,042-606-6885,36.33454449,127.4082704,"[1815283.3798,991735.9299],[1815351.9063,991880.6784]",2,1,20-09-16,,1
3650000_CCTV_00239,중구,3650000,34816,대전광역시 중구 목동로56번길 15(목동363)목동초등학교,042-606-6885,36.33540745,127.4079205,"[1815472.7088,991598.4625],[1815450.3735,991825.7314]",2,"1,2",20-09-16,,1
3650000_CCTV_00240,중구,3650000,34831,대전광역시 중구 대전천서로 521(선화동84)선화초등학교,042-606-6885,36.33323532,127.4230447,"[1815137.2218,993109.9657],[1814920.2849,993110.0860],[1814921.1040,992901.9001]",3,1,20-09-16,,1
3650000_CCTV_00241,중구,3650000,35070,대전광역시 중구 모암로 35(옥계동 61-8) 옥계초등학교,042-606-6885,36.30100731,127.4483941,"[1811563.6675,995308.3528]",1,1,20-09-16,,1
3650000_CCTV_00242,중구,3650000,34803,대전광역시 중구 대종로 684(중촌동 83)중촌초등학교,042-606-6885,36.3410454,127.4108557,"[1815960.5779,991963.5868],[1815753.0430,991963.7139],[1815751.3856,992178.6039]",3,1,20-09-16,,1
3650000_CCTV_00243,중구,3650000,34818,대전광역시 중구 목동로 69(목동 24-47) 목양초등학교,042-606-6885,36.33677786,127.4051227,"[1815413.4702,991459.9918],[1815552.9345,991384.7591],[1815263.8674,991318.6265]",3,1,20-09-16,,1
3650000_CCTV_00244,중구,3650000,34956,대전광역시 중구 계백로1690(문화동 1-17) 홈플러스 문화점,042-606-6885,36.32029288,127.407696,"[1813725.1909,991670.0284],[1813632.1848,991384.8094],[1813537.9621,991579.3445]",3,1,20-09-16,,1
3660000_CCTV_00125,서구,3660000,35276,대전광역시 서구 신갈마로 203번길 77(국민생활관),042-609-2852,36.35179621,127.3680847,,0,,20-08-31,카메라 미확인,0
3660000_CCTV_00126,서구,3660000,35362,대전광역시 서구 봉우로8번길 23(롯데시네마 1),042-609-2852,36.30254481,127.3337176,"[1811661.0048,984967.9334],[1811811.0048,985033.1618],[1811661.0048,985103.5206]",3,1,20-08-31,,4
3660000_CCTV_00127,서구,3660000,35362,대전광역시 서구 봉우로8번길 23(롯데시네마 2),042-609-2852,36.30254481,127.3337176,"[1811898.9532,985105.7193],[1811614.0989,985105.7193],[1811748.9532,985152.6251],[1811748.9532,984978.1941]",4,1,20-08-31,,3
3660000_CCTV_00128,서구,3660000,35329,대전광역시 서구 도마로 7번길 3(김밥천국),042-609-2852,36.32261294,127.3709254,"[1813914.6827,988272.1072],[1813907.3639,988571.9285]",2,1,20-08-31,,3
3660000_CCTV_00129,서구,3660000,35329,대전광역시 서구 도마로 19번길 3(해든마켓),042-609-2852,36.32258725,127.372183,"[1813915.2221,988384.3486],[1813904.8162,988656.8505]",2,1,20-08-31,,3
3660000_CCTV_00130,서구,3660000,35231,대전광역시 서구 갈마역로 9-1(갈마동 쉐보레서비스),042-609-2852,36.35149888,127.3734153,"[1817036.4848,988628.7860],[1817051.2663,988791.0330],[1817269.1554,988716.8258]",3,"1,2,3",20-08-31,,4
3660000_CCTV_00131,서구,3660000,35258,대전광역시 서구 탄방로 65(탄방동 e편한세상아파트 입구),042-609-2852,36.34299756,127.3946309,"[1816174.7854,990316.5825],[1815958.1889,990524.1541]",2,"1,2,3",20-08-31,,3
3650000_CCTV_00202,중구,3650000,34940,대전광역시 중구 중교로 5(대흥동 502-1/성모5거리),042-606-6885,36.32432528,127.4205864,"[1813952.7749,992898.4045],[1814028.9259,992700.4120],[1814223.4494,992769.2907],[1814138.5741,992979.3486]",4,1,20-09-16,,1
3670000_CCTV_00132,유성구,3670000,34086,대전광역시 유성구 지족동 965번지(월드코아 주변),042-611-2565,36.37405718,127.3193475,"[1819778.5991,983731.1307],[1819628.5991,983793.0073]",2,1,20-08-31,,1
3660000_CCTV_00061,서구,3660000,35337,대전광역시 서구 도마로 2(경남아파트),042-270-5365,36.32243449,127.3704703,"[1814059.831,988356.656],[1813914.849,988203.71],[1813759.862,988354.057]",3,1,20-08-31,,4
3660000_CCTV_00062,서구,3660000,35250,대전광역시 서구 둔산로 220(청솔아파트),042-270-5365,36.3510134,127.3984498,"[1817097.996,990872.869],[1817097.742,991023.491],[1817100.282,990723.707]",2,1,20-08-31,,3
3660000_CCTV_00063,서구,3660000,35229,대전광역시 서구 둔산로 25(타임월드),042-270-5365,36.35214478,127.3768992,"[1817335.668,988928.478],[1817053.673,988861.189],[1817241.087,988790.269],[1817120.929,989066.207]",4,"1,2",20-08-31,,4
3660000_CCTV_00064,서구,3660000,35240,대전광역시 서구 문예로 73(한마루네거리),042-270-5365,36.35328777,127.3898552,"[1817355.425,990014.412],[1817496.395,990152.207],[1817201.882,990150.429],[1817354.155,990296.479]",4,1,20-08-31,,4
3660000_CCTV_00065,서구,3660000,35225,대전광역시 서구 월평로 60(신촌네거리),042-270-5365,36.35596312,127.3636626,"[1817644.778,987941.771],[1817644.778,987641.771],[1817794.778,987791.771],[1817494.778,987791.771]",4,1,20-08-31,,5
3660000_CCTV_00066,서구,3660000,35213,대전광역시 서구 월평북로 77(백합네거리),042-270-5365,36.36245954,127.3768809,"[1818470.701,988933.547],[1818171.616,988932.594],[1818321.349,989057.372],[1818320.079,988779.877]",4,1,20-08-31,,5
3660000_CCTV_00067,서구,3660000,35241,대전광역시 서구 둔산로 144(크로바네거리),042-270-5365,36.35097307,127.3898571,"[1816938.611,990147.826],[1817101.679,990006.602],[1817102.06,990303.528],[1817239.728,990150.62]",4,1,20-08-31,,4
3660000_CCTV_00095,서구,3660000,35248,대전광역시 서구 둔산로 155(문정네거리),042-270-5365,36.35237914,127.3944817,"[1817101.552,990441.831],[1817255.603,990600.327],[1817100.282,990733.232],[1816955.502,990599.057]",4,"1,2",20-08-31,,5
3660000_CCTV_00076,서구,3660000,35241,대전광역시 서구 문예로 33(목련네거리),042-270-5365,36.34966356,127.3898331,"[1816871.936,990148.588],[1817068.913,990147.826]",2,"1,2",20-08-31,,3
3660000_CCTV_00086,서구,3660000,35256,대전광역시 서구 문정로 122(공작한양아파트),042-270-5365,36.34648378,127.3927658,"[1816590.424,990529.015],[1816590.424,990229.015]",2,"1,2",20-08-31,,3
3660000_CCTV_00096,서구,3660000,35263,대전광역시 서구 문정로 90(세이탄방점),042-270-5365,36.34644671,127.389185,"[1816596.52,990210.499],[1816596.52,989910.499],[1816746.52,990060.499]",3,1,20-08-31,,4
3660000_CCTV_00085,서구,3660000,35260,대전광역시 서구 둔산중로 8(로데오 타운),042-270-5365,36.34729019,127.3873534,"[1816451.346,989899.717],[1816601.346,990049.717],[1816601.346,989749.717]",3,1,20-08-31,,4
3660000_CCTV_00078,서구,3660000,35259,"대전광역시 서구 둔산중로 19(샤크존, 까치네거리)",042-270-5365,36.34821766,127.3861735,"[1816842.9,989979.359],[1816692.9,989829.359],[1816842.9,989679.359],[1816992.9,989829.359]",4,"1,2",20-08-31,,5
3660000_CCTV_00075,서구,3660000,35240,대전광역시 서구 둔산로 133(현대아이텔),042-270-5365,36.35158737,127.3887744,"[1817102.06,990121.029],[1817102.996,989818.424]",2,"1,2",20-08-31,,3
3660000_CCTV_00084,서구,3660000,35201,대전광역시 서구 대덕대로 415(테크노 월드),042-270-5365,36.36953479,127.3772864,"[1819000.164,989194.087],[1819150.024,989326.167],[1819268.642,989196.627]",3,"1,2",20-08-31,,3
3660000_CCTV_00068,서구,3660000,35214,대전광역시 서구 대덕대로 325(정부청사),042-270-5365,36.36191503,127.3789264,"[1818451.397,989188.182],[1818147.994,989184.88],[1818321.095,989076.422]",3,"1,2",20-08-31,,4
3660000_CCTV_00093,서구,3660000,35214,대전광역시 서구 월평북로 90(일산빌딩삼거리),042-270-5365,36.3618819,127.3784339,"[1818207.049,989065.5],[1818319.317,989167.354],[1818320.841,988947.898]",3,1,20-08-31,,4
3660000_CCTV_00079,서구,3660000,35217,대전광역시 서구 월평중로 55(은뜰삼거리),042-270-5365,36.3600198,127.363443,"[1817912.028,987794.039],[1818177.173,987699.66],[1818054.795,987936.4]",3,1,20-08-31,,4
3660000_CCTV_00080,서구,3660000,35221,대전광역시 서구 한밭대로570번길 26(이마트월평점),042-270-5365,36.35725022,127.3618282,"[1817663.362,987620.748],[1817894.883,987621.256],[1817756.868,987770.655]",3,"1,2",20-08-31,,4
3660000_CCTV_00077,서구,3660000,35225,대전광역시 서구 월평중로 1(대전일보),042-270-5365,36.35475512,127.3637148,"[1817459.146,987936.533],[1817631.104,987791.753],[1817427.396,987647.989]",3,1,20-08-31,,5
3660000_CCTV_00090,서구,3660000,35229,대전광역시 서구 둔산북로 30(이마트둔산점),042-270-5365,36.35559644,127.3778063,"[1817610.403,988856.5],[1817612.181,989154.696],[1817756.834,989008.646],[1817456.225,989009.662]",4,"1,2",20-08-31,,5
3660000_CCTV_00103,서구,3660000,35233,대전광역시 서구 대덕대로 222(삼성전자서비스),042-270-5365,36.35239558,127.3797276,"[1817323.421,989265.557],[1817214.201,989180.467],[1817191.341,989369.697],[1817120.348,989191.643]",4,"1,2",20-08-31,,5
3660000_CCTV_00092,서구,3660000,35230,대전광역시 서구 대덕대로 185번길 30(갤러리아 옥외주차장),042-270-5365,36.35054146,127.3760129,"[1816965.916,988810.135],[1816941.532,988970.917],[1817099.703,988714.667],[1817138.763,988905.639]",4,1,20-08-31,,5
3660000_CCTV_00102,서구,3660000,35271,대전광역시 서구 갈마중로40,042-270-5365,36.34739478,127.3736574,"[1816818.977,988734.697],[1816612.453,988784.52],[1816703.28,988573.343]",3,"1,2",20-08-31,서구 갈마중로47(제일교회) > 갈마중로 40으로 변경,4
3660000_CCTV_00094,서구,3660000,35270,대전광역시 서구 갈마중로 15(서부소방서),042-270-5365,36.34790378,127.3711177,"[1816701.629,988566.485],[1816554.563,988435.675],[1816688.421,988292.61]",3,"1,2",20-08-31,,3
3660000_CCTV_00073,서구,3660000,35279,대전광역시 서구 월드컵대로 480(대전광역시도시철도공사),042-270-5365,36.34828251,127.3526986,"[1816635.678,986878.623],[1816931.715,986844.333]",2,1,20-08-31,,3
3660000_CCTV_00099,서구,3660000,35350,대전광역시 서구 동서대로 682(스타벅스),042-270-5365,36.33181346,127.3386319,"[1814995.918,985631.293],[1815122.41,985474.829],[1814995.41,985347.321],[1814846.9536,985474.1105]",4,1,20-08-31,,5
3660000_CCTV_00098,서구,3660000,35350,대전광역시 서구 도안북로 107(남대전농협),042-270-5365,36.33036683,127.3405757,"[1814760.73,985869.332],[1814761.793,985569.336],[1814911.793,985719.336]",3,1,20-08-31,,4
3660000_CCTV_00083,서구,3660000,35355,대전광역시 서구 원도안로 200(도안초등학교),042-270-5365,36.32158099,127.3446634,"[1813890.815,986007.281],[1813591.934,985999.24],[1813741.706,986140.958]",3,1,20-08-31,,4
3660000_CCTV_00108,서구,3660000,35355,대전광역시 서구 도안동로 177(수목토아파트117동 앞),042-270-5365,36.31980111,127.3442847,"[1813594.023,986002.553],[1813319.006,986121.939]",2,"1,2",20-08-31,수정된 주소,3
3660000_CCTV_00107,서구,3660000,35366,대전광역시 서구 원도안로 43(우미프라자),042-270-5365,36.30802675,127.3476525,"[1812351.641,986492.406],[1812156.706,986397.547],[1812441.694,986313.219]",3,"1,2",20-08-31,사거리이나 세방향만 단속함,5
3660000_CCTV_00100,서구,3660000,35352,대전광역시 서구 원도안로 16(지산프라자),042-270-5365,36.30564742,127.3491657,"[1812055.483,986579.51],[1812150.61,986401.103],[1811870.859,986478.283]",3,"1,2",20-08-31,,5
3660000_CCTV_00101,서구,3660000,35378,대전광역시 서구 구봉로147번길 64(느리울유치원),042-270-5365,36.2992688,127.3386774,"[1811187.73,985522.13],[1811300.811,985273.455],[1811453.52,985460.513],[1811315.941,985708.874]",4,"1,2",20-08-31,,5
3660000_CCTV_00106,서구,3660000,35382,대전광역시 서구 관저동 1539(노브랜드),042-270-5365,36.29671663,127.3389216,"[1811023.42,985391.976],[1811092.098,985537.121],[1811036.312,985724.955]",3,"1,2",20-08-31,,4
3660000_CCTV_00105,서구,3660000,35382,대전광역시 서구 구봉로 133(에스프라자),042-270-5365,36.29672867,127.3377965,"[1811019.802,985563.284],[1811158.455,985407.719],[1811015.484,985244.705]",3,1,20-08-31,세 방향만 단속 하는 것 같음,5
3660000_CCTV_00104,서구,3660000,35383,대전광역시 서구 구봉로 122(순복음예광교회),042-270-5365,36.2960811,127.3364217,"[1811017.262,985451.969],[1811013.562,985151.96]",2,"1,2",20-08-31,,3
3660000_CCTV_00097,서구,3660000,35220,대전광역시 서구 청사로 128(칼릭스빌딩),042-270-5365,36.35945275,127.3778672,"[1818050.585,989158.506],[1818193.333,989007.122],[1818051.601,988858.532],[1817895.391,989005.09]",4,"1,2",20-08-31,,5
3660000_CCTV_00091,서구,3660000,35279,대전광역시 서구 월드컵대로484번안길 10(마이웨딩홀),042-270-5365,36.34570063,127.3545032,"[1816491.978,987046.581],[1816444.353,986961.237],[1816581.449,986854.239]",3,1,20-08-31,,4
3660000_CCTV_00089,서구,3660000,35299,대전광역시 서구 계룡로 598(탄방네거리),042-270-5365,36.34069405,127.3895602,"[1816129.113,990158.6],[1815919.055,990166.474],[1815915.499,989941.176],[1816085.425,989928.264]",4,"1,2",20-08-31,,5
3660000_CCTV_00082,서구,3660000,35297,대전광역시 서구 가장로 106(래미안아파트 117동 옆),042-270-5365,36.33309061,127.3859142,"[1815230.7,989683.197],[1815015.285,989888.396]",2,1,20-08-31,,3
3660000_CCTV_00070,서구,3660000,35314,"대전광역시 서구 갈마로 262(한민시장, 삼천종합상가 앞)",042-270-5365,36.33137997,127.3824215,"[1814984.043,989541.305],[1815194.863,989332.517]",2,1,20-08-31,,3
3660000_CCTV_00074,서구,3660000,35394,대전광역시 서구 정림로 66번길 3(우성아파트 103동 대각위치),042-270-5365,36.30641945,127.365277,"[1812263.096,987822.736],[1811981.445,987920.486]",4,1,20-08-31,"정림로만 황색실선, 정림로 66번길 3은 흰색실선",3
3660000_CCTV_00088,서구,3660000,35397,대전광역시 서구 정림로 55(수밋들공원),042-270-5365,36.30430792,127.363598,"[1812054.331,987904.721],[1811760.807,987966.716],[1811940.552,988079.535]",3,1,20-08-31,,4
3660000_CCTV_00087,서구,3660000,35412,대전광역시 서구 복수동로 52(복수동행정복지센터),042-270-5365,36.29978347,127.3783522,"[1811247.767,989095.027],[1811520.944,989109.251],[1811355.519,989253.406],[1811378.196,988981.235]",4,1,20-08-31,,5
3660000_CCTV_00071,서구,3660000,35335,대전광역시 서구 도산로 61(도마시장),042-270-5365,36.3139478,127.3793557,"[1812883.654,989225.139],[1813110.603,989146.907]",2,1,20-08-31,,3
3660000_CCTV_00081,서구,3660000,35209,대전광역시 서구 한밭대로755(삼성생명),042-270-5365,36.35817271,127.3825038,"[1818024.715,989502.539],[1817933.275,989364.871],[1817847.423,989499.491]",3,1,20-08-31,,4
3660000_CCTV_00072,서구,3660000,35237,대전광역시 서구 둔산중로 78번길 15(검찰청),042-270-5365,36.35490344,127.3882208,"[1817357.203,989852.995],[1817235.791,989922.147],[1817355.171,990049.401]",3,1,20-08-31,,3
3660000_CCTV_00069,서구,3660000,35228,대전광역시 서구 둔산로 15(둔산여고네거리),042-270-5365,36.35308124,127.3758027,"[1817272.055,988571.079],[1817419.347,988721.727],[1817130.239,988664.943],[1817210.929,988859.211]",4,1,20-08-31,,4
3640000_CCTV_00029,동구,3640000,34526,대전광역시 동구 계족로 140번길 183(용운동),042-609-2852,36.32841349,127.4545256,"[1814501.3477,995750.7204],[1814687.0385,995913.7458],[1814502.4733,996028.6881],[1814479.6022,995890.7887]",0,1,20-08-31,,1
3640000_CCTV_00030,동구,3640000,34552,대전광역시 동구 계족로 430 (용전동),042-609-2852,36.35006149,127.4325215,"[1816760.3794,993900.3914],[1817104.1331,993935.9887]",0,1,20-08-31,,1
3640000_CCTV_00031,동구,3640000,34629,대전광역시 동구 대전로 776(원동),042-609-2852,36.32904978,127.4341531,"[1814474.0516,1814474.0516],[1814754.5800,994006.5292]",0,1,20-08-31,,1
3640000_CCTV_00033,동구,3640000,34627,대전광역시 동구 대전로 817(정동),042-609-2852,36.33245849,127.431843,"[1815156.7621,993834.0270],[1814873.6579,993935.0978]",0,1,20-08-31,,1
3640000_CCTV_00034,동구,3640000,34568,대전광역시 동구 대전로942(삼성동),042-609-2852,36.34165249,127.4250263,"[1816119.4083,993168.4721],[1815911.6268,993396.0423]",0,"1,2",20-08-31,,1
3640000_CCTV_00035,동구,3640000,34630,대전광역시 동구 대전천동로 518-3(원동),042-609-2852,36.32754061,127.4319365,"[1814589.3882,993799.3082],[1814318.2932,993969.0384]",0,1,20-08-31,,1
3640000_CCTV_00036,동구,3640000,34628,대전광역시 동구 대전천동로 540-1(중동),042-609-2852,36.32907143,127.4306615,"[1814735.4574,993698.5558],[1814520.2192,993836.0013]",0,1,20-08-31,,1
3640000_CCTV_00037,동구,3640000,34625,대전광역시 동구 대전천동로 586-1(중동),042-609-2852,36.33221019,127.4272345,"[1815082.6402,993372.3601],[1814873.5865,993575.4136]",0,1,20-08-31,,1
3640000_CCTV_00038,동구,3640000,34627,대전광역시 동구 대전천동로566-1(중동),042-609-2852,36.3310233,127.4288714,"[1814944.7822,993493.2349],[1814763.5397,993687.2496]",0,1,20-08-31,,1
3640000_CCTV_00039,동구,3640000,34629,대전광역시 동구 대전로750,042-609-2852,36.32698019,127.4353017,"[1814532.5688,994120.7184],[1814258.6543,994242.6394],[1814451.2394,994320.7121],[1814330.5937,994045.9510]",0,1,20-08-31,,1
3640000_CCTV_00040,동구,3640000,34631,대전광역시 동구 대흥로 204,042-609-2852,36.32605555,127.4342816,"[1814255.8902,993935.6418],[1814381.2498,994214.9624]",0,1,20-08-31,,1
3640000_CCTV_00041,동구,3640000,34610,대전광역시 동구 동대전로 79(대동),042-609-2852,36.32991293,127.4429336,"[1814807.8957,994770.0900],[1814615.1469,994996.6156],[1814827.6649,994946.3019],[1814626.9535,994743.2246],1814556.3793,994930.9967]",0,1,20-08-31,,1
3640000_CCTV_00042,동구,3640000,34536,대전광역시 동구 동대전로284번길 120(가양동),042-609-2852,36.34940336,127.4510154,"[1816840.0849,995523.9381],[1816803.9137,995769.0482],[1816962.5687,995681.2743],[1816691.9476,995552.0610]",0,1,20-08-31,,1
3640000_CCTV_00043,동구,3640000,34637,대전광역시 동구 동대전로46번길 76(신흥동),042-609-2852,36.32608135,127.4404999,"[1814419.5086,994658.2956],[1814106.7181,994690.8525]",0,1,20-08-31,,1
3640000_CCTV_00044,동구,3640000,34672,대전광역시 동구 동부로 17(판암동),042-609-2852,36.31860871,127.4563917,"[1813614.7294,996151.6515],[1813320.8355,996085.6433]",0,1,20-08-31,,1
3640000_CCTV_00045,동구,3640000,34551,대전광역시 동구 동서대로 1689(용전동),042-609-2852,36.35031513,127.4366936,"[1817214.1436,994298.5747],[1816925.4884,994420.6376]",0,1,20-08-31,,1
3640000_CCTV_00046,동구,3640000,34551,대전광역시 동구 동서대로 1695번길 63(용전동),042-609-2852,36.35225999,127.4362992,"[1817235.7018,994151.3658],[1817224.0972,994408.0646],[1817334.4179,994396.7169],[1817088.7608,994343.9110]",0,1,20-08-31,,1
3640000_CCTV_00047,동구,3640000,34551,대전광역시 동구 동서대로 1705번길 5(용전동),042-609-2852,36.35014377,127.4386399,"[1816883.5784,994365.6307],[1817011.4039,994653.7619]",0,1,20-08-31,,1
3640000_CCTV_00048,동구,3640000,34551,대전광역시 동구 동서대로1695번길24-14(용전동),042-609-2852,36.35074753,127.4381184,,0,1,20-08-31,카메라없음,0
3640000_CCTV_00049,동구,3640000,34623,대전광역시 동구 선화로 209 (삼성동),042-609-2852,36.33462373,127.4286056,"[1815349.1436,993476.8182],[1815324.4579,993705.3180],[1815152.9812,993459.6920],[1815104.5227,993666.1056]",0,1,20-08-31,,1
3640000_CCTV_00050,동구,3640000,34677,대전광역시 동구 옥천로186(판암동),042-609-2852,36.31746082,127.4609801,"[1813276.3051,996305.9401],[1813404.6543,996575.4464],[1813439.0341,996379.7025],[1813230.0132,996502.2046]",0,1,20-08-31,,1
3640000_CCTV_00051,동구,3640000,34662,대전광역시 동구 용운로 174(용운동),042-609-2852,36.32767218,127.4615355,"[1814333.9690,996554.2495],[1814618.2752,996610.5393],[1814518.5589,996414.7584],[1814440.8095,996703.9832]",0,1,20-08-31,,1
3640000_CCTV_00052,동구,3640000,34692,대전광역시 동구 은어송로 55(가오동),042-609-2852,36.30618618,127.4553593,"[1811972.9940,995878.4479],[1812168.0656,996106.6834],[1811977.4177,996070.1604],[1812183.4719,995890.5645]",0,1,20-08-31,,1
3640000_CCTV_00053,동구,3640000,34680,대전광역시 동구 은어송로 73(가오동),042-609-2852,36.30724722,127.4568583,"[1812279.0571,996237.1961],[1812084.5211,996013.6573],[1812293.6084,996025.4975],[1812054.9275,996225.6666]",0,1,20-08-31,,1
3640000_CCTV_00054,동구,3640000,34628,대전광역시 동구 중교로 125 (원동),042-609-2852,36.3288856,127.4328448,"[1814515.8961,993835.9304],[1814620.2224,994083.2298],[1814705.2713,993899.6681],[1814430.5701,994018.8684]",0,1,20-08-31,,1
3640000_CCTV_00055,동구,3640000,34628,대전광역시 동구 중앙로 190 (중동),042-609-2852,36.33008656,127.4303354,"[1814704.2748,993597.6416],[1814834.1392,993878.2638]",0,1,20-08-31,,1
3640000_CCTV_00056,동구,3640000,34630,대전광역시 동구 중앙로 200번길 70(원동),042-609-2852,36.32744876,127.4327471,"[1814613.8252,993936.4064],[1814332.7664,994064.3743]",0,1,20-08-31,,1
3640000_CCTV_00057,동구,3640000,34627,대전광역시 동구 태전로 18(중동),042-609-2852,36.33222327,127.4304289,"[1815120.9088,993665.4868],[1814853.6867,993829.4640]",0,1,20-08-31,,1
3640000_CCTV_00058,동구,3640000,34627,대전광역시 동구 태전로 6(중동),042-609-2852,36.33130979,127.4311504,"[1814821.2393,993836.1254],[1814991.8966,993729.8774]",0,1,20-08-31,,1
3640000_CCTV_00059,동구,3640000,34675,대전광역시 동구 판암동 293-1,042-609-2852,36.31911248,127.4616074,"[1813469.9933,996445.3189],[1813444.6777,996618.3278],[1813691.9589,996619.9799]",0,1,20-08-31,,1
3640000_CCTV_00060,동구,3640000,34675,대전광역시 동구 판암동 303-9,042-609-2852,36.31799561,127.4591998,"[1813390.7953,996080.6625],[1813416.9496,996342.4902]",0,"1,2",20-08-31,,1
3660000_CCTV_00109,서구,3660000,35234,대전광역시 서구 둔산로74번길 20(둔산초등학교),042-609-2852,36.35018948,127.3812334,"[1816865.0317,989412.3305],[1817164.8911,989411.9749],[1817022.8185,989261.6816],[1817022.8185,989484.8991]",0,1,20-08-31,,5
3660000_CCTV_00110,서구,3660000,35311,대전광역시 서구 가장로 150(가장초등학교),042-609-2852,36.33064369,127.3878718,"[1814735.3485,989840.8733],[1814957.0834,990067.2156]",0,1,20-08-31,,3
3660000_CCTV_00111,서구,3660000,35367,대전광역시 서구 원도안로 80(도솔초등학교),042-609-2852,36.3112135,127.3474785,"[1812734.8471,986223.8036],[1812457.8749,986310.6636]",0,1,20-08-31,,3
3660000_CCTV_00112,서구,3660000,35227,대전광역시 서구 월평동로 2(갈마초등학교),042-609-2852,36.35379018,127.3629825,"[1817643.7570,988170.6879],[1817663.3846,988389.1854],[1817399.5745,988257.5729]",0,1,20-08-31,,4
3660000_CCTV_00113,서구,3660000,35264,대전광역시 서구 탄방동 91-23(한밭새마을금고),042-609-2852,36.34136123,127.3902326,"[1816060.6069,990036.2271],[1815842.1319,990248.2148]",0,1,20-08-31,,4
3660000_CCTV_00114,서구,3660000,35323,대전광역시 서구 도솔로 162(푸르내리아파트),042-609-2852,36.32513276,127.3740533,"[1814334.6580,988679.2130],[1814027.3394,988671.6258]",0,"1,2",20-08-31,,3
3660000_CCTV_00115,서구,3660000,35226,대전광역시 서구 월평서로 13(월평초등학교),042-609-2852,36.35468821,127.3575926,"[1817624.7495,987152.0209],[1817366.5482,987293.4840],[1817580.2464,987367.6511]",0,1,20-08-31,,4
3660000_CCTV_00116,서구,3660000,35263,대전광역시 서구 탄방로 8(탄방초등학교),042-609-2852,36.34610033,127.3899628,"[1816533.5407,990304.9679],[1816390.7528,990148.0871],[1816683.8086,990149.0862]",0,1,20-08-31,,4
3660000_CCTV_00117,서구,3660000,35368,대전광역시 서구 도안동로 11번길(CGV 가수원),042-609-2852,36.3061147,127.3533014,"[1812016.9024,986458.4734],[1812104.0632,986745.1145],[1812205.7454,986559.4495]",0,1,20-08-31,,4
3660000_CCTV_00118,서구,3660000,35333,대전광역시 서구 도마로 34(귀빈장마트),042-609-2852,36.32231193,127.3738887,"[1814063.4428,988677.4349],[1813763.5272,988662.4909],[1813894.8184,988817.6743],[1813909.7927,988517.6743]",0,1,20-08-31,,5
3660000_CCTV_00119,서구,3660000,35334,대전광역시 서구 도마로 34(귀빈장마트),042-609-2852,36.31912482,127.3737483,"[1813719.6453,988657.8231],[1813557.3338,988507.7922],[1813403.8318,988644.4187],[1813553.5903,988802.9277]",0,1,20-08-31,,5
3660000_CCTV_00120,서구,3660000,35329,대전광역시 서구 배재로 172번길 23(도마초등학교),042-609-2852,36.32414643,127.3717187,"[1814208.3305,988431.3511],[1814045.8212,988577.4656],[1814052.7325,988369.5408]",0,1,20-08-31,,5
3660000_CCTV_00121,서구,3660000,35368,대전광역시 서구 계백로 1135(MK 클리닉),042-609-2852,36.30476549,127.3494974,"[1812059.2107,986573.3165],[1812161.9151,986394.9755],[1812007.5198,986402.9161],[1811909.5416,986467.9458]",0,1,20-08-31,,3
3660000_CCTV_00122,서구,3660000,35368,대전광역시 서구 도안동로 3(리더스프라자),042-609-2852,36.32653925,127.3556762,"[1811995.3527,986602.0694],[1812108.9128,986723.5142]",0,1,20-08-31,,3
3660000_CCTV_00123,서구,3660000,35241,대전광역시 서구 둔산남로 103(오투저축은행 대전본점),042-609-2852,36.34931571,127.3890145,"[1816853.1044,989894.0417],[1817000.6751,990056.8180],[1816850.6921,990204.5641],[1816697.6041,990060.6760]",0,1,20-08-31,,5
3660000_CCTV_00124,서구,3660000,35209,대전광역시 서구 청사로 234(둥지네거리),042-609-2852,36.35951289,127.3898367,"[1818049.1435,989979.2980],[1817885.0250,990140.9016],[1818192.1875,990140.3195],[1818042.1875,990290.3195]",0,1,20-08-31,,5
3640000_CCTV_00032,동구,3640000,34629,대전광역시 동구 대전로 792(중앙동),042-609-2852,36.33033969,127.4334744,"[1814625.7652,994081.6969],[1814864.4373,993959.8989]",0,1,20-08-31,,1
